dataset,column_name,bronze_type,silver_type,transformation,nulls_before,nulls_after,conversion_errors,special_values_handled,status,reason
municipalidades_2022,VFI,object,dropped,drop_column,0,,0,0,DROPPED,VFI constante (100% = '1'); toda municipalidad respondió. Sin valor analítico diferenciador.
municipalidades_2022,VFI_C96,object,dropped,drop_column,0,,0,0,DROPPED,VFI constante (100% = '1'); sin variación.
municipalidades_2022,VFI_C97,object,dropped,drop_column,0,,0,0,DROPPED,VFI constante (100% = '1'); sin variación.
municipalidades_2022,VFI_P100,object,dropped,drop_column,0,,0,0,DROPPED,VFI constante (100% = '1'); sin variación.
municipalidades_2022,VFI_P101,object,dropped,drop_column,0,,0,0,DROPPED,VFI constante (100% = '1'); sin variación.
municipalidades_2022,VFI_P102,object,dropped,drop_column,0,,0,0,DROPPED,VFI constante (100% = '1'); sin variación.
municipalidades_2022,VFI_P11A,object,dropped,drop_column,0,,0,0,DROPPED,VFI constante (100% = '1'); sin variación.
municipalidades_2022,VFI_P11B,object,dropped,drop_column,0,,0,0,DROPPED,VFI constante (100% = '1'); sin variación.
municipalidades_2022,VFI_P12,object,dropped,drop_column,0,,0,0,DROPPED,VFI constante (100% = '1'); sin variación.
municipalidades_2022,VFI_P13,object,dropped,drop_column,0,,0,0,DROPPED,VFI constante (100% = '1'); sin variación.
municipalidades_2022,VFI_P14,object,dropped,drop_column,0,,0,0,DROPPED,VFI constante (100% = '1'); sin variación.
municipalidades_2022,VFI_P15,object,dropped,drop_column,0,,0,0,DROPPED,VFI constante (100% = '1'); sin variación.
municipalidades_2022,VFI_P16,object,dropped,drop_column,0,,0,0,DROPPED,VFI constante (100% = '1'); sin variación.
municipalidades_2022,VFI_P17,object,dropped,drop_column,0,,0,0,DROPPED,VFI constante (100% = '1'); sin variación.
municipalidades_2022,VFI_P18,object,dropped,drop_column,0,,0,0,DROPPED,VFI constante (100% = '1'); sin variación.
municipalidades_2022,VFI_P19,object,dropped,drop_column,0,,0,0,DROPPED,VFI constante (100% = '1'); sin variación.
municipalidades_2022,VFI_P19A,object,dropped,drop_column,0,,0,0,DROPPED,VFI constante (100% = '1'); sin variación.
municipalidades_2022,VFI_P20,object,dropped,drop_column,0,,0,0,DROPPED,VFI constante (100% = '1'); sin variación.
municipalidades_2022,VFI_P21,object,dropped,drop_column,0,,0,0,DROPPED,VFI constante (100% = '1'); sin variación.
municipalidades_2022,VFI_P22,object,dropped,drop_column,0,,0,0,DROPPED,VFI constante (100% = '1'); sin variación.
municipalidades_2022,VFI_P23,object,dropped,drop_column,0,,0,0,DROPPED,VFI constante (100% = '1'); sin variación.
municipalidades_2022,VFI_P24,object,dropped,drop_column,0,,0,0,DROPPED,VFI constante (100% = '1'); sin variación.
municipalidades_2022,VFI_P25,object,dropped,drop_column,0,,0,0,DROPPED,VFI constante (100% = '1'); sin variación.
municipalidades_2022,VFI_P26,object,dropped,drop_column,0,,0,0,DROPPED,VFI constante (100% = '1'); sin variación.
municipalidades_2022,VFI_P26A,object,dropped,drop_column,0,,0,0,DROPPED,VFI constante (100% = '1'); sin variación.
municipalidades_2022,VFI_P27,object,dropped,drop_column,0,,0,0,DROPPED,VFI constante (100% = '1'); sin variación.
municipalidades_2022,VFI_P28,object,dropped,drop_column,0,,0,0,DROPPED,VFI constante (100% = '1'); sin variación.
municipalidades_2022,VFI_P29,object,dropped,drop_column,0,,0,0,DROPPED,VFI constante (100% = '1'); sin variación.
municipalidades_2022,VFI_P30,object,dropped,drop_column,0,,0,0,DROPPED,VFI constante (100% = '1'); sin variación.
municipalidades_2022,VFI_P31,object,dropped,drop_column,0,,0,0,DROPPED,VFI constante (100% = '1'); sin variación.
municipalidades_2022,VFI_P32,object,dropped,drop_column,0,,0,0,DROPPED,VFI constante (100% = '1'); sin variación.
municipalidades_2022,VFI_P33,object,dropped,drop_column,0,,0,0,DROPPED,VFI constante (100% = '1'); sin variación.
municipalidades_2022,VFI_P34,object,dropped,drop_column,0,,0,0,DROPPED,VFI constante (100% = '1'); sin variación.
municipalidades_2022,VFI_P35,object,dropped,drop_column,0,,0,0,DROPPED,VFI constante (100% = '1'); sin variación.
municipalidades_2022,VFI_P36,object,dropped,drop_column,0,,0,0,DROPPED,VFI constante (100% = '1'); sin variación.
municipalidades_2022,VFI_P37,object,dropped,drop_column,0,,0,0,DROPPED,VFI constante (100% = '1'); sin variación.
municipalidades_2022,VFI_P38,object,dropped,drop_column,0,,0,0,DROPPED,VFI constante (100% = '1'); sin variación.
municipalidades_2022,VFI_P39B,object,dropped,drop_column,0,,0,0,DROPPED,VFI constante (100% = '1'); sin variación.
municipalidades_2022,VFI_P40,object,dropped,drop_column,0,,0,0,DROPPED,VFI constante (100% = '1'); sin variación.
municipalidades_2022,VFI_P41,object,dropped,drop_column,0,,0,0,DROPPED,VFI constante (100% = '1'); sin variación.
municipalidades_2022,VFI_P42,object,dropped,drop_column,0,,0,0,DROPPED,VFI constante (100% = '1'); sin variación.
municipalidades_2022,VFI_P43,object,dropped,drop_column,0,,0,0,DROPPED,VFI constante (100% = '1'); sin variación.
municipalidades_2022,VFI_P44,object,dropped,drop_column,0,,0,0,DROPPED,VFI constante (100% = '1'); sin variación.
municipalidades_2022,VFI_P46,object,dropped,drop_column,0,,0,0,DROPPED,VFI constante (100% = '1'); sin variación.
municipalidades_2022,VFI_P47,object,dropped,drop_column,0,,0,0,DROPPED,VFI constante (100% = '1'); sin variación.
municipalidades_2022,VFI_P48,object,dropped,drop_column,0,,0,0,DROPPED,VFI constante (100% = '1'); sin variación.
municipalidades_2022,VFI_P48B,object,dropped,drop_column,0,,0,0,DROPPED,VFI constante (100% = '1'); sin variación.
municipalidades_2022,VFI_P49,object,dropped,drop_column,0,,0,0,DROPPED,VFI constante (100% = '1'); sin variación.
municipalidades_2022,VFI_P50,object,dropped,drop_column,0,,0,0,DROPPED,VFI constante (100% = '1'); sin variación.
municipalidades_2022,VFI_P51,object,dropped,drop_column,0,,0,0,DROPPED,VFI constante (100% = '1'); sin variación.
municipalidades_2022,VFI_P52,object,dropped,drop_column,0,,0,0,DROPPED,VFI constante (100% = '1'); sin variación.
municipalidades_2022,VFI_P53,object,dropped,drop_column,0,,0,0,DROPPED,VFI constante (100% = '1'); sin variación.
municipalidades_2022,VFI_P54,object,dropped,drop_column,0,,0,0,DROPPED,VFI constante (100% = '1'); sin variación.
municipalidades_2022,VFI_P55,object,dropped,drop_column,0,,0,0,DROPPED,VFI constante (100% = '1'); sin variación.
municipalidades_2022,VFI_P56,object,dropped,drop_column,0,,0,0,DROPPED,VFI constante (100% = '1'); sin variación.
municipalidades_2022,VFI_P57,object,dropped,drop_column,0,,0,0,DROPPED,VFI constante (100% = '1'); sin variación.
municipalidades_2022,VFI_P58,object,dropped,drop_column,0,,0,0,DROPPED,VFI constante (100% = '1'); sin variación.
municipalidades_2022,VFI_P59,object,dropped,drop_column,0,,0,0,DROPPED,VFI constante (100% = '1'); sin variación.
municipalidades_2022,VFI_P60A,object,dropped,drop_column,0,,0,0,DROPPED,VFI constante (100% = '1'); sin variación.
municipalidades_2022,VFI_P60B,object,dropped,drop_column,0,,0,0,DROPPED,VFI constante (100% = '1'); sin variación.
municipalidades_2022,VFI_P61,object,dropped,drop_column,0,,0,0,DROPPED,VFI constante (100% = '1'); sin variación.
municipalidades_2022,VFI_P62,object,dropped,drop_column,0,,0,0,DROPPED,VFI constante (100% = '1'); sin variación.
municipalidades_2022,VFI_P63,object,dropped,drop_column,0,,0,0,DROPPED,VFI constante (100% = '1'); sin variación.
municipalidades_2022,VFI_P64,object,dropped,drop_column,0,,0,0,DROPPED,VFI constante (100% = '1'); sin variación.
municipalidades_2022,VFI_P66,object,dropped,drop_column,0,,0,0,DROPPED,VFI constante (100% = '1'); sin variación.
municipalidades_2022,VFI_P67,object,dropped,drop_column,0,,0,0,DROPPED,VFI constante (100% = '1'); sin variación.
municipalidades_2022,VFI_P68,object,dropped,drop_column,0,,0,0,DROPPED,VFI constante (100% = '1'); sin variación.
municipalidades_2022,VFI_P69,object,dropped,drop_column,0,,0,0,DROPPED,VFI constante (100% = '1'); sin variación.
municipalidades_2022,VFI_P70,object,dropped,drop_column,0,,0,0,DROPPED,VFI constante (100% = '1'); sin variación.
municipalidades_2022,VFI_P71,object,dropped,drop_column,0,,0,0,DROPPED,VFI constante (100% = '1'); sin variación.
municipalidades_2022,VFI_P72A,object,dropped,drop_column,0,,0,0,DROPPED,VFI constante (100% = '1'); sin variación.
municipalidades_2022,VFI_P72B,object,dropped,drop_column,0,,0,0,DROPPED,VFI constante (100% = '1'); sin variación.
municipalidades_2022,VFI_P73,object,dropped,drop_column,0,,0,0,DROPPED,VFI constante (100% = '1'); sin variación.
municipalidades_2022,VFI_P74,object,dropped,drop_column,0,,0,0,DROPPED,VFI constante (100% = '1'); sin variación.
municipalidades_2022,VFI_P75,object,dropped,drop_column,0,,0,0,DROPPED,VFI constante (100% = '1'); sin variación.
municipalidades_2022,VFI_P76,object,dropped,drop_column,0,,0,0,DROPPED,VFI constante (100% = '1'); sin variación.
municipalidades_2022,VFI_P77,object,dropped,drop_column,0,,0,0,DROPPED,VFI constante (100% = '1'); sin variación.
municipalidades_2022,VFI_P78,object,dropped,drop_column,0,,0,0,DROPPED,VFI constante (100% = '1'); sin variación.
municipalidades_2022,VFI_P79,object,dropped,drop_column,0,,0,0,DROPPED,VFI constante (100% = '1'); sin variación.
municipalidades_2022,VFI_P80,object,dropped,drop_column,0,,0,0,DROPPED,VFI constante (100% = '1'); sin variación.
municipalidades_2022,VFI_P84A,object,dropped,drop_column,0,,0,0,DROPPED,VFI constante (100% = '1'); sin variación.
municipalidades_2022,VFI_P85,object,dropped,drop_column,0,,0,0,DROPPED,VFI constante (100% = '1'); sin variación.
municipalidades_2022,VFI_P86,object,dropped,drop_column,0,,0,0,DROPPED,VFI constante (100% = '1'); sin variación.
municipalidades_2022,VFI_P87,object,dropped,drop_column,0,,0,0,DROPPED,VFI constante (100% = '1'); sin variación.
municipalidades_2022,VFI_P87A,object,dropped,drop_column,0,,0,0,DROPPED,VFI constante (100% = '1'); sin variación.
municipalidades_2022,VFI_P88,object,dropped,drop_column,0,,0,0,DROPPED,VFI constante (100% = '1'); sin variación.
municipalidades_2022,VFI_P89,object,dropped,drop_column,0,,0,0,DROPPED,VFI constante (100% = '1'); sin variación.
municipalidades_2022,VFI_P90,object,dropped,drop_column,0,,0,0,DROPPED,VFI constante (100% = '1'); sin variación.
municipalidades_2022,VFI_P94,object,dropped,drop_column,0,,0,0,DROPPED,VFI constante (100% = '1'); sin variación.
municipalidades_2022,VFI_P95,object,dropped,drop_column,0,,0,0,DROPPED,VFI constante (100% = '1'); sin variación.
municipalidades_2022,VFI_P96,object,dropped,drop_column,0,,0,0,DROPPED,VFI constante (100% = '1'); sin variación.
municipalidades_2022,VFI_P97,object,dropped,drop_column,0,,0,0,DROPPED,VFI constante (100% = '1'); sin variación.
municipalidades_2022,VFI_P98,object,dropped,drop_column,0,,0,0,DROPPED,VFI constante (100% = '1'); sin variación.
municipalidades_2022,VFI_P99,object,dropped,drop_column,0,,0,0,DROPPED,VFI constante (100% = '1'); sin variación.
municipalidades_2022,Año,object,object,kept_without_explicit_rule,0,0.0,0,0,OK,
municipalidades_2022,idmunici,object,object,kept_without_explicit_rule,0,0.0,0,0,OK,
municipalidades_2022,ccdd,object,object,kept_without_explicit_rule,0,0.0,0,0,OK,preserve_as_string: Código de departamento; se conserva como texto por convención INEI (formato '01'-'25').
municipalidades_2022,ccpp,object,object,kept_without_explicit_rule,0,0.0,0,0,OK,preserve_as_string: Código de provincia; se conserva como texto por convención INEI.
municipalidades_2022,ccdi,object,object,kept_without_explicit_rule,0,0.0,0,0,OK,preserve_as_string: Código de distrito; se conserva como texto por convención INEI.
municipalidades_2022,Ubigeo,object,object,kept_without_explicit_rule,0,0.0,0,0,OK,preserve_as_string: CRÍTICO: min numérico=10101 implica pérdida del cero inicial ('010101'→10101). Debe ser string.
municipalidades_2022,Departamento,object,string,cast_to_string_nullable,0,0.0,0,0,OK,
municipalidades_2022,Provincia,object,string,cast_to_string_nullable,0,0.0,0,0,OK,
municipalidades_2022,Distrito,object,string,cast_to_string_nullable,0,0.0,0,0,OK,
municipalidades_2022,Tipomuni,object,object,kept_without_explicit_rule,0,0.0,0,0,OK,"preserve_as_string: Código categórico (1=Provincial, 2=Distrital, 3=Centro Poblado); texto para integración con diccionario."
municipalidades_2022,P04_1,object,Int64,cast_to_integer_nullable,0,0.0,0,0,OK,
municipalidades_2022,P04_2,object,object,kept_without_explicit_rule,0,0.0,0,0,OK,
municipalidades_2022,P04_3,object,object,kept_without_explicit_rule,87,87.0,0,0,OK,
municipalidades_2022,P04_4,object,object,kept_without_explicit_rule,1597,1597.0,0,0,OK,
municipalidades_2022,P04_5,object,object,kept_without_explicit_rule,1605,1605.0,0,0,OK,
municipalidades_2022,P04_6,object,Float64,cast_to_decimal_nullable,1751,1751.0,0,0,OK,
municipalidades_2022,P05_CC,object,Int64,cast_to_integer_nullable,0,0.0,0,0,OK,
municipalidades_2022,P05_1,object,Int64,cast_to_integer_nullable,1283,1283.0,0,0,OK,
municipalidades_2022,P05_2,object,Int64,cast_to_integer_nullable,871,871.0,0,0,OK,
municipalidades_2022,P05_3,object,Int64,cast_to_integer_nullable,1419,1419.0,0,0,OK,
municipalidades_2022,P06_CC,object,Int64,cast_to_integer_nullable,0,0.0,0,0,OK,
municipalidades_2022,P06,object,Int64,cast_to_integer_nullable,151,151.0,0,0,OK,
municipalidades_2022,P07,object,object,kept_without_explicit_rule,698,698.0,0,0,OK,
municipalidades_2022,P08,object,object,kept_without_explicit_rule,102,102.0,0,0,OK,
municipalidades_2022,P09,object,object,kept_without_explicit_rule,1137,1137.0,0,0,OK,
municipalidades_2022,P10_1,object,object,kept_without_explicit_rule,0,0.0,0,0,OK,
municipalidades_2022,P10_2,object,object,kept_without_explicit_rule,0,0.0,0,0,OK,
municipalidades_2022,P10_3,object,object,kept_without_explicit_rule,0,0.0,0,0,OK,
municipalidades_2022,P10_4,object,Int64,cast_to_integer_nullable,0,0.0,0,0,OK,
municipalidades_2022,P11A_1,object,Int64,cast_to_integer_nullable,0,0.0,0,0,OK,
municipalidades_2022,P11A_1_1,object,Int64,cast_to_integer_nullable,355,355.0,0,0,OK,
municipalidades_2022,P11A_1_2,object,Int64,cast_to_integer_nullable,355,355.0,0,0,OK,
municipalidades_2022,P11A_2,object,Int64,cast_to_integer_nullable,0,0.0,0,0,OK,
municipalidades_2022,P11A_2_1,object,Int64,cast_to_integer_nullable,345,345.0,0,0,OK,
municipalidades_2022,P11A_2_2,object,Int64,cast_to_integer_nullable,345,345.0,0,0,OK,
municipalidades_2022,P11A_3,object,Int64,cast_to_integer_nullable,0,0.0,0,0,OK,
municipalidades_2022,P11A_3_1,object,Int64,cast_to_integer_nullable,1599,1599.0,0,0,OK,
municipalidades_2022,P11A_3_2,object,Int64,cast_to_integer_nullable,1599,1599.0,0,0,OK,
municipalidades_2022,P11A_4,object,Int64,cast_to_integer_nullable,0,0.0,0,0,OK,
municipalidades_2022,P11A_4_1,object,Int64,cast_to_integer_nullable,571,571.0,0,0,OK,
municipalidades_2022,P11A_4_2,object,Int64,cast_to_integer_nullable,571,571.0,0,0,OK,
municipalidades_2022,P11A_5,object,Int64,cast_to_integer_nullable,0,0.0,0,0,OK,
municipalidades_2022,P11A_5_1,object,Int64,cast_to_integer_nullable,999,999.0,0,0,OK,
municipalidades_2022,P11A_5_2,object,Int64,cast_to_integer_nullable,999,999.0,0,0,OK,
municipalidades_2022,P11A_6,object,Int64,cast_to_integer_nullable,0,0.0,0,0,OK,
municipalidades_2022,P11A_6_1,object,Int64,cast_to_integer_nullable,1439,1439.0,0,0,OK,
municipalidades_2022,P11A_6_2,object,Int64,cast_to_integer_nullable,1439,1439.0,0,0,OK,
municipalidades_2022,P11A_7,object,Int64,cast_to_integer_nullable,0,0.0,0,0,OK,
municipalidades_2022,P11A_7_1,object,Int64,cast_to_integer_nullable,1252,1252.0,0,0,OK,
municipalidades_2022,P11A_7_2,object,Int64,cast_to_integer_nullable,1252,1252.0,0,0,OK,
municipalidades_2022,P11A_8,object,Int64,cast_to_integer_nullable,0,0.0,0,0,OK,
municipalidades_2022,P11A_8_1,object,Int64,cast_to_integer_nullable,1384,1384.0,0,0,OK,
municipalidades_2022,P11A_8_2,object,Int64,cast_to_integer_nullable,1384,1384.0,0,0,OK,
municipalidades_2022,P11A_9,object,Int64,cast_to_integer_nullable,0,0.0,0,0,OK,
municipalidades_2022,P11A_9_1,object,Int64,cast_to_integer_nullable,1772,1772.0,0,0,OK,
municipalidades_2022,P11A_9_2,object,Int64,cast_to_integer_nullable,1772,1772.0,0,0,OK,
municipalidades_2022,P11A_10,object,Int64,cast_to_integer_nullable,0,0.0,0,0,OK,
municipalidades_2022,P11A_10_1,object,Int64,cast_to_integer_nullable,1278,1278.0,0,0,OK,
municipalidades_2022,P11A_10_2,object,Int64,cast_to_integer_nullable,1278,1278.0,0,0,OK,
municipalidades_2022,P11A_10_O,object,object,kept_without_explicit_rule,1278,1278.0,0,0,OK,"documented_null_columns: Texto libre 'Otro tipo de acceso a internet'; solo aplica cuando P11A_10=1. Quality: 1,278 vacíos (68.2%). Vacío estructural documentado."
municipalidades_2022,P11B_11,object,Int64,cast_to_integer_nullable,0,0.0,0,0,OK,
municipalidades_2022,P11B_11_1,object,Int64,cast_to_integer_nullable,1555,1555.0,0,0,OK,
municipalidades_2022,P11B_11_2,object,Int64,cast_to_integer_nullable,1555,1555.0,0,0,OK,
municipalidades_2022,P11B_12,object,Int64,cast_to_integer_nullable,0,0.0,0,0,OK,
municipalidades_2022,P11B_12_1,object,Int64,cast_to_integer_nullable,1193,1193.0,0,0,OK,
municipalidades_2022,P11B_12_2,object,Int64,cast_to_integer_nullable,1193,1193.0,0,0,OK,
municipalidades_2022,P11B_13,object,Int64,cast_to_integer_nullable,0,0.0,0,0,OK,
municipalidades_2022,P11B_13_1,object,Int64,cast_to_integer_nullable,1304,1304.0,0,0,OK,
municipalidades_2022,P11B_13_2,object,Int64,cast_to_integer_nullable,1304,1304.0,0,0,OK,
municipalidades_2022,P11B_14,object,Int64,cast_to_integer_nullable,0,0.0,0,0,OK,
municipalidades_2022,P11B_14_1,object,Int64,cast_to_integer_nullable,980,980.0,0,0,OK,
municipalidades_2022,P11B_14_2,object,Int64,cast_to_integer_nullable,980,980.0,0,0,OK,
municipalidades_2022,P11B_15,object,Int64,cast_to_integer_nullable,0,0.0,0,0,OK,
municipalidades_2022,P11B_15_1,object,Int64,cast_to_integer_nullable,1189,1189.0,0,0,OK,
municipalidades_2022,P11B_15_2,object,Int64,cast_to_integer_nullable,1189,1189.0,0,0,OK,
municipalidades_2022,P11B_16,object,Int64,cast_to_integer_nullable,0,0.0,0,0,OK,
municipalidades_2022,P11B_16_1,object,Int64,cast_to_integer_nullable,1410,1410.0,0,0,OK,
municipalidades_2022,P11B_16_2,object,Int64,cast_to_integer_nullable,1410,1410.0,0,0,OK,
municipalidades_2022,P11B_17,object,Int64,cast_to_integer_nullable,0,0.0,0,0,OK,
municipalidades_2022,P11B_17_1,object,Int64,cast_to_integer_nullable,1487,1487.0,0,0,OK,
municipalidades_2022,P11B_17_2,object,Int64,cast_to_integer_nullable,1487,1487.0,0,0,OK,
municipalidades_2022,P11B_18,object,Int64,cast_to_integer_nullable,0,0.0,0,0,OK,
municipalidades_2022,P11B_18_1,object,Int64,cast_to_integer_nullable,1702,1702.0,0,0,OK,
municipalidades_2022,P11B_18_2,object,Int64,cast_to_integer_nullable,1702,1702.0,0,0,OK,
municipalidades_2022,P11B_18_O,object,object,kept_without_explicit_rule,1702,1702.0,0,0,OK,"documented_null_columns: Texto libre 'Otro equipo tecnológico'; solo aplica al elegir opción 'Otro'. Quality: 1,702 vacíos (90.8%). Vacío estructural documentado."
municipalidades_2022,P12_1,object,Int64,cast_to_integer_nullable,0,0.0,0,0,OK,
municipalidades_2022,P12A_1,object,Int64,cast_to_integer_nullable,1264,1264.0,0,0,OK,
municipalidades_2022,P12_2,object,Int64,cast_to_integer_nullable,0,0.0,0,0,OK,
municipalidades_2022,P12A_2,object,Int64,cast_to_integer_nullable,813,813.0,0,0,OK,
municipalidades_2022,P13_1,object,Int64,cast_to_integer_nullable,0,0.0,0,0,OK,
municipalidades_2022,P13A_1,object,Int64,cast_to_integer_nullable,1272,1272.0,0,0,OK,
municipalidades_2022,P13_2,object,Int64,cast_to_integer_nullable,0,0.0,0,0,OK,
municipalidades_2022,P13A_2,object,Int64,cast_to_integer_nullable,1437,1437.0,0,0,OK,
municipalidades_2022,P13_3,object,Int64,cast_to_integer_nullable,0,0.0,0,0,OK,
municipalidades_2022,P13A_3,object,Int64,cast_to_integer_nullable,1168,1168.0,0,0,OK,
municipalidades_2022,P13_4,object,Int64,cast_to_integer_nullable,0,0.0,0,0,OK,
municipalidades_2022,P13A_4,object,Int64,cast_to_integer_nullable,1477,1477.0,0,0,OK,
municipalidades_2022,P13_5,object,Int64,cast_to_integer_nullable,0,0.0,0,0,OK,
municipalidades_2022,P13A_5,object,Int64,cast_to_integer_nullable,419,419.0,0,0,OK,
municipalidades_2022,P13_6,object,Int64,cast_to_integer_nullable,0,0.0,0,0,OK,
municipalidades_2022,P13A_6,object,Int64,cast_to_integer_nullable,367,367.0,0,0,OK,
municipalidades_2022,P13_7,object,Int64,cast_to_integer_nullable,0,0.0,0,0,OK,
municipalidades_2022,P13A_7,object,Int64,cast_to_integer_nullable,581,581.0,0,0,OK,
municipalidades_2022,P13_8,object,Int64,cast_to_integer_nullable,0,0.0,0,0,OK,
municipalidades_2022,P13A_8,object,Int64,cast_to_integer_nullable,1350,1350.0,0,0,OK,
municipalidades_2022,P13_9,object,Int64,cast_to_integer_nullable,0,0.0,0,0,OK,
municipalidades_2022,P13A_9,object,Int64,cast_to_integer_nullable,1623,1623.0,0,0,OK,
municipalidades_2022,P13A_9_O,object,object,kept_without_explicit_rule,1623,1623.0,0,0,OK,"documented_null_columns: Texto libre 'Otro software'; solo aplica al elegir opción 'Otro'. Quality: 1,623 vacíos (86.6%). Vacío estructural documentado."
municipalidades_2022,P14,object,Int64,cast_to_integer_nullable,0,0.0,0,0,OK,
municipalidades_2022,P14A_1,object,Int64,cast_to_integer_nullable,76,76.0,0,0,OK,
municipalidades_2022,P14A_2,object,Int64,cast_to_integer_nullable,76,76.0,0,0,OK,
municipalidades_2022,P15_1,object,Int64,cast_to_integer_nullable,0,0.0,0,0,OK,
municipalidades_2022,P15A_1,object,Int64,cast_to_integer_nullable,596,596.0,0,0,OK,
municipalidades_2022,P15_2,object,Int64,cast_to_integer_nullable,0,0.0,0,0,OK,
municipalidades_2022,P15A_2,object,Int64,cast_to_integer_nullable,1216,1216.0,0,0,OK,
municipalidades_2022,P15_3,object,Int64,cast_to_integer_nullable,0,0.0,0,0,OK,
municipalidades_2022,P15A_3,object,Int64,cast_to_integer_nullable,586,586.0,0,0,OK,
municipalidades_2022,P15_4,object,Int64,cast_to_integer_nullable,0,0.0,0,0,OK,
municipalidades_2022,P15A_4,object,Int64,cast_to_integer_nullable,98,98.0,0,0,OK,
municipalidades_2022,P15_5,object,Int64,cast_to_integer_nullable,0,0.0,0,0,OK,
municipalidades_2022,P15A_5,object,Int64,cast_to_integer_nullable,413,413.0,0,0,OK,
municipalidades_2022,P15_6,object,Int64,cast_to_integer_nullable,0,0.0,0,0,OK,
municipalidades_2022,P15A_6,object,Int64,cast_to_integer_nullable,1632,1632.0,0,0,OK,
municipalidades_2022,P15A_6_O,object,object,kept_without_explicit_rule,1632,1632.0,0,0,OK,"documented_null_columns: Texto libre 'Otra fuente de energía'; solo aplica al elegir opción 'Otro'. Quality: 1,632 vacíos (87.1%). Vacío estructural documentado."
municipalidades_2022,P16_1,object,object,kept_without_explicit_rule,0,0.0,0,0,OK,
municipalidades_2022,P16_2,object,Int64,cast_to_integer_nullable,0,0.0,0,0,OK,
municipalidades_2022,P16_3,object,Int64,cast_to_integer_nullable,0,0.0,0,0,OK,
municipalidades_2022,P16_4,object,Int64,cast_to_integer_nullable,0,0.0,0,0,OK,
municipalidades_2022,P16_5,object,Int64,cast_to_integer_nullable,0,0.0,0,0,OK,
municipalidades_2022,P16_6,object,Int64,cast_to_integer_nullable,0,0.0,0,0,OK,
municipalidades_2022,P16_7,object,Int64,cast_to_integer_nullable,0,0.0,0,0,OK,
municipalidades_2022,P16_8,object,Int64,cast_to_integer_nullable,0,0.0,0,0,OK,
municipalidades_2022,P16_9,object,Int64,cast_to_integer_nullable,0,0.0,0,0,OK,
municipalidades_2022,P16_9_O,object,object,kept_without_explicit_rule,1757,1757.0,0,0,OK,"documented_null_columns: Texto libre 'Otro servicio de agua'; solo aplica al elegir opción 'Otro'. Quality: 1,757 vacíos (93.8%). Vacío estructural documentado."
municipalidades_2022,P17_1,object,object,kept_without_explicit_rule,0,0.0,0,0,OK,
municipalidades_2022,P17_2,object,Int64,cast_to_integer_nullable,0,0.0,0,0,OK,
municipalidades_2022,P17_3,object,Int64,cast_to_integer_nullable,0,0.0,0,0,OK,
municipalidades_2022,P17_4,object,Int64,cast_to_integer_nullable,0,0.0,0,0,OK,
municipalidades_2022,P17_5,object,Int64,cast_to_integer_nullable,0,0.0,0,0,OK,
municipalidades_2022,P17_6,object,Int64,cast_to_integer_nullable,0,0.0,0,0,OK,
municipalidades_2022,P17_7,object,Int64,cast_to_integer_nullable,0,0.0,0,0,OK,
municipalidades_2022,P17_8,object,Int64,cast_to_integer_nullable,0,0.0,0,0,OK,
municipalidades_2022,P17_9,object,Int64,cast_to_integer_nullable,0,0.0,0,0,OK,
municipalidades_2022,P17_10,object,Int64,cast_to_integer_nullable,0,0.0,0,0,OK,
municipalidades_2022,P17_11,object,Int64,cast_to_integer_nullable,0,0.0,0,0,OK,
municipalidades_2022,P17_12,object,Int64,cast_to_integer_nullable,0,0.0,0,0,OK,
municipalidades_2022,P17_13,object,Int64,cast_to_integer_nullable,0,0.0,0,0,OK,
municipalidades_2022,P17_13_O,object,object,kept_without_explicit_rule,1810,1810.0,0,0,OK,"documented_null_columns: Texto libre 'Otro tipo de residuo'; solo aplica al elegir opción 'Otro'. Quality: 1,810 vacíos (96.6%). Vacío estructural documentado."
municipalidades_2022,P17_14,object,Int64,cast_to_integer_nullable,0,0.0,0,0,OK,
municipalidades_2022,P18,object,Int64,cast_to_integer_nullable,0,0.0,0,0,OK,
municipalidades_2022,P18_Portal,object,object,kept_without_explicit_rule,1156,1156.0,0,0,OK,
municipalidades_2022,P19D_T,object,Int64,cast_to_integer_nullable,0,0.0,0,0,OK,
municipalidades_2022,P19D_NM,object,Int64,cast_to_integer_nullable,0,0.0,0,0,OK,
municipalidades_2022,P19D_NH,object,Int64,cast_to_integer_nullable,0,0.0,0,0,OK,
municipalidades_2022,P19D_CM,object,Int64,cast_to_integer_nullable,0,0.0,0,0,OK,
municipalidades_2022,P19D_CH,object,Int64,cast_to_integer_nullable,0,0.0,0,0,OK,
municipalidades_2022,P19D_LM,object,Int64,cast_to_integer_nullable,0,0.0,0,0,OK,
municipalidades_2022,P19D_LH,object,Int64,cast_to_integer_nullable,0,0.0,0,0,OK,
municipalidades_2022,P19D_VM,object,Int64,cast_to_integer_nullable,0,0.0,0,0,OK,
municipalidades_2022,P19D_VH,object,Int64,cast_to_integer_nullable,0,0.0,0,0,OK,
municipalidades_2022,P19_1_T,object,Int64,cast_to_integer_nullable,0,0.0,0,0,OK,
municipalidades_2022,P19_1_NM,object,Int64,cast_to_integer_nullable,0,0.0,0,0,OK,
municipalidades_2022,P19_1_NH,object,Int64,cast_to_integer_nullable,0,0.0,0,0,OK,
municipalidades_2022,P19_1_CM,object,Int64,cast_to_integer_nullable,0,0.0,0,0,OK,
municipalidades_2022,P19_1_CH,object,Int64,cast_to_integer_nullable,0,0.0,0,0,OK,
municipalidades_2022,P19_1_LM,object,object,kept_without_explicit_rule,0,0.0,0,0,OK,
municipalidades_2022,P19_1_LH,object,object,kept_without_explicit_rule,0,0.0,0,0,OK,
municipalidades_2022,P19_1_VM,object,Int64,cast_to_integer_nullable,0,0.0,0,0,OK,
municipalidades_2022,P19_1_VH,object,Int64,cast_to_integer_nullable,0,0.0,0,0,OK,
municipalidades_2022,P19_2_T,object,Int64,cast_to_integer_nullable,0,0.0,0,0,OK,
municipalidades_2022,P19_2_NM,object,Int64,cast_to_integer_nullable,0,0.0,0,0,OK,
municipalidades_2022,P19_2_NH,object,Int64,cast_to_integer_nullable,0,0.0,0,0,OK,
municipalidades_2022,P19_2_CM,object,Int64,cast_to_integer_nullable,0,0.0,0,0,OK,
municipalidades_2022,P19_2_CH,object,Int64,cast_to_integer_nullable,0,0.0,0,0,OK,
municipalidades_2022,P19_2_LM,object,Int64,cast_to_integer_nullable,0,0.0,0,0,OK,
municipalidades_2022,P19_2_LH,object,Int64,cast_to_integer_nullable,0,0.0,0,0,OK,
municipalidades_2022,P19_2_VM,object,Int64,cast_to_integer_nullable,0,0.0,0,0,OK,
municipalidades_2022,P19_2_VH,object,Int64,cast_to_integer_nullable,0,0.0,0,0,OK,
municipalidades_2022,P19_3_T,object,Int64,cast_to_integer_nullable,0,0.0,0,0,OK,
municipalidades_2022,P19_3_NM,object,Int64,cast_to_integer_nullable,0,0.0,0,0,OK,
municipalidades_2022,P19_3_NH,object,Int64,cast_to_integer_nullable,0,0.0,0,0,OK,
municipalidades_2022,P19_3_CM,object,Int64,cast_to_integer_nullable,0,0.0,0,0,OK,
municipalidades_2022,P19_3_CH,object,Int64,cast_to_integer_nullable,0,0.0,0,0,OK,
municipalidades_2022,P19_3_LM,object,Int64,cast_to_integer_nullable,0,0.0,0,0,OK,
municipalidades_2022,P19_3_LH,object,Int64,cast_to_integer_nullable,0,0.0,0,0,OK,
municipalidades_2022,P19_3_VM,object,Int64,cast_to_integer_nullable,0,0.0,0,0,OK,
municipalidades_2022,P19_3_VH,object,Int64,cast_to_integer_nullable,0,0.0,0,0,OK,
municipalidades_2022,P19_4_T,object,Int64,cast_to_integer_nullable,0,0.0,0,0,OK,
municipalidades_2022,P19_4_NM,object,Int64,cast_to_integer_nullable,0,0.0,0,0,OK,
municipalidades_2022,P19_4_NH,object,Int64,cast_to_integer_nullable,0,0.0,0,0,OK,
municipalidades_2022,P19_4_CM,object,Int64,cast_to_integer_nullable,0,0.0,0,0,OK,
municipalidades_2022,P19_4_CH,object,Int64,cast_to_integer_nullable,0,0.0,0,0,OK,
municipalidades_2022,P19_4_LM,object,Int64,cast_to_integer_nullable,0,0.0,0,0,OK,
municipalidades_2022,P19_4_LH,object,Int64,cast_to_integer_nullable,0,0.0,0,0,OK,
municipalidades_2022,P19_4_VM,object,Int64,cast_to_integer_nullable,0,0.0,0,0,OK,
municipalidades_2022,P19_4_VH,object,Int64,cast_to_integer_nullable,0,0.0,0,0,OK,
municipalidades_2022,P19_5_T,object,Int64,cast_to_integer_nullable,0,0.0,0,0,OK,
municipalidades_2022,P19_5_NM,object,Int64,cast_to_integer_nullable,0,0.0,0,0,OK,
municipalidades_2022,P19_5_NH,object,Int64,cast_to_integer_nullable,0,0.0,0,0,OK,
municipalidades_2022,P19_5_CM,object,Int64,cast_to_integer_nullable,0,0.0,0,0,OK,
municipalidades_2022,P19_5_CH,object,Int64,cast_to_integer_nullable,0,0.0,0,0,OK,
municipalidades_2022,P19_5_LM,object,Int64,cast_to_integer_nullable,0,0.0,0,0,OK,
municipalidades_2022,P19_5_LH,object,Int64,cast_to_integer_nullable,0,0.0,0,0,OK,
municipalidades_2022,P19_5_VM,object,Int64,cast_to_integer_nullable,0,0.0,0,0,OK,
municipalidades_2022,P19_5_VH,object,Int64,cast_to_integer_nullable,0,0.0,0,0,OK,
municipalidades_2022,P19_6_T,object,Int64,cast_to_integer_nullable,0,0.0,0,0,OK,
municipalidades_2022,P19_6_NM,object,Int64,cast_to_integer_nullable,0,0.0,0,0,OK,
municipalidades_2022,P19_6_NH,object,Int64,cast_to_integer_nullable,0,0.0,0,0,OK,
municipalidades_2022,P19_6_CM,object,Int64,cast_to_integer_nullable,0,0.0,0,0,OK,
municipalidades_2022,P19_6_CH,object,Int64,cast_to_integer_nullable,0,0.0,0,0,OK,
municipalidades_2022,P19_6_LM,object,Int64,cast_to_integer_nullable,0,0.0,0,0,OK,
municipalidades_2022,P19_6_LH,object,Int64,cast_to_integer_nullable,0,0.0,0,0,OK,
municipalidades_2022,P19_6_VM,object,Int64,cast_to_integer_nullable,0,0.0,0,0,OK,
municipalidades_2022,P19_6_VH,object,Int64,cast_to_integer_nullable,0,0.0,0,0,OK,
municipalidades_2022,P19_7_T,object,Int64,cast_to_integer_nullable,0,0.0,0,0,OK,
municipalidades_2022,P19_7_NM,object,Int64,cast_to_integer_nullable,0,0.0,0,0,OK,
municipalidades_2022,P19_7_NH,object,Int64,cast_to_integer_nullable,0,0.0,0,0,OK,
municipalidades_2022,P19_7_CM,object,Int64,cast_to_integer_nullable,0,0.0,0,0,OK,
municipalidades_2022,P19_7_CH,object,Int64,cast_to_integer_nullable,0,0.0,0,0,OK,
municipalidades_2022,P19_7_LM,object,Int64,cast_to_integer_nullable,0,0.0,0,0,OK,
municipalidades_2022,P19_7_LH,object,Int64,cast_to_integer_nullable,0,0.0,0,0,OK,
municipalidades_2022,P19_7_VM,object,Int64,cast_to_integer_nullable,0,0.0,0,0,OK,
municipalidades_2022,P19_7_VH,object,Int64,cast_to_integer_nullable,0,0.0,0,0,OK,
municipalidades_2022,P19M_T,object,Int64,cast_to_integer_nullable,0,0.0,0,0,OK,
municipalidades_2022,P19M_NM,object,Int64,cast_to_integer_nullable,0,0.0,0,0,OK,
municipalidades_2022,P19M_NH,object,Int64,cast_to_integer_nullable,0,0.0,0,0,OK,
municipalidades_2022,P19M_CM,object,Int64,cast_to_integer_nullable,0,0.0,0,0,OK,
municipalidades_2022,P19M_CH,object,Int64,cast_to_integer_nullable,0,0.0,0,0,OK,
municipalidades_2022,P19M_LM,object,Int64,cast_to_integer_nullable,0,0.0,0,0,OK,
municipalidades_2022,P19M_LH,object,Int64,cast_to_integer_nullable,0,0.0,0,0,OK,
municipalidades_2022,P19M_VM,object,Int64,cast_to_integer_nullable,0,0.0,0,0,OK,
municipalidades_2022,P19M_VH,object,Int64,cast_to_integer_nullable,0,0.0,0,0,OK,
municipalidades_2022,P19A,object,Int64,cast_to_integer_nullable,0,0.0,0,0,OK,
municipalidades_2022,P19A_1_T,object,Int64,cast_to_integer_nullable,76,76.0,0,0,OK,
municipalidades_2022,P19A_1_M,object,Int64,cast_to_integer_nullable,76,76.0,0,0,OK,
municipalidades_2022,P19A_1_H,object,Int64,cast_to_integer_nullable,76,76.0,0,0,OK,
municipalidades_2022,P19A_2_T,object,Int64,cast_to_integer_nullable,76,76.0,0,0,OK,
municipalidades_2022,P19A_2_M,object,Int64,cast_to_integer_nullable,76,76.0,0,0,OK,
municipalidades_2022,P19A_2_H,object,Int64,cast_to_integer_nullable,76,76.0,0,0,OK,
municipalidades_2022,P20,object,Int64,cast_to_integer_nullable,0,0.0,0,0,OK,
municipalidades_2022,P20_1_T,object,Int64,cast_to_integer_nullable,901,901.0,0,0,OK,
municipalidades_2022,P20_1_M,object,Int64,cast_to_integer_nullable,901,901.0,0,0,OK,
municipalidades_2022,P20_1_H,object,Int64,cast_to_integer_nullable,901,901.0,0,0,OK,
municipalidades_2022,P20_2_T,object,Int64,cast_to_integer_nullable,901,901.0,0,0,OK,
municipalidades_2022,P20_2_M,object,Int64,cast_to_integer_nullable,901,901.0,0,0,OK,
municipalidades_2022,P20_2_H,object,Int64,cast_to_integer_nullable,901,901.0,0,0,OK,
municipalidades_2022,P21,object,Int64,cast_to_integer_nullable,0,0.0,0,0,OK,
municipalidades_2022,P21_1_T,object,Int64,cast_to_integer_nullable,1333,1333.0,0,0,OK,
municipalidades_2022,P21_1_M,object,Int64,cast_to_integer_nullable,1333,1333.0,0,0,OK,
municipalidades_2022,P21_1_H,object,Int64,cast_to_integer_nullable,1333,1333.0,0,0,OK,
municipalidades_2022,P21_1_T_20,object,Int64,cast_to_integer_nullable,1333,1333.0,0,0,OK,
municipalidades_2022,P21_1_M_20,object,Int64,cast_to_integer_nullable,1333,1333.0,0,0,OK,
municipalidades_2022,P21_1_H_20,object,Int64,cast_to_integer_nullable,1333,1333.0,0,0,OK,
municipalidades_2022,P21_2_T,object,Int64,cast_to_integer_nullable,1333,1333.0,0,0,OK,
municipalidades_2022,P21_2_M,object,Int64,cast_to_integer_nullable,1333,1333.0,0,0,OK,
municipalidades_2022,P21_2_H,object,Int64,cast_to_integer_nullable,1333,1333.0,0,0,OK,
municipalidades_2022,P21_2_T_20,object,Int64,cast_to_integer_nullable,1333,1333.0,0,0,OK,
municipalidades_2022,P21_2_M_20,object,Int64,cast_to_integer_nullable,1333,1333.0,0,0,OK,
municipalidades_2022,P21_2_H_20,object,Int64,cast_to_integer_nullable,1333,1333.0,0,0,OK,
municipalidades_2022,P22_AT1,object,object,kept_without_explicit_rule,0,0.0,0,0,OK,
municipalidades_2022,P22_AT2,object,Int64,cast_to_integer_nullable,0,0.0,0,0,OK,
municipalidades_2022,P22_AT3,object,Int64,cast_to_integer_nullable,0,0.0,0,0,OK,
municipalidades_2022,P22_AT4,object,Int64,cast_to_integer_nullable,0,0.0,0,0,OK,
municipalidades_2022,P22_AT5,object,Int64,cast_to_integer_nullable,0,0.0,0,0,OK,
municipalidades_2022,P22_AT6,object,Int64,cast_to_integer_nullable,0,0.0,0,0,OK,
municipalidades_2022,P22_AT7,object,Int64,cast_to_integer_nullable,0,0.0,0,0,OK,
municipalidades_2022,P22_AT8,object,Int64,cast_to_integer_nullable,0,0.0,0,0,OK,
municipalidades_2022,P22_AT9,object,Int64,cast_to_integer_nullable,0,0.0,0,0,OK,
municipalidades_2022,P22_AT10,object,Int64,cast_to_integer_nullable,0,0.0,0,0,OK,
municipalidades_2022,P22_AT11,object,Int64,cast_to_integer_nullable,0,0.0,0,0,OK,
municipalidades_2022,P22_AT12,object,Int64,cast_to_integer_nullable,0,0.0,0,0,OK,
municipalidades_2022,P22_AT13,object,Int64,cast_to_integer_nullable,0,0.0,0,0,OK,
municipalidades_2022,P22_AT14,object,Int64,cast_to_integer_nullable,0,0.0,0,0,OK,
municipalidades_2022,P22_AT15,object,Int64,cast_to_integer_nullable,0,0.0,0,0,OK,
municipalidades_2022,P22_AT16,object,Int64,cast_to_integer_nullable,0,0.0,0,0,OK,
municipalidades_2022,P22_AT17,object,Int64,cast_to_integer_nullable,0,0.0,0,0,OK,
municipalidades_2022,P22_AT18,object,Int64,cast_to_integer_nullable,0,0.0,0,0,OK,
municipalidades_2022,P22_AT19,object,Int64,cast_to_integer_nullable,0,0.0,0,0,OK,
municipalidades_2022,P22_AT20,object,Int64,cast_to_integer_nullable,0,0.0,0,0,OK,
municipalidades_2022,P22_AT21,object,Int64,cast_to_integer_nullable,0,0.0,0,0,OK,
municipalidades_2022,P22_AT22,object,Int64,cast_to_integer_nullable,0,0.0,0,0,OK,
municipalidades_2022,P22_AT23,object,Int64,cast_to_integer_nullable,0,0.0,0,0,OK,
municipalidades_2022,P22_AT24,object,Int64,cast_to_integer_nullable,0,0.0,0,0,OK,
municipalidades_2022,P22_AT24_O,object,object,kept_without_explicit_rule,1847,1847.0,0,0,OK,
municipalidades_2022,P22_C1,object,object,kept_without_explicit_rule,0,0.0,0,0,OK,
municipalidades_2022,P22_C2,object,Int64,cast_to_integer_nullable,0,0.0,0,0,OK,
municipalidades_2022,P22_C3,object,Int64,cast_to_integer_nullable,0,0.0,0,0,OK,
municipalidades_2022,P22_C4,object,Int64,cast_to_integer_nullable,0,0.0,0,0,OK,
municipalidades_2022,P22_C5,object,Int64,cast_to_integer_nullable,0,0.0,0,0,OK,
municipalidades_2022,P22_C6,object,Int64,cast_to_integer_nullable,0,0.0,0,0,OK,
municipalidades_2022,P22_C7,object,Int64,cast_to_integer_nullable,0,0.0,0,0,OK,
municipalidades_2022,P22_C8,object,Int64,cast_to_integer_nullable,0,0.0,0,0,OK,
municipalidades_2022,P22_C9,object,Int64,cast_to_integer_nullable,0,0.0,0,0,OK,
municipalidades_2022,P22_C10,object,Int64,cast_to_integer_nullable,0,0.0,0,0,OK,
municipalidades_2022,P22_C11,object,Int64,cast_to_integer_nullable,0,0.0,0,0,OK,
municipalidades_2022,P22_C12,object,Int64,cast_to_integer_nullable,0,0.0,0,0,OK,
municipalidades_2022,P22_C13,object,Int64,cast_to_integer_nullable,0,0.0,0,0,OK,
municipalidades_2022,P22_C14,object,Int64,cast_to_integer_nullable,0,0.0,0,0,OK,
municipalidades_2022,P22_C15,object,Int64,cast_to_integer_nullable,0,0.0,0,0,OK,
municipalidades_2022,P22_C16,object,Int64,cast_to_integer_nullable,0,0.0,0,0,OK,
municipalidades_2022,P22_C17,object,Int64,cast_to_integer_nullable,0,0.0,0,0,OK,
municipalidades_2022,P22_C18,object,Int64,cast_to_integer_nullable,0,0.0,0,0,OK,
municipalidades_2022,P22_C19,object,Int64,cast_to_integer_nullable,0,0.0,0,0,OK,
municipalidades_2022,P22_C20,object,Int64,cast_to_integer_nullable,0,0.0,0,0,OK,
municipalidades_2022,P22_C21,object,Int64,cast_to_integer_nullable,0,0.0,0,0,OK,
municipalidades_2022,P22_C22,object,Int64,cast_to_integer_nullable,0,0.0,0,0,OK,
municipalidades_2022,P22_C23,object,Int64,cast_to_integer_nullable,0,0.0,0,0,OK,
municipalidades_2022,P22_C24,object,Int64,cast_to_integer_nullable,0,0.0,0,0,OK,
municipalidades_2022,P22_C24_O,object,object,kept_without_explicit_rule,1844,1844.0,0,0,OK,
municipalidades_2022,P23_1,object,Int64,cast_to_integer_nullable,0,0.0,0,0,OK,
municipalidades_2022,P23_1_1,object,Int64,cast_to_integer_nullable,745,745.0,0,0,OK,
municipalidades_2022,P23_1_2,object,object,kept_without_explicit_rule,745,745.0,0,0,OK,
municipalidades_2022,P23_1_3,object,Int64,cast_to_integer_nullable,745,745.0,0,0,OK,
municipalidades_2022,P23_1_4,object,Int64,cast_to_integer_nullable,1129,1129.0,0,0,OK,
municipalidades_2022,P23_1_4_O,object,object,kept_without_explicit_rule,1870,1870.0,0,0,OK,
municipalidades_2022,P23_2,object,Int64,cast_to_integer_nullable,0,0.0,0,0,OK,
municipalidades_2022,P23_2_1,object,Int64,cast_to_integer_nullable,1215,1215.0,0,0,OK,
municipalidades_2022,P23_2_2,object,object,kept_without_explicit_rule,1215,1215.0,0,0,OK,
municipalidades_2022,P23_2_3,object,Int64,cast_to_integer_nullable,1215,1215.0,0,0,OK,
municipalidades_2022,P23_2_4,object,Int64,cast_to_integer_nullable,659,659.0,0,0,OK,
municipalidades_2022,P23_2_4_O,object,object,kept_without_explicit_rule,1851,1851.0,0,0,OK,
municipalidades_2022,P23_3,object,Int64,cast_to_integer_nullable,0,0.0,0,0,OK,
municipalidades_2022,P23_3_1,object,Int64,cast_to_integer_nullable,1734,1734.0,0,0,OK,
municipalidades_2022,P23_3_2,object,object,kept_without_explicit_rule,1734,1734.0,0,0,OK,
municipalidades_2022,P23_3_4,object,Int64,cast_to_integer_nullable,140,140.0,0,0,OK,
municipalidades_2022,P23_3_4_O,object,object,kept_without_explicit_rule,1840,1840.0,0,0,OK,
municipalidades_2022,P23_4,object,Int64,cast_to_integer_nullable,1678,1678.0,0,0,OK,
municipalidades_2022,P23_4_1,object,Int64,cast_to_integer_nullable,1828,1828.0,0,0,OK,
municipalidades_2022,P23_4_2,object,object,kept_without_explicit_rule,1828,1828.0,0,0,OK,
municipalidades_2022,P23_4_3,object,Int64,cast_to_integer_nullable,1828,1828.0,0,0,OK,
municipalidades_2022,P23_4_4,object,Int64,cast_to_integer_nullable,1724,1724.0,0,0,OK,
municipalidades_2022,P23_4_4_O,object,object,kept_without_explicit_rule,1869,1869.0,0,0,OK,
municipalidades_2022,P23_5,object,Int64,cast_to_integer_nullable,0,0.0,0,0,OK,
municipalidades_2022,P23_5_1,object,Int64,cast_to_integer_nullable,1679,1679.0,0,0,OK,
municipalidades_2022,P23_5_2,object,object,kept_without_explicit_rule,1679,1679.0,0,0,OK,
municipalidades_2022,P23_5_3,object,Int64,cast_to_integer_nullable,1679,1679.0,0,0,OK,
municipalidades_2022,P23_5_4,object,Int64,cast_to_integer_nullable,195,195.0,0,0,OK,
municipalidades_2022,P23_5_4_O,object,object,kept_without_explicit_rule,1800,1800.0,0,0,OK,
municipalidades_2022,P23_6,object,Int64,cast_to_integer_nullable,0,0.0,0,0,OK,
municipalidades_2022,P23_6_1,object,Int64,cast_to_integer_nullable,1790,1790.0,0,0,OK,
municipalidades_2022,P23_6_2,object,object,kept_without_explicit_rule,1790,1790.0,0,0,OK,
municipalidades_2022,P23_6_3,object,Int64,cast_to_integer_nullable,1790,1790.0,0,0,OK,
municipalidades_2022,P23_6_4,object,Int64,cast_to_integer_nullable,84,84.0,0,0,OK,
municipalidades_2022,P23_6_4_O,object,object,kept_without_explicit_rule,1764,1764.0,0,0,OK,
municipalidades_2022,P23_7,object,Int64,cast_to_integer_nullable,0,0.0,0,0,OK,
municipalidades_2022,P23_7_1,object,Int64,cast_to_integer_nullable,1825,1825.0,0,0,OK,
municipalidades_2022,P23_7_2,object,object,kept_without_explicit_rule,1825,1825.0,0,0,OK,
municipalidades_2022,P23_7_3,object,Int64,cast_to_integer_nullable,1825,1825.0,0,0,OK,
municipalidades_2022,P23_7_4,object,Int64,cast_to_integer_nullable,49,49.0,0,0,OK,
municipalidades_2022,P23_7_4_O,object,object,kept_without_explicit_rule,1767,1767.0,0,0,OK,
municipalidades_2022,P23_8,object,Int64,cast_to_integer_nullable,0,0.0,0,0,OK,
municipalidades_2022,P23_8_1,object,Int64,cast_to_integer_nullable,1737,1737.0,0,0,OK,
municipalidades_2022,P23_8_2,object,object,kept_without_explicit_rule,1737,1737.0,0,0,OK,
municipalidades_2022,P23_8_3,object,Int64,cast_to_integer_nullable,1737,1737.0,0,0,OK,
municipalidades_2022,P23_8_4,object,Int64,cast_to_integer_nullable,137,137.0,0,0,OK,
municipalidades_2022,P23_8_4_O,object,object,kept_without_explicit_rule,1825,1825.0,0,0,OK,
municipalidades_2022,P23_9,object,Int64,cast_to_integer_nullable,0,0.0,0,0,OK,
municipalidades_2022,P23_9_1,object,Int64,cast_to_integer_nullable,439,439.0,0,0,OK,
municipalidades_2022,P23_9_2,object,object,kept_without_explicit_rule,439,439.0,0,0,OK,
municipalidades_2022,P23_9_3,object,Int64,cast_to_integer_nullable,439,439.0,0,0,OK,
municipalidades_2022,P23_9_4,object,Int64,cast_to_integer_nullable,1437,1437.0,0,0,OK,
municipalidades_2022,P23_9_4_O,object,object,kept_without_explicit_rule,1870,1870.0,0,0,OK,
municipalidades_2022,P23_10,object,Int64,cast_to_integer_nullable,0,0.0,0,0,OK,
municipalidades_2022,P23_10_1,object,Int64,cast_to_integer_nullable,698,698.0,0,0,OK,
municipalidades_2022,P23_10_2,object,object,kept_without_explicit_rule,698,698.0,0,0,OK,
municipalidades_2022,P23_10_3,object,Int64,cast_to_integer_nullable,698,698.0,0,0,OK,
municipalidades_2022,P23_10_4,object,Int64,cast_to_integer_nullable,1176,1176.0,0,0,OK,
municipalidades_2022,P23_10_4_O,object,object,kept_without_explicit_rule,1811,1811.0,0,0,OK,
municipalidades_2022,P23_11,object,Int64,cast_to_integer_nullable,0,0.0,0,0,OK,
municipalidades_2022,P23_11_1,object,Int64,cast_to_integer_nullable,821,821.0,0,0,OK,
municipalidades_2022,P23_11_2,object,object,kept_without_explicit_rule,821,821.0,0,0,OK,
municipalidades_2022,P23_11_4,object,Int64,cast_to_integer_nullable,1053,1053.0,0,0,OK,
municipalidades_2022,P23_11_4_O,object,object,kept_without_explicit_rule,1862,1862.0,0,0,OK,
municipalidades_2022,P23_12,object,Int64,cast_to_integer_nullable,0,0.0,0,0,OK,
municipalidades_2022,P23_12_1,object,Int64,cast_to_integer_nullable,1516,1516.0,0,0,OK,
municipalidades_2022,P23_12_2,object,object,kept_without_explicit_rule,1516,1516.0,0,0,OK,
municipalidades_2022,P23_12_4,object,Int64,cast_to_integer_nullable,358,358.0,0,0,OK,
municipalidades_2022,P23_12_4_O,object,object,kept_without_explicit_rule,1818,1818.0,0,0,OK,
municipalidades_2022,P23_13,object,Int64,cast_to_integer_nullable,0,0.0,0,0,OK,
municipalidades_2022,P23_13_1,object,Int64,cast_to_integer_nullable,1836,1836.0,0,0,OK,
municipalidades_2022,P23_13_2,object,object,kept_without_explicit_rule,1836,1836.0,0,0,OK,
municipalidades_2022,P23_13_4,object,Int64,cast_to_integer_nullable,38,38.0,0,0,OK,
municipalidades_2022,P23_13_4_O,object,object,kept_without_explicit_rule,1779,1779.0,0,0,OK,
municipalidades_2022,P23_15,object,Int64,cast_to_integer_nullable,0,0.0,0,0,OK,
municipalidades_2022,P23_15_1,object,Int64,cast_to_integer_nullable,1840,1840.0,0,0,OK,
municipalidades_2022,P23_15_2,object,object,kept_without_explicit_rule,1840,1840.0,0,0,OK,
municipalidades_2022,P23_15_4,object,Int64,cast_to_integer_nullable,34,34.0,0,0,OK,
municipalidades_2022,P23_15_4_O,object,object,kept_without_explicit_rule,1744,1744.0,0,0,OK,
municipalidades_2022,P23_16,object,Int64,cast_to_integer_nullable,0,0.0,0,0,OK,
municipalidades_2022,P23_16_1,object,Int64,cast_to_integer_nullable,1114,1114.0,0,0,OK,
municipalidades_2022,P23_16_2,object,object,kept_without_explicit_rule,1114,1114.0,0,0,OK,
municipalidades_2022,P23_16_3,object,Int64,cast_to_integer_nullable,1114,1114.0,0,0,OK,
municipalidades_2022,P23_16_4,object,Int64,cast_to_integer_nullable,760,760.0,0,0,OK,
municipalidades_2022,P23_16_4_O,object,object,kept_without_explicit_rule,1808,1808.0,0,0,OK,
municipalidades_2022,P23_14,object,object,kept_without_explicit_rule,1849,1849.0,0,0,OK,
municipalidades_2022,P23_14_1_O,object,object,kept_without_explicit_rule,1849,1849.0,0,0,OK,
municipalidades_2022,P23_14_1,object,Int64,cast_to_integer_nullable,1849,1849.0,0,0,OK,
municipalidades_2022,P23_14_2,object,object,kept_without_explicit_rule,1849,1849.0,0,0,OK,
municipalidades_2022,P23_14_3,object,Int64,cast_to_integer_nullable,1849,1849.0,0,0,OK,
municipalidades_2022,P24,object,Int64,cast_to_integer_nullable,0,0.0,0,0,OK,
municipalidades_2022,P24_1_T,object,Int64,cast_to_integer_nullable,885,885.0,0,0,OK,
municipalidades_2022,P24_1_M,object,Int64,cast_to_integer_nullable,885,885.0,0,0,OK,
municipalidades_2022,P24_1_H,object,Int64,cast_to_integer_nullable,885,885.0,0,0,OK,
municipalidades_2022,P24_2_T,object,Int64,cast_to_integer_nullable,885,885.0,0,0,OK,
municipalidades_2022,P24_2_M,object,Int64,cast_to_integer_nullable,885,885.0,0,0,OK,
municipalidades_2022,P24_2_H,object,Int64,cast_to_integer_nullable,885,885.0,0,0,OK,
municipalidades_2022,P24_3_T,object,Int64,cast_to_integer_nullable,885,885.0,0,0,OK,
municipalidades_2022,P24_3_M,object,Int64,cast_to_integer_nullable,885,885.0,0,0,OK,
municipalidades_2022,P24_3_H,object,Int64,cast_to_integer_nullable,885,885.0,0,0,OK,
municipalidades_2022,P24_4_T,object,Int64,cast_to_integer_nullable,885,885.0,0,0,OK,
municipalidades_2022,P24_4_M,object,Int64,cast_to_integer_nullable,885,885.0,0,0,OK,
municipalidades_2022,P24_4_H,object,Int64,cast_to_integer_nullable,885,885.0,0,0,OK,
municipalidades_2022,P25_1,object,object,kept_without_explicit_rule,885,885.0,0,0,OK,
municipalidades_2022,P25_1_1,object,Int64,cast_to_integer_nullable,885,885.0,0,0,OK,
municipalidades_2022,P25_2,object,Int64,cast_to_integer_nullable,885,885.0,0,0,OK,
municipalidades_2022,P25_3,object,Int64,cast_to_integer_nullable,885,885.0,0,0,OK,
municipalidades_2022,P25_4,object,Int64,cast_to_integer_nullable,885,885.0,0,0,OK,
municipalidades_2022,P25_4_O,object,object,kept_without_explicit_rule,1851,1851.0,0,0,OK,
municipalidades_2022,P25_5,object,Int64,cast_to_integer_nullable,885,885.0,0,0,OK,
municipalidades_2022,P26A,object,Int64,cast_to_integer_nullable,0,0.0,0,0,OK,
municipalidades_2022,P26,object,Int64,cast_to_integer_nullable,298,298.0,0,0,OK,
municipalidades_2022,P26A_1,object,Int64,cast_to_integer_nullable,633,633.0,0,0,OK,
municipalidades_2022,P27,object,Int64,cast_to_integer_nullable,821,821.0,0,0,OK,
municipalidades_2022,P28_1,object,object,kept_without_explicit_rule,333,333.0,0,0,OK,
municipalidades_2022,P28_2,object,Int64,cast_to_integer_nullable,333,333.0,0,0,OK,
municipalidades_2022,P28_3,object,Int64,cast_to_integer_nullable,333,333.0,0,0,OK,
municipalidades_2022,P28_4,object,Int64,cast_to_integer_nullable,333,333.0,0,0,OK,
municipalidades_2022,P28_5,object,Int64,cast_to_integer_nullable,333,333.0,0,0,OK,
municipalidades_2022,P28_5_O,object,object,kept_without_explicit_rule,1850,1850.0,0,0,OK,
municipalidades_2022,P29_1,object,Int64,cast_to_integer_nullable,0,0.0,0,0,OK,
municipalidades_2022,P29_1_1,object,Int64,cast_to_integer_nullable,890,890.0,0,0,OK,
municipalidades_2022,P29_1_2,object,Int64,cast_to_integer_nullable,890,890.0,0,0,OK,
municipalidades_2022,P29_1_3,object,Int64,cast_to_integer_nullable,890,890.0,0,0,OK,
municipalidades_2022,P29_1_4,object,object,kept_without_explicit_rule,890,890.0,0,0,OK,
municipalidades_2022,P29_1_5,object,Int64,cast_to_integer_nullable,890,890.0,0,0,OK,
municipalidades_2022,P29_1_6,object,Int64,cast_to_integer_nullable,890,890.0,0,0,OK,
municipalidades_2022,P29_2,object,Int64,cast_to_integer_nullable,0,0.0,0,0,OK,
municipalidades_2022,P29_2_1,object,Int64,cast_to_integer_nullable,1348,1348.0,0,0,OK,
municipalidades_2022,P29_2_2,object,Int64,cast_to_integer_nullable,1348,1348.0,0,0,OK,
municipalidades_2022,P29_2_3,object,Int64,cast_to_integer_nullable,1348,1348.0,0,0,OK,
municipalidades_2022,P29_2_4,object,object,kept_without_explicit_rule,1348,1348.0,0,0,OK,
municipalidades_2022,P29_2_5,object,Int64,cast_to_integer_nullable,1348,1348.0,0,0,OK,
municipalidades_2022,P29_2_6,object,Int64,cast_to_integer_nullable,1348,1348.0,0,0,OK,
municipalidades_2022,P29_3,object,Int64,cast_to_integer_nullable,0,0.0,0,0,OK,
municipalidades_2022,P29_3_1,object,Int64,cast_to_integer_nullable,1515,1515.0,0,0,OK,
municipalidades_2022,P29_3_2,object,Int64,cast_to_integer_nullable,1515,1515.0,0,0,OK,
municipalidades_2022,P29_3_3,object,Int64,cast_to_integer_nullable,1515,1515.0,0,0,OK,
municipalidades_2022,P29_3_4,object,object,kept_without_explicit_rule,1515,1515.0,0,0,OK,
municipalidades_2022,P29_3_5,object,Int64,cast_to_integer_nullable,1515,1515.0,0,0,OK,
municipalidades_2022,P29_3_6,object,Int64,cast_to_integer_nullable,1515,1515.0,0,0,OK,
municipalidades_2022,P29_4,object,Int64,cast_to_integer_nullable,0,0.0,0,0,OK,
municipalidades_2022,P29_4_1,object,Int64,cast_to_integer_nullable,1587,1587.0,0,0,OK,
municipalidades_2022,P29_4_2,object,Int64,cast_to_integer_nullable,1587,1587.0,0,0,OK,
municipalidades_2022,P29_4_3,object,Int64,cast_to_integer_nullable,1587,1587.0,0,0,OK,
municipalidades_2022,P29_4_4,object,object,kept_without_explicit_rule,1587,1587.0,0,0,OK,
municipalidades_2022,P29_4_5,object,Int64,cast_to_integer_nullable,1587,1587.0,0,0,OK,
municipalidades_2022,P29_4_6,object,Int64,cast_to_integer_nullable,1587,1587.0,0,0,OK,
municipalidades_2022,P29_5,object,Int64,cast_to_integer_nullable,0,0.0,0,0,OK,
municipalidades_2022,P29_5_1,object,Int64,cast_to_integer_nullable,1553,1553.0,0,0,OK,
municipalidades_2022,P29_5_2,object,Int64,cast_to_integer_nullable,1553,1553.0,0,0,OK,
municipalidades_2022,P29_5_3,object,Int64,cast_to_integer_nullable,1553,1553.0,0,0,OK,
municipalidades_2022,P29_5_4,object,object,kept_without_explicit_rule,1553,1553.0,0,0,OK,
municipalidades_2022,P29_5_5,object,Int64,cast_to_integer_nullable,1553,1553.0,0,0,OK,
municipalidades_2022,P29_5_6,object,Int64,cast_to_integer_nullable,1553,1553.0,0,0,OK,
municipalidades_2022,P29_6,object,Int64,cast_to_integer_nullable,0,0.0,0,0,OK,
municipalidades_2022,P29_6_1,object,Int64,cast_to_integer_nullable,391,391.0,0,0,OK,
municipalidades_2022,P29_6_2,object,Int64,cast_to_integer_nullable,391,391.0,0,0,OK,
municipalidades_2022,P29_6_3,object,Int64,cast_to_integer_nullable,391,391.0,0,0,OK,
municipalidades_2022,P29_6_4,object,object,kept_without_explicit_rule,391,391.0,0,0,OK,
municipalidades_2022,P29_6_5,object,Int64,cast_to_integer_nullable,391,391.0,0,0,OK,
municipalidades_2022,P29_6_6,object,Int64,cast_to_integer_nullable,391,391.0,0,0,OK,
municipalidades_2022,P29_7,object,Int64,cast_to_integer_nullable,0,0.0,0,0,OK,
municipalidades_2022,P29_7_1,object,Int64,cast_to_integer_nullable,463,463.0,0,0,OK,
municipalidades_2022,P29_7_2,object,Int64,cast_to_integer_nullable,463,463.0,0,0,OK,
municipalidades_2022,P29_7_3,object,Int64,cast_to_integer_nullable,463,463.0,0,0,OK,
municipalidades_2022,P29_7_4,object,object,kept_without_explicit_rule,463,463.0,0,0,OK,
municipalidades_2022,P29_7_5,object,Int64,cast_to_integer_nullable,463,463.0,0,0,OK,
municipalidades_2022,P29_7_6,object,Int64,cast_to_integer_nullable,463,463.0,0,0,OK,
municipalidades_2022,P29_8,object,Int64,cast_to_integer_nullable,0,0.0,0,0,OK,
municipalidades_2022,P29_8_1,object,Int64,cast_to_integer_nullable,459,459.0,0,0,OK,
municipalidades_2022,P29_8_2,object,Int64,cast_to_integer_nullable,459,459.0,0,0,OK,
municipalidades_2022,P29_8_3,object,Int64,cast_to_integer_nullable,459,459.0,0,0,OK,
municipalidades_2022,P29_8_4,object,object,kept_without_explicit_rule,459,459.0,0,0,OK,
municipalidades_2022,P29_8_5,object,Int64,cast_to_integer_nullable,459,459.0,0,0,OK,
municipalidades_2022,P29_8_6,object,Int64,cast_to_integer_nullable,459,459.0,0,0,OK,
municipalidades_2022,P29_9,object,Int64,cast_to_integer_nullable,0,0.0,0,0,OK,
municipalidades_2022,P29_9_1,object,Int64,cast_to_integer_nullable,1243,1243.0,0,0,OK,
municipalidades_2022,P29_9_4,object,object,kept_without_explicit_rule,1243,1243.0,0,0,OK,
municipalidades_2022,P29_9_5,object,Int64,cast_to_integer_nullable,1243,1243.0,0,0,OK,
municipalidades_2022,P29_9_6,object,Int64,cast_to_integer_nullable,1243,1243.0,0,0,OK,
municipalidades_2022,P30_1,object,object,kept_without_explicit_rule,0,0.0,0,0,OK,
municipalidades_2022,P30_2,object,Int64,cast_to_integer_nullable,0,0.0,0,0,OK,
municipalidades_2022,P30_3,object,Int64,cast_to_integer_nullable,0,0.0,0,0,OK,
municipalidades_2022,P30_4,object,Int64,cast_to_integer_nullable,0,0.0,0,0,OK,
municipalidades_2022,P30_5,object,Int64,cast_to_integer_nullable,0,0.0,0,0,OK,
municipalidades_2022,P30_7,object,Int64,cast_to_integer_nullable,0,0.0,0,0,OK,
municipalidades_2022,P30_8,object,Int64,cast_to_integer_nullable,0,0.0,0,0,OK,
municipalidades_2022,P30_6,object,Int64,cast_to_integer_nullable,0,0.0,0,0,OK,
municipalidades_2022,P30_6_O,object,object,kept_without_explicit_rule,1820,1820.0,0,0,OK,
municipalidades_2022,P31_1,object,object,kept_without_explicit_rule,0,0.0,0,0,OK,
municipalidades_2022,P31_2,object,Int64,cast_to_integer_nullable,0,0.0,0,0,OK,
municipalidades_2022,P31_3,object,Int64,cast_to_integer_nullable,0,0.0,0,0,OK,
municipalidades_2022,P31_4,object,Int64,cast_to_integer_nullable,0,0.0,0,0,OK,
municipalidades_2022,P31_5,object,Int64,cast_to_integer_nullable,0,0.0,0,0,OK,
municipalidades_2022,P31_5_O,object,object,kept_without_explicit_rule,1855,1855.0,0,0,OK,
municipalidades_2022,P32,object,Int64,cast_to_integer_nullable,0,0.0,0,0,OK,
municipalidades_2022,P32_1_T,object,Int64,cast_to_integer_nullable,690,690.0,0,0,OK,
municipalidades_2022,P32_1_M,object,Int64,cast_to_integer_nullable,690,690.0,0,0,OK,
municipalidades_2022,P32_1_H,object,Int64,cast_to_integer_nullable,690,690.0,0,0,OK,
municipalidades_2022,P32_2_T,object,Int64,cast_to_integer_nullable,690,690.0,0,0,OK,
municipalidades_2022,P32_2_M,object,Int64,cast_to_integer_nullable,690,690.0,0,0,OK,
municipalidades_2022,P32_2_H,object,Int64,cast_to_integer_nullable,690,690.0,0,0,OK,
municipalidades_2022,P33A,object,Int64,cast_to_integer_nullable,0,0.0,0,0,OK,
municipalidades_2022,P34_1,object,Int64,cast_to_integer_nullable,0,0.0,0,0,OK,
municipalidades_2022,P34A_1,object,Int64,cast_to_integer_nullable,1376,1376.0,0,0,OK,
municipalidades_2022,P34_2,object,Int64,cast_to_integer_nullable,0,0.0,0,0,OK,
municipalidades_2022,P34A_2,object,Int64,cast_to_integer_nullable,993,993.0,0,0,OK,
municipalidades_2022,P34_3,object,Int64,cast_to_integer_nullable,0,0.0,0,0,OK,
municipalidades_2022,P34A_3,object,Int64,cast_to_integer_nullable,1700,1700.0,0,0,OK,
municipalidades_2022,P34_4,object,Int64,cast_to_integer_nullable,0,0.0,0,0,OK,
municipalidades_2022,P34A_4,object,Int64,cast_to_integer_nullable,1524,1524.0,0,0,OK,
municipalidades_2022,P34_5,object,Int64,cast_to_integer_nullable,0,0.0,0,0,OK,
municipalidades_2022,P34A_5,object,Int64,cast_to_integer_nullable,1589,1589.0,0,0,OK,
municipalidades_2022,P34_6,object,Int64,cast_to_integer_nullable,0,0.0,0,0,OK,
municipalidades_2022,P34A_6,object,Int64,cast_to_integer_nullable,1751,1751.0,0,0,OK,
municipalidades_2022,P34_7,object,Int64,cast_to_integer_nullable,0,0.0,0,0,OK,
municipalidades_2022,P34A_7,object,Int64,cast_to_integer_nullable,1563,1563.0,0,0,OK,
municipalidades_2022,P34_8,object,Int64,cast_to_integer_nullable,0,0.0,0,0,OK,
municipalidades_2022,P34A_8,object,Int64,cast_to_integer_nullable,1589,1589.0,0,0,OK,
municipalidades_2022,P34_9,object,Int64,cast_to_integer_nullable,0,0.0,0,0,OK,
municipalidades_2022,P34A_9,object,Int64,cast_to_integer_nullable,1608,1608.0,0,0,OK,
municipalidades_2022,P34_10,object,Int64,cast_to_integer_nullable,0,0.0,0,0,OK,
municipalidades_2022,P34A_10,object,Int64,cast_to_integer_nullable,1648,1648.0,0,0,OK,
municipalidades_2022,P34_11,object,Int64,cast_to_integer_nullable,0,0.0,0,0,OK,
municipalidades_2022,P34A_11,object,Int64,cast_to_integer_nullable,1638,1638.0,0,0,OK,
municipalidades_2022,P34_12,object,Int64,cast_to_integer_nullable,0,0.0,0,0,OK,
municipalidades_2022,P34A_12,object,Int64,cast_to_integer_nullable,1642,1642.0,0,0,OK,
municipalidades_2022,P34_13,object,Int64,cast_to_integer_nullable,0,0.0,0,0,OK,
municipalidades_2022,P34A_13,object,Int64,cast_to_integer_nullable,1645,1645.0,0,0,OK,
municipalidades_2022,P34A_13_O,object,object,kept_without_explicit_rule,1645,1645.0,0,0,OK,
municipalidades_2022,P34_14,object,Int64,cast_to_integer_nullable,0,0.0,0,0,OK,
municipalidades_2022,P34A_14,object,Int64,cast_to_integer_nullable,1812,1812.0,0,0,OK,
municipalidades_2022,P34_15,object,Int64,cast_to_integer_nullable,0,0.0,0,0,OK,
municipalidades_2022,P34A_15,object,Int64,cast_to_integer_nullable,1848,1848.0,0,0,OK,
municipalidades_2022,P34_16,object,Int64,cast_to_integer_nullable,0,0.0,0,0,OK,
municipalidades_2022,P34A_16,object,Int64,cast_to_integer_nullable,1845,1845.0,0,0,OK,
municipalidades_2022,P34A_16_O,object,object,kept_without_explicit_rule,1845,1845.0,0,0,OK,
municipalidades_2022,P34_17,object,Int64,cast_to_integer_nullable,0,0.0,0,0,OK,
municipalidades_2022,P34A_17,object,Int64,cast_to_integer_nullable,1775,1775.0,0,0,OK,
municipalidades_2022,P34_18,object,Int64,cast_to_integer_nullable,0,0.0,0,0,OK,
municipalidades_2022,P34A_18,object,Int64,cast_to_integer_nullable,1765,1765.0,0,0,OK,
municipalidades_2022,P34_19,object,Int64,cast_to_integer_nullable,0,0.0,0,0,OK,
municipalidades_2022,P34A_19,object,Int64,cast_to_integer_nullable,1788,1788.0,0,0,OK,
municipalidades_2022,P34_20,object,Int64,cast_to_integer_nullable,0,0.0,0,0,OK,
municipalidades_2022,P34A_20,object,Int64,cast_to_integer_nullable,1844,1844.0,0,0,OK,
municipalidades_2022,P34_21,object,Int64,cast_to_integer_nullable,0,0.0,0,0,OK,
municipalidades_2022,P34A_21,object,Int64,cast_to_integer_nullable,1523,1523.0,0,0,OK,
municipalidades_2022,P34_22,object,Int64,cast_to_integer_nullable,0,0.0,0,0,OK,
municipalidades_2022,P34A_22,object,Int64,cast_to_integer_nullable,1829,1829.0,0,0,OK,
municipalidades_2022,P34A_22_O,object,object,kept_without_explicit_rule,1829,1829.0,0,0,OK,
municipalidades_2022,P34_23,object,Int64,cast_to_integer_nullable,0,0.0,0,0,OK,
municipalidades_2022,P34A_23,object,Int64,cast_to_integer_nullable,911,911.0,0,0,OK,
municipalidades_2022,P34_24,object,Int64,cast_to_integer_nullable,0,0.0,0,0,OK,
municipalidades_2022,P34A_24,object,Int64,cast_to_integer_nullable,1222,1222.0,0,0,OK,
municipalidades_2022,P34_25,object,Int64,cast_to_integer_nullable,0,0.0,0,0,OK,
municipalidades_2022,P34A_25,object,Int64,cast_to_integer_nullable,1391,1391.0,0,0,OK,
municipalidades_2022,P34_26,object,Int64,cast_to_integer_nullable,0,0.0,0,0,OK,
municipalidades_2022,P34A_26,object,Int64,cast_to_integer_nullable,1502,1502.0,0,0,OK,
municipalidades_2022,P34_27,object,Int64,cast_to_integer_nullable,0,0.0,0,0,OK,
municipalidades_2022,P34A_27,object,Int64,cast_to_integer_nullable,1681,1681.0,0,0,OK,
municipalidades_2022,P34_28,object,Int64,cast_to_integer_nullable,0,0.0,0,0,OK,
municipalidades_2022,P34A_28,object,Int64,cast_to_integer_nullable,1763,1763.0,0,0,OK,
municipalidades_2022,P34_29,object,Int64,cast_to_integer_nullable,0,0.0,0,0,OK,
municipalidades_2022,P34A_29,object,Int64,cast_to_integer_nullable,1730,1730.0,0,0,OK,
municipalidades_2022,P34_30,object,Int64,cast_to_integer_nullable,0,0.0,0,0,OK,
municipalidades_2022,P34A_30,object,Int64,cast_to_integer_nullable,1670,1670.0,0,0,OK,
municipalidades_2022,P34_31,object,Int64,cast_to_integer_nullable,0,0.0,0,0,OK,
municipalidades_2022,P34A_31,object,Int64,cast_to_integer_nullable,1633,1633.0,0,0,OK,
municipalidades_2022,P34A_31_O,object,object,kept_without_explicit_rule,1633,1633.0,0,0,OK,
municipalidades_2022,P35_1,object,Int64,cast_to_integer_nullable,0,0.0,0,0,OK,
municipalidades_2022,P35A_1,object,Int64,cast_to_integer_nullable,985,985.0,0,0,OK,
municipalidades_2022,P35_2,object,Int64,cast_to_integer_nullable,0,0.0,0,0,OK,
municipalidades_2022,P35A_2,object,Int64,cast_to_integer_nullable,1519,1519.0,0,0,OK,
municipalidades_2022,P35_3,object,Int64,cast_to_integer_nullable,0,0.0,0,0,OK,
municipalidades_2022,P35A_3,object,Int64,cast_to_integer_nullable,1657,1657.0,0,0,OK,
municipalidades_2022,P35_4,object,Int64,cast_to_integer_nullable,0,0.0,0,0,OK,
municipalidades_2022,P35A_4,object,Int64,cast_to_integer_nullable,1753,1753.0,0,0,OK,
municipalidades_2022,P35_5,object,Int64,cast_to_integer_nullable,0,0.0,0,0,OK,
municipalidades_2022,P35A_5,object,Int64,cast_to_integer_nullable,1753,1753.0,0,0,OK,
municipalidades_2022,P35_6,object,Int64,cast_to_integer_nullable,0,0.0,0,0,OK,
municipalidades_2022,P35A_6,object,Int64,cast_to_integer_nullable,1849,1849.0,0,0,OK,
municipalidades_2022,P35_7,object,Int64,cast_to_integer_nullable,0,0.0,0,0,OK,
municipalidades_2022,P35A_7,object,Int64,cast_to_integer_nullable,1744,1744.0,0,0,OK,
municipalidades_2022,P35_8,object,Int64,cast_to_integer_nullable,0,0.0,0,0,OK,
municipalidades_2022,P35A_8,object,Int64,cast_to_integer_nullable,1807,1807.0,0,0,OK,
municipalidades_2022,P35_9,object,Int64,cast_to_integer_nullable,0,0.0,0,0,OK,
municipalidades_2022,P35A_9,object,Int64,cast_to_integer_nullable,1766,1766.0,0,0,OK,
municipalidades_2022,P35_10,object,Int64,cast_to_integer_nullable,0,0.0,0,0,OK,
municipalidades_2022,P35A_10,object,Int64,cast_to_integer_nullable,1845,1845.0,0,0,OK,
municipalidades_2022,P35_11,object,Int64,cast_to_integer_nullable,0,0.0,0,0,OK,
municipalidades_2022,P35A_11,object,Int64,cast_to_integer_nullable,1737,1737.0,0,0,OK,
municipalidades_2022,P35A_11_O,object,object,kept_without_explicit_rule,1737,1737.0,0,0,OK,
municipalidades_2022,P36,object,Int64,cast_to_integer_nullable,0,0.0,0,0,OK,
municipalidades_2022,P36_1,object,Int64,cast_to_integer_nullable,1111,1111.0,0,0,OK,
municipalidades_2022,P36_2,object,Int64,cast_to_integer_nullable,1111,1111.0,0,0,OK,
municipalidades_2022,P36_3,object,Int64,cast_to_integer_nullable,1111,1111.0,0,0,OK,
municipalidades_2022,P37_1,object,Int64,cast_to_integer_nullable,0,0.0,0,0,OK,
municipalidades_2022,P37A_1,object,Int64,cast_to_integer_nullable,1552,1552.0,0,0,OK,
municipalidades_2022,P37_2,object,Int64,cast_to_integer_nullable,0,0.0,0,0,OK,
municipalidades_2022,P37A_2,object,Int64,cast_to_integer_nullable,1803,1803.0,0,0,OK,
municipalidades_2022,P37_3,object,Int64,cast_to_integer_nullable,0,0.0,0,0,OK,
municipalidades_2022,P37A_3,object,Int64,cast_to_integer_nullable,1831,1831.0,0,0,OK,
municipalidades_2022,P37_4,object,Int64,cast_to_integer_nullable,0,0.0,0,0,OK,
municipalidades_2022,P37A_4,object,Int64,cast_to_integer_nullable,1840,1840.0,0,0,OK,
municipalidades_2022,P37_5,object,Int64,cast_to_integer_nullable,0,0.0,0,0,OK,
municipalidades_2022,P37A_5,object,Int64,cast_to_integer_nullable,1867,1867.0,0,0,OK,
municipalidades_2022,P37A_5_O,object,object,kept_without_explicit_rule,1867,1867.0,0,0,OK,
municipalidades_2022,P38,object,Int64,cast_to_integer_nullable,0,0.0,0,0,OK,
municipalidades_2022,P38_1,object,Int64,cast_to_integer_nullable,1606,1606.0,0,0,OK,
municipalidades_2022,P38_2,object,Int64,cast_to_integer_nullable,1606,1606.0,0,0,OK,
municipalidades_2022,P38A_1,object,Int64,cast_to_integer_nullable,1700,1700.0,0,0,OK,
municipalidades_2022,P38A_2,object,Int64,cast_to_integer_nullable,1703,1703.0,0,0,OK,
municipalidades_2022,P38A_3,object,Int64,cast_to_integer_nullable,1745,1745.0,0,0,OK,
municipalidades_2022,P39B_1,object,Int64,cast_to_integer_nullable,0,0.0,0,0,OK,
municipalidades_2022,P39B_2,object,Int64,cast_to_integer_nullable,0,0.0,0,0,OK,
municipalidades_2022,P39B_3,object,Int64,cast_to_integer_nullable,0,0.0,0,0,OK,
municipalidades_2022,P40_1,object,Int64,cast_to_integer_nullable,0,0.0,0,0,OK,
municipalidades_2022,P41_1,object,Int64,cast_to_integer_nullable,14,14.0,0,0,OK,
municipalidades_2022,P42_1,object,Int64,cast_to_integer_nullable,14,14.0,0,0,OK,
municipalidades_2022,P43_1,object,object,kept_without_explicit_rule,14,14.0,0,0,OK,
municipalidades_2022,P43_2,object,Int64,cast_to_integer_nullable,14,14.0,0,0,OK,
municipalidades_2022,P43_3,object,Int64,cast_to_integer_nullable,14,14.0,0,0,OK,
municipalidades_2022,P43_4,object,Int64,cast_to_integer_nullable,14,14.0,0,0,OK,
municipalidades_2022,P43_5,object,Int64,cast_to_integer_nullable,14,14.0,0,0,OK,
municipalidades_2022,P43_6,object,Int64,cast_to_integer_nullable,14,14.0,0,0,OK,
municipalidades_2022,P43_7,object,Int64,cast_to_integer_nullable,14,14.0,0,0,OK,
municipalidades_2022,P43_8,object,Int64,cast_to_integer_nullable,14,14.0,0,0,OK,
municipalidades_2022,P43_8_O,object,object,kept_without_explicit_rule,1831,1831.0,0,0,OK,
municipalidades_2022,P43_9,object,Int64,cast_to_integer_nullable,14,14.0,0,0,OK,
municipalidades_2022,P44_1,object,Int64,cast_to_integer_nullable,14,14.0,0,0,OK,
municipalidades_2022,P44_1_1,object,Int64,cast_to_integer_nullable,1554,1557.0,3,0,CONVERSION_ERRORS,
municipalidades_2022,P44_2,object,Int64,cast_to_integer_nullable,14,14.0,0,0,OK,
municipalidades_2022,P44_2_1,object,Int64,cast_to_integer_nullable,335,337.0,2,0,CONVERSION_ERRORS,
municipalidades_2022,P44_3,object,Int64,cast_to_integer_nullable,14,14.0,0,0,OK,
municipalidades_2022,P44_3_1,object,Int64,cast_to_integer_nullable,1231,1237.0,6,0,CONVERSION_ERRORS,
municipalidades_2022,P44_4,object,Int64,cast_to_integer_nullable,14,14.0,0,0,OK,
municipalidades_2022,P44_4_1,object,Int64,cast_to_integer_nullable,1707,1707.0,0,0,OK,
municipalidades_2022,P44_5,object,Int64,cast_to_integer_nullable,14,14.0,0,0,OK,
municipalidades_2022,P44_5_1,object,object,kept_without_explicit_rule,1704,1704.0,0,0,OK,
municipalidades_2022,P44_5_O,object,object,kept_without_explicit_rule,1704,1704.0,0,0,OK,
municipalidades_2022,P46_1,object,Int64,cast_to_integer_nullable,0,0.0,0,0,OK,
municipalidades_2022,P46A_1,object,Int64,cast_to_integer_nullable,1539,1539.0,0,0,OK,
municipalidades_2022,P46_2,object,Int64,cast_to_integer_nullable,0,0.0,0,0,OK,
municipalidades_2022,P46A_2,object,Int64,cast_to_integer_nullable,1734,1734.0,0,0,OK,
municipalidades_2022,P47,object,Int64,cast_to_integer_nullable,0,0.0,0,0,OK,
municipalidades_2022,P47_T,object,Int64,cast_to_integer_nullable,1505,1505.0,0,0,OK,
municipalidades_2022,P47_M,object,Int64,cast_to_integer_nullable,1505,1505.0,0,0,OK,
municipalidades_2022,P47_H,object,Int64,cast_to_integer_nullable,1505,1505.0,0,0,OK,
municipalidades_2022,P48_1,object,Int64,cast_to_integer_nullable,0,0.0,0,0,OK,
municipalidades_2022,P48A_1,object,Int64,cast_to_integer_nullable,701,701.0,0,0,OK,
municipalidades_2022,P48_2,object,Int64,cast_to_integer_nullable,0,0.0,0,0,OK,
municipalidades_2022,P48A_2,object,Int64,cast_to_integer_nullable,1388,1388.0,0,0,OK,
municipalidades_2022,P48_3,object,Int64,cast_to_integer_nullable,0,0.0,0,0,OK,
municipalidades_2022,P48A_3,object,Int64,cast_to_integer_nullable,1307,1307.0,0,0,OK,
municipalidades_2022,P48_4,object,Int64,cast_to_integer_nullable,0,0.0,0,0,OK,
municipalidades_2022,P48A_4,object,Int64,cast_to_integer_nullable,1125,1125.0,0,0,OK,
municipalidades_2022,P48_5,object,Int64,cast_to_integer_nullable,0,0.0,0,0,OK,
municipalidades_2022,P48A_5,object,Int64,cast_to_integer_nullable,1586,1586.0,0,0,OK,
municipalidades_2022,P48_6,object,Int64,cast_to_integer_nullable,0,0.0,0,0,OK,
municipalidades_2022,P48A_6,object,Int64,cast_to_integer_nullable,1554,1554.0,0,0,OK,
municipalidades_2022,P48_7,object,Int64,cast_to_integer_nullable,0,0.0,0,0,OK,
municipalidades_2022,P48A_7,object,Int64,cast_to_integer_nullable,1591,1591.0,0,0,OK,
municipalidades_2022,P48_8,object,Int64,cast_to_integer_nullable,0,0.0,0,0,OK,
municipalidades_2022,P48A_8,object,Int64,cast_to_integer_nullable,1557,1557.0,0,0,OK,
municipalidades_2022,P48_9,object,Int64,cast_to_integer_nullable,0,0.0,0,0,OK,
municipalidades_2022,P48A_9,object,Int64,cast_to_integer_nullable,1448,1448.0,0,0,OK,
municipalidades_2022,P48_10,object,Int64,cast_to_integer_nullable,0,0.0,0,0,OK,
municipalidades_2022,P48A_10,object,Int64,cast_to_integer_nullable,1684,1684.0,0,0,OK,
municipalidades_2022,P48_11,object,Int64,cast_to_integer_nullable,0,0.0,0,0,OK,
municipalidades_2022,P48A_11,object,Int64,cast_to_integer_nullable,1563,1563.0,0,0,OK,
municipalidades_2022,P48_12,object,Int64,cast_to_integer_nullable,0,0.0,0,0,OK,
municipalidades_2022,P48A_12,object,Int64,cast_to_integer_nullable,1830,1830.0,0,0,OK,
municipalidades_2022,P48_12_O,object,object,kept_without_explicit_rule,1830,1830.0,0,0,OK,
municipalidades_2022,P48B_1,object,Int64,cast_to_integer_nullable,0,0.0,0,0,OK,
municipalidades_2022,P48B_2,object,Int64,cast_to_integer_nullable,0,0.0,0,0,OK,
municipalidades_2022,P48B_3,object,Int64,cast_to_integer_nullable,0,0.0,0,0,OK,
municipalidades_2022,P49,object,Int64,cast_to_integer_nullable,0,0.0,0,0,OK,
municipalidades_2022,P49_1,object,Int64,cast_to_integer_nullable,705,705.0,0,0,OK,
municipalidades_2022,P49_2,object,Int64,cast_to_integer_nullable,1072,1072.0,0,0,OK,
municipalidades_2022,P50A,object,Int64,cast_to_integer_nullable,0,0.0,0,0,OK,
municipalidades_2022,P50A_C,object,object,kept_without_explicit_rule,519,519.0,0,0,OK,
municipalidades_2022,P50B,object,Int64,cast_to_integer_nullable,0,0.0,0,0,OK,
municipalidades_2022,P50B_C,object,object,kept_without_explicit_rule,869,869.0,0,0,OK,
municipalidades_2022,P50C,object,Int64,cast_to_integer_nullable,0,0.0,0,0,OK,
municipalidades_2022,P50C_C,object,object,kept_without_explicit_rule,1808,1808.0,0,0,OK,
municipalidades_2022,P50D,object,Int64,cast_to_integer_nullable,0,0.0,0,0,OK,
municipalidades_2022,P50D_C,object,object,kept_without_explicit_rule,1303,1303.0,0,0,OK,
municipalidades_2022,P50E,object,Int64,cast_to_integer_nullable,0,0.0,0,0,OK,
municipalidades_2022,P50E_C,object,object,kept_without_explicit_rule,1489,1489.0,0,0,OK,
municipalidades_2022,P50F,object,Int64,cast_to_integer_nullable,0,0.0,0,0,OK,
municipalidades_2022,P50F_C,object,object,kept_without_explicit_rule,1627,1627.0,0,0,OK,
municipalidades_2022,P51,object,Int64,cast_to_integer_nullable,0,0.0,0,0,OK,
municipalidades_2022,P51_1,object,Int64,cast_to_integer_nullable,1428,1428.0,0,0,OK,
municipalidades_2022,P51_2,object,Int64,cast_to_integer_nullable,1566,1566.0,0,0,OK,
municipalidades_2022,P52,object,Int64,cast_to_integer_nullable,1428,1428.0,0,0,OK,
municipalidades_2022,P53_1,object,object,kept_without_explicit_rule,1566,1566.0,0,0,OK,
municipalidades_2022,P53A_1,object,Int64,cast_to_integer_nullable,1607,1607.0,0,0,OK,
municipalidades_2022,P53_2,object,Int64,cast_to_integer_nullable,1566,1566.0,0,0,OK,
municipalidades_2022,P53_3,object,Int64,cast_to_integer_nullable,1566,1566.0,0,0,OK,
municipalidades_2022,P53_4,object,Int64,cast_to_integer_nullable,1566,1566.0,0,0,OK,
municipalidades_2022,P53_5,object,Int64,cast_to_integer_nullable,1566,1566.0,0,0,OK,
municipalidades_2022,P53_6,object,Int64,cast_to_integer_nullable,1566,1566.0,0,0,OK,
municipalidades_2022,P53_7,object,Int64,cast_to_integer_nullable,1566,1566.0,0,0,OK,
municipalidades_2022,P53_8,object,Int64,cast_to_integer_nullable,1566,1566.0,0,0,OK,
municipalidades_2022,P53_9,object,Int64,cast_to_integer_nullable,1566,1566.0,0,0,OK,
municipalidades_2022,P54,object,Int64,cast_to_integer_nullable,1566,1566.0,0,0,OK,
municipalidades_2022,P54_T,object,Int64,cast_to_integer_nullable,1670,1670.0,0,0,OK,
municipalidades_2022,P54_M,object,Int64,cast_to_integer_nullable,1670,1670.0,0,0,OK,
municipalidades_2022,P54_H,object,Int64,cast_to_integer_nullable,1670,1670.0,0,0,OK,
municipalidades_2022,P54_1_T,object,Int64,cast_to_integer_nullable,1670,1670.0,0,0,OK,
municipalidades_2022,P54_1_M,object,Int64,cast_to_integer_nullable,1670,1670.0,0,0,OK,
municipalidades_2022,P54_1_H,object,Int64,cast_to_integer_nullable,1670,1670.0,0,0,OK,
municipalidades_2022,P54_2_T,object,Int64,cast_to_integer_nullable,1670,1670.0,0,0,OK,
municipalidades_2022,P54_2_M,object,Int64,cast_to_integer_nullable,1670,1670.0,0,0,OK,
municipalidades_2022,P54_2_H,object,Int64,cast_to_integer_nullable,1670,1670.0,0,0,OK,
municipalidades_2022,P55_1,object,Int64,cast_to_integer_nullable,1428,1428.0,0,0,OK,
municipalidades_2022,P55_1_1,object,Int64,cast_to_integer_nullable,1443,1443.0,0,0,OK,
municipalidades_2022,P55_2,object,Int64,cast_to_integer_nullable,1428,1428.0,0,0,OK,
municipalidades_2022,P55_2_1,object,Int64,cast_to_integer_nullable,1833,1833.0,0,0,OK,
municipalidades_2022,P55_3,object,Int64,cast_to_integer_nullable,1428,1428.0,0,0,OK,
municipalidades_2022,P55_3_1,object,Int64,cast_to_integer_nullable,1666,1666.0,0,0,OK,
municipalidades_2022,P55_4,object,Int64,cast_to_integer_nullable,1428,1428.0,0,0,OK,
municipalidades_2022,P55_4_1,object,Int64,cast_to_integer_nullable,1798,1798.0,0,0,OK,
municipalidades_2022,P55_5,object,Int64,cast_to_integer_nullable,1428,1428.0,0,0,OK,
municipalidades_2022,P55_5_1,object,Int64,cast_to_integer_nullable,1822,1822.0,0,0,OK,
municipalidades_2022,P55_6,object,Int64,cast_to_integer_nullable,1428,1428.0,0,0,OK,
municipalidades_2022,P55_6_1,object,Int64,cast_to_integer_nullable,1833,1833.0,0,0,OK,
municipalidades_2022,P55_7,object,Int64,cast_to_integer_nullable,1428,1428.0,0,0,OK,
municipalidades_2022,P55_7_1,object,Int64,cast_to_integer_nullable,1868,1868.0,0,0,OK,
municipalidades_2022,P55_7_O,object,object,kept_without_explicit_rule,1868,1868.0,0,0,OK,
municipalidades_2022,P55_8,object,Int64,cast_to_integer_nullable,1428,1428.0,0,0,OK,
municipalidades_2022,P55_8_1,object,Int64,cast_to_integer_nullable,1742,1742.0,0,0,OK,
municipalidades_2022,P55_9,object,Int64,cast_to_integer_nullable,1428,1428.0,0,0,OK,
municipalidades_2022,P55_9_1,object,Int64,cast_to_integer_nullable,1781,1781.0,0,0,OK,
municipalidades_2022,P56,object,Int64,cast_to_integer_nullable,1428,1428.0,0,0,OK,
municipalidades_2022,P56_T,object,Int64,cast_to_integer_nullable,1662,1662.0,0,0,OK,
municipalidades_2022,P56_A,object,Int64,cast_to_integer_nullable,1662,1662.0,0,0,OK,
municipalidades_2022,P57_1,object,Int64,cast_to_integer_nullable,1428,1428.0,0,0,OK,
municipalidades_2022,P57_1_1,object,Int64,cast_to_integer_nullable,1841,1841.0,0,0,OK,
municipalidades_2022,P57_2,object,Int64,cast_to_integer_nullable,1428,1428.0,0,0,OK,
municipalidades_2022,P57_2_1,object,Int64,cast_to_integer_nullable,1711,1711.0,0,0,OK,
municipalidades_2022,P57_3,object,Int64,cast_to_integer_nullable,1428,1428.0,0,0,OK,
municipalidades_2022,P57_3_1,object,Int64,cast_to_integer_nullable,1849,1849.0,0,0,OK,
municipalidades_2022,P57_4,object,Int64,cast_to_integer_nullable,1428,1428.0,0,0,OK,
municipalidades_2022,P57_4_1,object,Int64,cast_to_integer_nullable,1796,1796.0,0,0,OK,
municipalidades_2022,P57_5,object,Int64,cast_to_integer_nullable,1428,1428.0,0,0,OK,
municipalidades_2022,P57_5_1,object,Int64,cast_to_integer_nullable,1850,1850.0,0,0,OK,
municipalidades_2022,P57_6,object,Int64,cast_to_integer_nullable,1428,1428.0,0,0,OK,
municipalidades_2022,P57_6_1,object,Int64,cast_to_integer_nullable,1863,1863.0,0,0,OK,
municipalidades_2022,P57_6_O,object,object,kept_without_explicit_rule,1863,1863.0,0,0,OK,
municipalidades_2022,P58_1,object,Int64,cast_to_integer_nullable,0,0.0,0,0,OK,
municipalidades_2022,P58_1_1,object,Int64,cast_to_integer_nullable,1744,1744.0,0,0,OK,
municipalidades_2022,P58_2,object,Int64,cast_to_integer_nullable,0,0.0,0,0,OK,
municipalidades_2022,P58_2_1,object,Int64,cast_to_integer_nullable,1805,1805.0,0,0,OK,
municipalidades_2022,P58_3,object,Int64,cast_to_integer_nullable,0,0.0,0,0,OK,
municipalidades_2022,P58_3_1,object,Int64,cast_to_integer_nullable,1779,1779.0,0,0,OK,
municipalidades_2022,P58_4,object,Int64,cast_to_integer_nullable,0,0.0,0,0,OK,
municipalidades_2022,P58_4_1,object,Int64,cast_to_integer_nullable,1812,1812.0,0,0,OK,
municipalidades_2022,P58_4_O,object,object,kept_without_explicit_rule,1812,1812.0,0,0,OK,
municipalidades_2022,P59_1,object,Int64,cast_to_integer_nullable,0,0.0,0,0,OK,
municipalidades_2022,P59_1_1,object,Int64,cast_to_integer_nullable,786,786.0,0,0,OK,
municipalidades_2022,P59_2,object,Int64,cast_to_integer_nullable,0,0.0,0,0,OK,
municipalidades_2022,P59_2_1,object,Int64,cast_to_integer_nullable,1300,1300.0,0,0,OK,
municipalidades_2022,P59_3,object,Int64,cast_to_integer_nullable,0,0.0,0,0,OK,
municipalidades_2022,P59_3_1,object,Int64,cast_to_integer_nullable,1469,1469.0,0,0,OK,
municipalidades_2022,P59_4,object,Int64,cast_to_integer_nullable,0,0.0,0,0,OK,
municipalidades_2022,P59_4_1,object,Int64,cast_to_integer_nullable,1168,1168.0,0,0,OK,
municipalidades_2022,P59_5,object,Int64,cast_to_integer_nullable,0,0.0,0,0,OK,
municipalidades_2022,P59_5_1,object,Int64,cast_to_integer_nullable,1431,1431.0,0,0,OK,
municipalidades_2022,P59_6,object,Int64,cast_to_integer_nullable,0,0.0,0,0,OK,
municipalidades_2022,P59_6_1,object,Int64,cast_to_integer_nullable,1698,1698.0,0,0,OK,
municipalidades_2022,P59_7,object,Int64,cast_to_integer_nullable,0,0.0,0,0,OK,
municipalidades_2022,P59_7_1,object,Int64,cast_to_integer_nullable,1782,1782.0,0,0,OK,
municipalidades_2022,P59_8,object,Int64,cast_to_integer_nullable,0,0.0,0,0,OK,
municipalidades_2022,P59_8_1,object,Int64,cast_to_integer_nullable,1699,1699.0,0,0,OK,
municipalidades_2022,P59_9,object,Int64,cast_to_integer_nullable,0,0.0,0,0,OK,
municipalidades_2022,P59_9_1,object,Int64,cast_to_integer_nullable,1678,1678.0,0,0,OK,
municipalidades_2022,P59_10,object,Int64,cast_to_integer_nullable,0,0.0,0,0,OK,
municipalidades_2022,P59_10_1,object,Int64,cast_to_integer_nullable,1861,1861.0,0,0,OK,
municipalidades_2022,P59_11,object,Int64,cast_to_integer_nullable,0,0.0,0,0,OK,
municipalidades_2022,P59_11_1,object,Int64,cast_to_integer_nullable,1726,1726.0,0,0,OK,
municipalidades_2022,P59_11_O,object,object,kept_without_explicit_rule,1726,1726.0,0,0,OK,
municipalidades_2022,P60A_1,object,object,kept_without_explicit_rule,0,0.0,0,0,OK,
municipalidades_2022,P60A_1_1,object,Int64,cast_to_integer_nullable,0,0.0,0,0,OK,
municipalidades_2022,P60A_1_2,object,Int64,cast_to_integer_nullable,0,0.0,0,0,OK,
municipalidades_2022,P60A_2,object,Int64,cast_to_integer_nullable,0,0.0,0,0,OK,
municipalidades_2022,P60A_2_1,object,Int64,cast_to_integer_nullable,764,764.0,0,0,OK,
municipalidades_2022,P60A_2_2,object,Int64,cast_to_integer_nullable,764,764.0,0,0,OK,
municipalidades_2022,P60A_3,object,Int64,cast_to_integer_nullable,0,0.0,0,0,OK,
municipalidades_2022,P60A_3_1,object,Int64,cast_to_integer_nullable,1566,1566.0,0,0,OK,
municipalidades_2022,P60A_3_2,object,Int64,cast_to_integer_nullable,1566,1566.0,0,0,OK,
municipalidades_2022,P60A_4,object,Int64,cast_to_integer_nullable,0,0.0,0,0,OK,
municipalidades_2022,P60A_4_1,object,Int64,cast_to_integer_nullable,1697,1697.0,0,0,OK,
municipalidades_2022,P60A_4_2,object,Int64,cast_to_integer_nullable,1697,1697.0,0,0,OK,
municipalidades_2022,P60A_5,object,Int64,cast_to_integer_nullable,0,0.0,0,0,OK,
municipalidades_2022,P60A_5_1,object,Int64,cast_to_integer_nullable,1783,1783.0,0,0,OK,
municipalidades_2022,P60A_5_2,object,Int64,cast_to_integer_nullable,1783,1783.0,0,0,OK,
municipalidades_2022,P60A_5_O,object,object,kept_without_explicit_rule,1783,1783.0,0,0,OK,
municipalidades_2022,P60B_1A_1,object,Int64,cast_to_integer_nullable,0,0.0,0,0,OK,
municipalidades_2022,P60B_1_1,object,Int64,cast_to_integer_nullable,1,1.0,0,0,OK,
municipalidades_2022,P60B_2A_1,object,Int64,cast_to_integer_nullable,0,0.0,0,0,OK,
municipalidades_2022,P60B_2_1,object,Int64,cast_to_integer_nullable,913,913.0,0,0,OK,
municipalidades_2022,P60B_3A_1,object,Int64,cast_to_integer_nullable,0,0.0,0,0,OK,
municipalidades_2022,P60B_3_1,object,Int64,cast_to_integer_nullable,192,192.0,0,0,OK,
municipalidades_2022,P60B_4A_1,object,Int64,cast_to_integer_nullable,0,0.0,0,0,OK,
municipalidades_2022,P60B_4_1,object,Int64,cast_to_integer_nullable,402,402.0,0,0,OK,
municipalidades_2022,P60B_5A_1,object,Int64,cast_to_integer_nullable,0,0.0,0,0,OK,
municipalidades_2022,P60B_5_1,object,Int64,cast_to_integer_nullable,1559,1559.0,0,0,OK,
municipalidades_2022,P60B_6A_1,object,Int64,cast_to_integer_nullable,0,0.0,0,0,OK,
municipalidades_2022,P60B_6_1,object,Int64,cast_to_integer_nullable,570,570.0,0,0,OK,
municipalidades_2022,P60B_7A_1,object,Int64,cast_to_integer_nullable,0,0.0,0,0,OK,
municipalidades_2022,P60B_7_1,object,Int64,cast_to_integer_nullable,628,628.0,0,0,OK,
municipalidades_2022,P60B_T_1,object,Int64,cast_to_integer_nullable,0,0.0,0,0,OK,
municipalidades_2022,P61,object,Int64,cast_to_integer_nullable,0,0.0,0,0,OK,
municipalidades_2022,P61_1,object,Int64,cast_to_integer_nullable,784,784.0,0,0,OK,
municipalidades_2022,P61_2,object,Int64,cast_to_integer_nullable,784,784.0,0,0,OK,
municipalidades_2022,P62,object,Int64,cast_to_integer_nullable,0,0.0,0,0,OK,
municipalidades_2022,P62_1,object,Int64,cast_to_integer_nullable,264,264.0,0,0,OK,
municipalidades_2022,P63,object,Int64,cast_to_integer_nullable,0,0.0,0,0,OK,
municipalidades_2022,P64,object,Int64,cast_to_integer_nullable,0,0.0,0,0,OK,
municipalidades_2022,P64_1,object,Int64,cast_to_integer_nullable,479,479.0,0,0,OK,
municipalidades_2022,P64_1_1,object,Int64,cast_to_integer_nullable,570,570.0,0,0,OK,
municipalidades_2022,P64_2,object,Int64,cast_to_integer_nullable,479,479.0,0,0,OK,
municipalidades_2022,P64_2_1,object,Int64,cast_to_integer_nullable,997,997.0,0,0,OK,
municipalidades_2022,P64_3,object,Int64,cast_to_integer_nullable,479,479.0,0,0,OK,
municipalidades_2022,P64_3_1,object,Int64,cast_to_integer_nullable,939,939.0,0,0,OK,
municipalidades_2022,P64_4,object,Int64,cast_to_integer_nullable,479,479.0,0,0,OK,
municipalidades_2022,P64_4_1,object,Int64,cast_to_integer_nullable,1359,1359.0,0,0,OK,
municipalidades_2022,P64_5,object,Int64,cast_to_integer_nullable,479,479.0,0,0,OK,
municipalidades_2022,P64_5_1,object,Int64,cast_to_integer_nullable,1340,1340.0,0,0,OK,
municipalidades_2022,P64_6,object,Int64,cast_to_integer_nullable,479,479.0,0,0,OK,
municipalidades_2022,P64_6_1,object,Int64,cast_to_integer_nullable,1343,1343.0,0,0,OK,
municipalidades_2022,P64_7,object,Int64,cast_to_integer_nullable,479,479.0,0,0,OK,
municipalidades_2022,P64_7_1,object,Int64,cast_to_integer_nullable,1693,1693.0,0,0,OK,
municipalidades_2022,P64_8,object,Int64,cast_to_integer_nullable,479,479.0,0,0,OK,
municipalidades_2022,P64_8_1,object,Int64,cast_to_integer_nullable,1663,1663.0,0,0,OK,
municipalidades_2022,P64_9,object,Int64,cast_to_integer_nullable,479,479.0,0,0,OK,
municipalidades_2022,P64_9_1,object,Int64,cast_to_integer_nullable,1605,1605.0,0,0,OK,
municipalidades_2022,P64_10,object,Int64,cast_to_integer_nullable,479,479.0,0,0,OK,
municipalidades_2022,P64_10_1,object,Int64,cast_to_integer_nullable,1672,1672.0,0,0,OK,
municipalidades_2022,P64_11,object,Int64,cast_to_integer_nullable,479,479.0,0,0,OK,
municipalidades_2022,P64_11_1,object,Int64,cast_to_integer_nullable,1624,1624.0,0,0,OK,
municipalidades_2022,P64_12,object,Int64,cast_to_integer_nullable,479,479.0,0,0,OK,
municipalidades_2022,P64_12_1,object,Int64,cast_to_integer_nullable,1444,1444.0,0,0,OK,
municipalidades_2022,P64_13,object,Int64,cast_to_integer_nullable,479,479.0,0,0,OK,
municipalidades_2022,P64_13_1,object,Int64,cast_to_integer_nullable,1749,1749.0,0,0,OK,
municipalidades_2022,P64_14,object,Int64,cast_to_integer_nullable,479,479.0,0,0,OK,
municipalidades_2022,P64_14_1,object,Int64,cast_to_integer_nullable,1424,1424.0,0,0,OK,
municipalidades_2022,P64_15,object,Int64,cast_to_integer_nullable,479,479.0,0,0,OK,
municipalidades_2022,P64_15_1,object,Int64,cast_to_integer_nullable,1570,1570.0,0,0,OK,
municipalidades_2022,P64_16,object,Int64,cast_to_integer_nullable,479,479.0,0,0,OK,
municipalidades_2022,P64_16_1,object,Int64,cast_to_integer_nullable,1407,1407.0,0,0,OK,
municipalidades_2022,P64_17,object,Int64,cast_to_integer_nullable,479,479.0,0,0,OK,
municipalidades_2022,P64_17_1,object,Int64,cast_to_integer_nullable,1360,1360.0,0,0,OK,
municipalidades_2022,P64_18,object,Int64,cast_to_integer_nullable,479,479.0,0,0,OK,
municipalidades_2022,P64_18_1,object,Int64,cast_to_integer_nullable,1802,1802.0,0,0,OK,
municipalidades_2022,P64_18_O,object,object,kept_without_explicit_rule,1802,1802.0,0,0,OK,
municipalidades_2022,P64_19,object,Int64,cast_to_integer_nullable,479,479.0,0,0,OK,
municipalidades_2022,P64_19_1,object,Int64,cast_to_integer_nullable,1689,1689.0,0,0,OK,
municipalidades_2022,P66_1,object,Int64,cast_to_integer_nullable,1368,1368.0,0,0,OK,
municipalidades_2022,P66_1_1,object,Int64,cast_to_integer_nullable,1865,1865.0,0,0,OK,
municipalidades_2022,P66_2,object,Int64,cast_to_integer_nullable,1368,1368.0,0,0,OK,
municipalidades_2022,P66_2_1,object,Int64,cast_to_integer_nullable,1706,1706.0,0,0,OK,
municipalidades_2022,P66_3,object,Int64,cast_to_integer_nullable,1368,1368.0,0,0,OK,
municipalidades_2022,P66_3_1,object,Int64,cast_to_integer_nullable,1596,1596.0,0,0,OK,
municipalidades_2022,P66_4,object,Int64,cast_to_integer_nullable,1368,1368.0,0,0,OK,
municipalidades_2022,P66_4_1,object,Int64,cast_to_integer_nullable,1821,1821.0,0,0,OK,
municipalidades_2022,P66_5,object,Int64,cast_to_integer_nullable,1368,1368.0,0,0,OK,
municipalidades_2022,P66_5_1,object,Int64,cast_to_integer_nullable,1827,1827.0,0,0,OK,
municipalidades_2022,P66_6,object,Int64,cast_to_integer_nullable,1368,1368.0,0,0,OK,
municipalidades_2022,P66_6_1,object,object,kept_without_explicit_rule,1859,1859.0,0,0,OK,
municipalidades_2022,P66_7,object,Int64,cast_to_integer_nullable,1368,1368.0,0,0,OK,
municipalidades_2022,P66_7_1,object,Int64,cast_to_integer_nullable,1846,1846.0,0,0,OK,
municipalidades_2022,P66_8,object,Int64,cast_to_integer_nullable,1368,1368.0,0,0,OK,
municipalidades_2022,P66_8_1,object,Int64,cast_to_integer_nullable,1817,1817.0,0,0,OK,
municipalidades_2022,P66_9,object,Int64,cast_to_integer_nullable,1368,1368.0,0,0,OK,
municipalidades_2022,P66_9_1,object,Int64,cast_to_integer_nullable,1783,1783.0,0,0,OK,
municipalidades_2022,P66_10,object,Int64,cast_to_integer_nullable,1368,1368.0,0,0,OK,
municipalidades_2022,P66_10_1,object,Int64,cast_to_integer_nullable,1826,1826.0,0,0,OK,
municipalidades_2022,P67_1,object,object,kept_without_explicit_rule,0,0.0,0,0,OK,
municipalidades_2022,P67_2,object,Int64,cast_to_integer_nullable,0,0.0,0,0,OK,
municipalidades_2022,P67_3,object,Int64,cast_to_integer_nullable,0,0.0,0,0,OK,
municipalidades_2022,P67_4,object,Int64,cast_to_integer_nullable,0,0.0,0,0,OK,
municipalidades_2022,P67_5,object,Int64,cast_to_integer_nullable,0,0.0,0,0,OK,
municipalidades_2022,P67_6,object,Int64,cast_to_integer_nullable,0,0.0,0,0,OK,
municipalidades_2022,P67_7,object,Int64,cast_to_integer_nullable,0,0.0,0,0,OK,
municipalidades_2022,P67_8,object,Int64,cast_to_integer_nullable,0,0.0,0,0,OK,
municipalidades_2022,P67_9,object,Int64,cast_to_integer_nullable,0,0.0,0,0,OK,
municipalidades_2022,P67_10,object,Int64,cast_to_integer_nullable,0,0.0,0,0,OK,
municipalidades_2022,P67_11,object,Int64,cast_to_integer_nullable,0,0.0,0,0,OK,
municipalidades_2022,P67_11_O,object,object,kept_without_explicit_rule,1768,1768.0,0,0,OK,
municipalidades_2022,P67_12,object,Int64,cast_to_integer_nullable,0,0.0,0,0,OK,
municipalidades_2022,P68_1,object,object,kept_without_explicit_rule,0,0.0,0,0,OK,
municipalidades_2022,P68_2,object,Int64,cast_to_integer_nullable,0,0.0,0,0,OK,
municipalidades_2022,P68_3,object,Int64,cast_to_integer_nullable,0,0.0,0,0,OK,
municipalidades_2022,P68_4,object,Int64,cast_to_integer_nullable,0,0.0,0,0,OK,
municipalidades_2022,P68_5,object,Int64,cast_to_integer_nullable,0,0.0,0,0,OK,
municipalidades_2022,P68_6,object,Int64,cast_to_integer_nullable,0,0.0,0,0,OK,
municipalidades_2022,P68_7,object,Int64,cast_to_integer_nullable,0,0.0,0,0,OK,
municipalidades_2022,P68_10,object,Int64,cast_to_integer_nullable,0,0.0,0,0,OK,
municipalidades_2022,P68_11,object,Int64,cast_to_integer_nullable,0,0.0,0,0,OK,
municipalidades_2022,P68_8,object,Int64,cast_to_integer_nullable,0,0.0,0,0,OK,
municipalidades_2022,P68_8_O,object,object,kept_without_explicit_rule,1849,1849.0,0,0,OK,
municipalidades_2022,P68_9,object,Int64,cast_to_integer_nullable,0,0.0,0,0,OK,
municipalidades_2022,P69_1,object,Int64,cast_to_integer_nullable,0,0.0,0,0,OK,
municipalidades_2022,P69_1_T,object,Int64,cast_to_integer_nullable,672,672.0,0,0,OK,
municipalidades_2022,P69_1_M,object,Int64,cast_to_integer_nullable,672,672.0,0,0,OK,
municipalidades_2022,P69_1_H,object,Int64,cast_to_integer_nullable,672,672.0,0,0,OK,
municipalidades_2022,P69_2,object,Int64,cast_to_integer_nullable,0,0.0,0,0,OK,
municipalidades_2022,P69_2_T,object,Int64,cast_to_integer_nullable,676,676.0,0,0,OK,
municipalidades_2022,P69_2_M,object,Int64,cast_to_integer_nullable,676,676.0,0,0,OK,
municipalidades_2022,P69_2_H,object,Int64,cast_to_integer_nullable,676,676.0,0,0,OK,
municipalidades_2022,P70_1,object,Int64,cast_to_integer_nullable,676,676.0,0,0,OK,
municipalidades_2022,P70A_1_1,object,Int64,cast_to_integer_nullable,744,744.0,0,0,OK,
municipalidades_2022,P70A_1_2,object,Int64,cast_to_integer_nullable,744,744.0,0,0,OK,
municipalidades_2022,P70A_1_3,object,Int64,cast_to_integer_nullable,744,744.0,0,0,OK,
municipalidades_2022,P70_2,object,Int64,cast_to_integer_nullable,676,676.0,0,0,OK,
municipalidades_2022,P70A_2_1,object,Int64,cast_to_integer_nullable,744,744.0,0,0,OK,
municipalidades_2022,P70A_2_2,object,Int64,cast_to_integer_nullable,745,745.0,0,0,OK,
municipalidades_2022,P70A_2_3,object,Int64,cast_to_integer_nullable,744,744.0,0,0,OK,
municipalidades_2022,P70_3,object,Int64,cast_to_integer_nullable,676,676.0,0,0,OK,
municipalidades_2022,P70A_3_1,object,Int64,cast_to_integer_nullable,744,744.0,0,0,OK,
municipalidades_2022,P70A_3_2,object,Int64,cast_to_integer_nullable,746,746.0,0,0,OK,
municipalidades_2022,P70A_3_3,object,Int64,cast_to_integer_nullable,744,744.0,0,0,OK,
municipalidades_2022,P70_4,object,Int64,cast_to_integer_nullable,676,676.0,0,0,OK,
municipalidades_2022,P70A_4_1,object,Int64,cast_to_integer_nullable,744,744.0,0,0,OK,
municipalidades_2022,P70A_4_2,object,Int64,cast_to_integer_nullable,744,744.0,0,0,OK,
municipalidades_2022,P70A_4_3,object,Int64,cast_to_integer_nullable,744,744.0,0,0,OK,
municipalidades_2022,P70_5,object,Int64,cast_to_integer_nullable,676,676.0,0,0,OK,
municipalidades_2022,P70A_5_1,object,Int64,cast_to_integer_nullable,744,744.0,0,0,OK,
municipalidades_2022,P70A_5_2,object,Int64,cast_to_integer_nullable,744,744.0,0,0,OK,
municipalidades_2022,P70A_5_3,object,Int64,cast_to_integer_nullable,744,744.0,0,0,OK,
municipalidades_2022,P70A_5_O,object,object,kept_without_explicit_rule,1856,1856.0,0,0,OK,
municipalidades_2022,P70_6,object,Int64,cast_to_integer_nullable,676,676.0,0,0,OK,
municipalidades_2022,P70A_6_1,object,Int64,cast_to_integer_nullable,744,744.0,0,0,OK,
municipalidades_2022,P70A_6_2,object,Int64,cast_to_integer_nullable,744,744.0,0,0,OK,
municipalidades_2022,P70A_6_3,object,Int64,cast_to_integer_nullable,744,744.0,0,0,OK,
municipalidades_2022,P70_7,object,Int64,cast_to_integer_nullable,676,676.0,0,0,OK,
municipalidades_2022,P70A_7_1,object,Int64,cast_to_integer_nullable,744,744.0,0,0,OK,
municipalidades_2022,P70A_7_2,object,Int64,cast_to_integer_nullable,744,744.0,0,0,OK,
municipalidades_2022,P70A_7_3,object,Int64,cast_to_integer_nullable,744,744.0,0,0,OK,
municipalidades_2022,P70_8,object,Int64,cast_to_integer_nullable,676,676.0,0,0,OK,
municipalidades_2022,P70A_8_1,object,Int64,cast_to_integer_nullable,744,744.0,0,0,OK,
municipalidades_2022,P70A_8_2,object,Int64,cast_to_integer_nullable,744,744.0,0,0,OK,
municipalidades_2022,P70A_8_3,object,Int64,cast_to_integer_nullable,744,744.0,0,0,OK,
municipalidades_2022,P70A_8_O,object,object,kept_without_explicit_rule,1784,1784.0,0,0,OK,
municipalidades_2022,P70_9,object,Int64,cast_to_integer_nullable,676,676.0,0,0,OK,
municipalidades_2022,P70A_9_1,object,Int64,cast_to_integer_nullable,744,744.0,0,0,OK,
municipalidades_2022,P70A_9_2,object,Int64,cast_to_integer_nullable,744,744.0,0,0,OK,
municipalidades_2022,P70A_9_3,object,Int64,cast_to_integer_nullable,744,744.0,0,0,OK,
municipalidades_2022,P70_10,object,Int64,cast_to_integer_nullable,676,676.0,0,0,OK,
municipalidades_2022,P70A_10_1,object,Int64,cast_to_integer_nullable,744,744.0,0,0,OK,
municipalidades_2022,P70A_10_2,object,Int64,cast_to_integer_nullable,744,744.0,0,0,OK,
municipalidades_2022,P70A_10_3,object,Int64,cast_to_integer_nullable,744,744.0,0,0,OK,
municipalidades_2022,P70_11,object,Int64,cast_to_integer_nullable,676,676.0,0,0,OK,
municipalidades_2022,P70A_11_1,object,Int64,cast_to_integer_nullable,744,744.0,0,0,OK,
municipalidades_2022,P70A_11_2,object,Int64,cast_to_integer_nullable,744,744.0,0,0,OK,
municipalidades_2022,P70A_11_3,object,object,kept_without_explicit_rule,744,744.0,0,0,OK,
municipalidades_2022,P70A_11_O,object,object,kept_without_explicit_rule,1847,1847.0,0,0,OK,
municipalidades_2022,P70_12,object,Int64,cast_to_integer_nullable,676,676.0,0,0,OK,
municipalidades_2022,P70A_12_1,object,Int64,cast_to_integer_nullable,744,744.0,0,0,OK,
municipalidades_2022,P70_13,object,Int64,cast_to_integer_nullable,676,676.0,0,0,OK,
municipalidades_2022,P70A_13_1,object,Int64,cast_to_integer_nullable,744,744.0,0,0,OK,
municipalidades_2022,P70_14,object,Int64,cast_to_integer_nullable,676,676.0,0,0,OK,
municipalidades_2022,P70A_14_1,object,Int64,cast_to_integer_nullable,744,744.0,0,0,OK,
municipalidades_2022,P70_15,object,Int64,cast_to_integer_nullable,676,676.0,0,0,OK,
municipalidades_2022,P70A_15_1,object,Int64,cast_to_integer_nullable,744,744.0,0,0,OK,
municipalidades_2022,P70_16,object,Int64,cast_to_integer_nullable,676,676.0,0,0,OK,
municipalidades_2022,P70A_16_1,object,Int64,cast_to_integer_nullable,744,744.0,0,0,OK,
municipalidades_2022,P70A_16_O,object,object,kept_without_explicit_rule,1804,1804.0,0,0,OK,
municipalidades_2022,P71,object,object,kept_without_explicit_rule,672,672.0,0,0,OK,
municipalidades_2022,P71_1,object,Int64,cast_to_integer_nullable,811,811.0,0,0,OK,
municipalidades_2022,P71A_1,object,Int64,cast_to_integer_nullable,1407,1407.0,0,0,OK,
municipalidades_2022,P71_2,object,Int64,cast_to_integer_nullable,811,811.0,0,0,OK,
municipalidades_2022,P71A_2,object,Int64,cast_to_integer_nullable,1285,1285.0,0,0,OK,
municipalidades_2022,P71_3,object,Int64,cast_to_integer_nullable,811,811.0,0,0,OK,
municipalidades_2022,P71A_3,object,Int64,cast_to_integer_nullable,1505,1505.0,0,0,OK,
municipalidades_2022,P71_4,object,Int64,cast_to_integer_nullable,811,811.0,0,0,OK,
municipalidades_2022,P71A_4,object,Int64,cast_to_integer_nullable,1620,1620.0,0,0,OK,
municipalidades_2022,P71_5,object,Int64,cast_to_integer_nullable,811,811.0,0,0,OK,
municipalidades_2022,P71A_5,object,Int64,cast_to_integer_nullable,1531,1531.0,0,0,OK,
municipalidades_2022,P71_6,object,Int64,cast_to_integer_nullable,811,811.0,0,0,OK,
municipalidades_2022,P71A_6,object,Int64,cast_to_integer_nullable,982,982.0,0,0,OK,
municipalidades_2022,P71_7,object,Int64,cast_to_integer_nullable,811,811.0,0,0,OK,
municipalidades_2022,P71A_7,object,Int64,cast_to_integer_nullable,1519,1519.0,0,0,OK,
municipalidades_2022,P71_8,object,Int64,cast_to_integer_nullable,811,811.0,0,0,OK,
municipalidades_2022,P71A_8,object,Int64,cast_to_integer_nullable,1133,1133.0,0,0,OK,
municipalidades_2022,P71_9,object,Int64,cast_to_integer_nullable,811,811.0,0,0,OK,
municipalidades_2022,P71A_9,object,Int64,cast_to_integer_nullable,1415,1415.0,0,0,OK,
municipalidades_2022,P71_10,object,Int64,cast_to_integer_nullable,811,811.0,0,0,OK,
municipalidades_2022,P71A_10,object,Int64,cast_to_integer_nullable,1043,1043.0,0,0,OK,
municipalidades_2022,P71_11,object,Int64,cast_to_integer_nullable,811,811.0,0,0,OK,
municipalidades_2022,P71A_11,object,Int64,cast_to_integer_nullable,1658,1658.0,0,0,OK,
municipalidades_2022,P71_12,object,Int64,cast_to_integer_nullable,811,811.0,0,0,OK,
municipalidades_2022,P71A_12,object,Int64,cast_to_integer_nullable,1776,1776.0,0,0,OK,
municipalidades_2022,P71A_12_O,object,object,kept_without_explicit_rule,1776,1776.0,0,0,OK,
municipalidades_2022,P72A,object,Int64,cast_to_integer_nullable,676,676.0,0,0,OK,
municipalidades_2022,P72A_1,object,Int64,cast_to_integer_nullable,682,682.0,0,0,OK,
municipalidades_2022,P72A_2,object,Int64,cast_to_integer_nullable,683,683.0,0,0,OK,
municipalidades_2022,P72B,object,Int64,cast_to_integer_nullable,678,678.0,0,0,OK,
municipalidades_2022,P72B_1,object,Int64,cast_to_integer_nullable,798,798.0,0,0,OK,
municipalidades_2022,P73_1,object,object,kept_without_explicit_rule,798,798.0,0,0,OK,
municipalidades_2022,P73_2,object,Int64,cast_to_integer_nullable,799,799.0,0,0,OK,
municipalidades_2022,P73_3,object,Int64,cast_to_integer_nullable,798,798.0,0,0,OK,
municipalidades_2022,P73_4,object,Int64,cast_to_integer_nullable,799,799.0,0,0,OK,
municipalidades_2022,P73_4_O,object,object,kept_without_explicit_rule,1867,1867.0,0,0,OK,
municipalidades_2022,P74,object,Int64,cast_to_integer_nullable,798,798.0,0,0,OK,
municipalidades_2022,P75,object,Int64,cast_to_integer_nullable,0,0.0,0,0,OK,
municipalidades_2022,P76_1,object,Int64,cast_to_integer_nullable,195,195.0,0,0,OK,
municipalidades_2022,P76A_1,object,Int64,cast_to_integer_nullable,309,309.0,0,0,OK,
municipalidades_2022,P76_2,object,Int64,cast_to_integer_nullable,195,195.0,0,0,OK,
municipalidades_2022,P76A_2,object,Int64,cast_to_integer_nullable,870,870.0,0,0,OK,
municipalidades_2022,P76_3,object,Int64,cast_to_integer_nullable,195,195.0,0,0,OK,
municipalidades_2022,P76A_3,object,Int64,cast_to_integer_nullable,900,900.0,0,0,OK,
municipalidades_2022,P76_4,object,Int64,cast_to_integer_nullable,195,195.0,0,0,OK,
municipalidades_2022,P76A_4,object,Int64,cast_to_integer_nullable,816,816.0,0,0,OK,
municipalidades_2022,P76_5,object,Int64,cast_to_integer_nullable,195,195.0,0,0,OK,
municipalidades_2022,P76A_5,object,Int64,cast_to_integer_nullable,1112,1112.0,0,0,OK,
municipalidades_2022,P76_6,object,Int64,cast_to_integer_nullable,195,195.0,0,0,OK,
municipalidades_2022,P76_7,object,Int64,cast_to_integer_nullable,195,195.0,0,0,OK,
municipalidades_2022,P77_1,object,object,kept_without_explicit_rule,263,263.0,0,0,OK,
municipalidades_2022,P77_2,object,Int64,cast_to_integer_nullable,263,263.0,0,0,OK,
municipalidades_2022,P77_3,object,Int64,cast_to_integer_nullable,263,263.0,0,0,OK,
municipalidades_2022,P77_4,object,Int64,cast_to_integer_nullable,1806,1806.0,0,0,OK,
municipalidades_2022,P78_1,object,object,kept_without_explicit_rule,376,376.0,0,0,OK,
municipalidades_2022,P78_2,object,Int64,cast_to_integer_nullable,376,376.0,0,0,OK,
municipalidades_2022,P78_3,object,Int64,cast_to_integer_nullable,376,376.0,0,0,OK,
municipalidades_2022,P78_4,object,Int64,cast_to_integer_nullable,376,376.0,0,0,OK,
municipalidades_2022,P78_4_O,object,object,kept_without_explicit_rule,1714,1714.0,0,0,OK,
municipalidades_2022,P78_5,object,Int64,cast_to_integer_nullable,195,195.0,0,0,OK,
municipalidades_2022,P79_1,object,Int64,cast_to_integer_nullable,0,0.0,0,0,OK,
municipalidades_2022,P79A_1_1,object,Int64,cast_to_integer_nullable,1670,1670.0,0,0,OK,
municipalidades_2022,P79A_1_2,object,Int64,cast_to_integer_nullable,1670,1670.0,0,0,OK,
municipalidades_2022,P79_2,object,Int64,cast_to_integer_nullable,0,0.0,0,0,OK,
municipalidades_2022,P79A_2_1,object,Int64,cast_to_integer_nullable,1274,1274.0,0,0,OK,
municipalidades_2022,P79A_2_2,object,Int64,cast_to_integer_nullable,1274,1274.0,0,0,OK,
municipalidades_2022,P79_3,object,Int64,cast_to_integer_nullable,0,0.0,0,0,OK,
municipalidades_2022,P79A_3_1,object,Int64,cast_to_integer_nullable,1405,1405.0,0,0,OK,
municipalidades_2022,P79A_3_2,object,Int64,cast_to_integer_nullable,1405,1405.0,0,0,OK,
municipalidades_2022,P79_4,object,Int64,cast_to_integer_nullable,0,0.0,0,0,OK,
municipalidades_2022,P79A_4_1,object,Int64,cast_to_integer_nullable,1714,1714.0,0,0,OK,
municipalidades_2022,P79A_4_2,object,Int64,cast_to_integer_nullable,1714,1714.0,0,0,OK,
municipalidades_2022,P79_5,object,Int64,cast_to_integer_nullable,0,0.0,0,0,OK,
municipalidades_2022,P79A_5_1,object,Int64,cast_to_integer_nullable,1862,1862.0,0,0,OK,
municipalidades_2022,P79A_5_2,object,Int64,cast_to_integer_nullable,1862,1862.0,0,0,OK,
municipalidades_2022,P79A_5_O,object,object,kept_without_explicit_rule,1862,1862.0,0,0,OK,
municipalidades_2022,P79_6,object,Int64,cast_to_integer_nullable,0,0.0,0,0,OK,
municipalidades_2022,P79A_6_1,object,Int64,cast_to_integer_nullable,753,753.0,0,0,OK,
municipalidades_2022,P79A_6_2,object,Int64,cast_to_integer_nullable,753,753.0,0,0,OK,
municipalidades_2022,P80_1,object,object,kept_without_explicit_rule,0,0.0,0,0,OK,
municipalidades_2022,P80_2,object,Int64,cast_to_integer_nullable,0,0.0,0,0,OK,
municipalidades_2022,P80_3,object,Int64,cast_to_integer_nullable,0,0.0,0,0,OK,
municipalidades_2022,P80_4,object,Int64,cast_to_integer_nullable,0,0.0,0,0,OK,
municipalidades_2022,P80_5,object,Int64,cast_to_integer_nullable,0,0.0,0,0,OK,
municipalidades_2022,P80_6,object,Int64,cast_to_integer_nullable,0,0.0,0,0,OK,
municipalidades_2022,P80_7,object,Int64,cast_to_integer_nullable,0,0.0,0,0,OK,
municipalidades_2022,P80_8,object,Int64,cast_to_integer_nullable,0,0.0,0,0,OK,
municipalidades_2022,P80_9,object,Int64,cast_to_integer_nullable,0,0.0,0,0,OK,
municipalidades_2022,P80_9_O,object,object,kept_without_explicit_rule,1814,1814.0,0,0,OK,
municipalidades_2022,P80_10,object,Int64,cast_to_integer_nullable,0,0.0,0,0,OK,
municipalidades_2022,P84A,object,Int64,cast_to_integer_nullable,0,0.0,0,0,OK,
municipalidades_2022,P84A_1A,object,Int64,cast_to_integer_nullable,1072,1072.0,0,0,OK,
municipalidades_2022,P85_1,object,Int64,cast_to_integer_nullable,0,0.0,0,0,OK,
municipalidades_2022,P86_1,object,Int64,cast_to_integer_nullable,1022,1022.0,0,0,OK,
municipalidades_2022,P87_1,object,Int64,cast_to_integer_nullable,1022,1022.0,0,0,OK,
municipalidades_2022,P87_2,object,Int64,cast_to_integer_nullable,1022,1022.0,0,0,OK,
municipalidades_2022,P87_3,object,Int64,cast_to_integer_nullable,1022,1022.0,0,0,OK,
municipalidades_2022,P87_4,object,Int64,cast_to_integer_nullable,1022,1022.0,0,0,OK,
municipalidades_2022,P87_5,object,Int64,cast_to_integer_nullable,1022,1022.0,0,0,OK,
municipalidades_2022,P87_6,object,Int64,cast_to_integer_nullable,1022,1022.0,0,0,OK,
municipalidades_2022,P87_6_O,object,object,kept_without_explicit_rule,1847,1847.0,0,0,OK,
municipalidades_2022,P87A,object,Int64,cast_to_integer_nullable,0,0.0,0,0,OK,
municipalidades_2022,P87A_1A,object,Int64,cast_to_integer_nullable,1399,1399.0,0,0,OK,
municipalidades_2022,P88,object,Int64,cast_to_integer_nullable,0,0.0,0,0,OK,
municipalidades_2022,P88_1,object,object,kept_without_explicit_rule,621,621.0,0,0,OK,
municipalidades_2022,P88_2,object,Int64,cast_to_integer_nullable,621,621.0,0,0,OK,
municipalidades_2022,P88_3,object,Int64,cast_to_integer_nullable,621,621.0,0,0,OK,
municipalidades_2022,P88_4,object,Int64,cast_to_integer_nullable,621,621.0,0,0,OK,
municipalidades_2022,P88_5,object,Int64,cast_to_integer_nullable,621,621.0,0,0,OK,
municipalidades_2022,P88_6,object,Int64,cast_to_integer_nullable,621,621.0,0,0,OK,
municipalidades_2022,P88_7,object,Int64,cast_to_integer_nullable,621,621.0,0,0,OK,
municipalidades_2022,P88_8,object,Int64,cast_to_integer_nullable,621,621.0,0,0,OK,
municipalidades_2022,P88_8_O,object,object,kept_without_explicit_rule,1828,1828.0,0,0,OK,
municipalidades_2022,P88_9,object,Int64,cast_to_integer_nullable,621,621.0,0,0,OK,
municipalidades_2022,P89,object,Int64,cast_to_integer_nullable,0,0.0,0,0,OK,
municipalidades_2022,P89_1,object,object,kept_without_explicit_rule,275,275.0,0,0,OK,
municipalidades_2022,P89_2,object,Int64,cast_to_integer_nullable,275,275.0,0,0,OK,
municipalidades_2022,P89_3,object,Int64,cast_to_integer_nullable,275,275.0,0,0,OK,
municipalidades_2022,P89_4,object,Int64,cast_to_integer_nullable,275,275.0,0,0,OK,
municipalidades_2022,P89_5,object,Int64,cast_to_integer_nullable,275,275.0,0,0,OK,
municipalidades_2022,P89_5_O,object,object,kept_without_explicit_rule,1818,1818.0,0,0,OK,
municipalidades_2022,P89_6,object,Int64,cast_to_integer_nullable,275,275.0,0,0,OK,
municipalidades_2022,P90_1,object,object,kept_without_explicit_rule,275,275.0,0,0,OK,
municipalidades_2022,P90_2,object,Int64,cast_to_integer_nullable,275,275.0,0,0,OK,
municipalidades_2022,P90A_2,object,Int64,cast_to_integer_nullable,780,780.0,0,0,OK,
municipalidades_2022,P90_3,object,Int64,cast_to_integer_nullable,275,275.0,0,0,OK,
municipalidades_2022,P90_4,object,Int64,cast_to_integer_nullable,275,275.0,0,0,OK,
municipalidades_2022,P90_5,object,Int64,cast_to_integer_nullable,275,275.0,0,0,OK,
municipalidades_2022,P90_6,object,Int64,cast_to_integer_nullable,275,275.0,0,0,OK,
municipalidades_2022,P90_6_O,object,object,kept_without_explicit_rule,1844,1844.0,0,0,OK,
municipalidades_2022,P90_7,object,Int64,cast_to_integer_nullable,275,275.0,0,0,OK,
municipalidades_2022,P94_1,object,object,kept_without_explicit_rule,0,0.0,0,0,OK,
municipalidades_2022,P94_2,object,Int64,cast_to_integer_nullable,0,0.0,0,0,OK,
municipalidades_2022,P94_3,object,Int64,cast_to_integer_nullable,0,0.0,0,0,OK,
municipalidades_2022,P94_4,object,Int64,cast_to_integer_nullable,0,0.0,0,0,OK,
municipalidades_2022,P94_5,object,Int64,cast_to_integer_nullable,0,0.0,0,0,OK,
municipalidades_2022,P94_6,object,Int64,cast_to_integer_nullable,0,0.0,0,0,OK,
municipalidades_2022,P94_7,object,Int64,cast_to_integer_nullable,0,0.0,0,0,OK,
municipalidades_2022,P94_7_O,object,object,kept_without_explicit_rule,1840,1840.0,0,0,OK,
municipalidades_2022,P94_8,object,Int64,cast_to_integer_nullable,0,0.0,0,0,OK,
municipalidades_2022,P94_9,object,Int64,cast_to_integer_nullable,0,0.0,0,0,OK,
municipalidades_2022,P95_1,object,object,kept_without_explicit_rule,0,0.0,0,0,OK,
municipalidades_2022,P95_2,object,Int64,cast_to_integer_nullable,0,0.0,0,0,OK,
municipalidades_2022,P95_3,object,Int64,cast_to_integer_nullable,0,0.0,0,0,OK,
municipalidades_2022,P95_4,object,Int64,cast_to_integer_nullable,0,0.0,0,0,OK,
municipalidades_2022,P95_5,object,Int64,cast_to_integer_nullable,0,0.0,0,0,OK,
municipalidades_2022,P95_5_O,object,object,kept_without_explicit_rule,1838,1838.0,0,0,OK,
municipalidades_2022,P95_6,object,Int64,cast_to_integer_nullable,0,0.0,0,0,OK,
municipalidades_2022,P95_7,object,Int64,cast_to_integer_nullable,0,0.0,0,0,OK,
municipalidades_2022,P96,object,Int64,cast_to_integer_nullable,0,0.0,0,0,OK,
municipalidades_2022,P97_1,object,object,kept_without_explicit_rule,0,0.0,0,0,OK,
municipalidades_2022,P97_2,object,Int64,cast_to_integer_nullable,0,0.0,0,0,OK,
municipalidades_2022,P97_3,object,Int64,cast_to_integer_nullable,0,0.0,0,0,OK,
municipalidades_2022,P97_4,object,Int64,cast_to_integer_nullable,0,0.0,0,0,OK,
municipalidades_2022,P97_5,object,Int64,cast_to_integer_nullable,0,0.0,0,0,OK,
municipalidades_2022,P97_6,object,Int64,cast_to_integer_nullable,0,0.0,0,0,OK,
municipalidades_2022,P97_7,object,Int64,cast_to_integer_nullable,0,0.0,0,0,OK,
municipalidades_2022,P97_8,object,Int64,cast_to_integer_nullable,0,0.0,0,0,OK,
municipalidades_2022,P97_9,object,Int64,cast_to_integer_nullable,0,0.0,0,0,OK,
municipalidades_2022,P97_9_O,object,object,kept_without_explicit_rule,1858,1858.0,0,0,OK,
municipalidades_2022,P97_10,object,Int64,cast_to_integer_nullable,0,0.0,0,0,OK,
municipalidades_2022,P98_1,object,object,kept_without_explicit_rule,0,0.0,0,0,OK,
municipalidades_2022,P98_2,object,Int64,cast_to_integer_nullable,0,0.0,0,0,OK,
municipalidades_2022,P98_3,object,Int64,cast_to_integer_nullable,0,0.0,0,0,OK,
municipalidades_2022,P98_4,object,Int64,cast_to_integer_nullable,0,0.0,0,0,OK,
municipalidades_2022,P98_5,object,Int64,cast_to_integer_nullable,0,0.0,0,0,OK,
municipalidades_2022,P98_6,object,Int64,cast_to_integer_nullable,0,0.0,0,0,OK,
municipalidades_2022,P98_7,object,Int64,cast_to_integer_nullable,0,0.0,0,0,OK,
municipalidades_2022,P98_8,object,Int64,cast_to_integer_nullable,0,0.0,0,0,OK,
municipalidades_2022,P98_9,object,Int64,cast_to_integer_nullable,0,0.0,0,0,OK,
municipalidades_2022,P98_10,object,Int64,cast_to_integer_nullable,0,0.0,0,0,OK,
municipalidades_2022,P98_10_O,object,object,kept_without_explicit_rule,1851,1851.0,0,0,OK,
municipalidades_2022,P98_11,object,Int64,cast_to_integer_nullable,0,0.0,0,0,OK,
municipalidades_2022,P99_1,object,object,kept_without_explicit_rule,0,0.0,0,0,OK,
municipalidades_2022,P99_2,object,Int64,cast_to_integer_nullable,0,0.0,0,0,OK,
municipalidades_2022,P99_3,object,Int64,cast_to_integer_nullable,0,0.0,0,0,OK,
municipalidades_2022,P99_4,object,Int64,cast_to_integer_nullable,0,0.0,0,0,OK,
municipalidades_2022,P99_5,object,Int64,cast_to_integer_nullable,0,0.0,0,0,OK,
municipalidades_2022,P99_6,object,Int64,cast_to_integer_nullable,0,0.0,0,0,OK,
municipalidades_2022,P99_7,object,Int64,cast_to_integer_nullable,0,0.0,0,0,OK,
municipalidades_2022,P99_8,object,Int64,cast_to_integer_nullable,0,0.0,0,0,OK,
municipalidades_2022,P99_9,object,Int64,cast_to_integer_nullable,0,0.0,0,0,OK,
municipalidades_2022,P99_10,object,Int64,cast_to_integer_nullable,0,0.0,0,0,OK,
municipalidades_2022,P99_10_O,object,object,kept_without_explicit_rule,1838,1838.0,0,0,OK,
municipalidades_2022,P99_11,object,Int64,cast_to_integer_nullable,0,0.0,0,0,OK,
municipalidades_2022,P100_1,object,object,kept_without_explicit_rule,0,0.0,0,0,OK,
municipalidades_2022,P100_2,object,Int64,cast_to_integer_nullable,0,0.0,0,0,OK,
municipalidades_2022,P100_3,object,Int64,cast_to_integer_nullable,0,0.0,0,0,OK,
municipalidades_2022,P100_4,object,Int64,cast_to_integer_nullable,0,0.0,0,0,OK,
municipalidades_2022,P100_5,object,Int64,cast_to_integer_nullable,0,0.0,0,0,OK,
municipalidades_2022,P100_6,object,Int64,cast_to_integer_nullable,0,0.0,0,0,OK,
municipalidades_2022,P100_7,object,Int64,cast_to_integer_nullable,0,0.0,0,0,OK,
municipalidades_2022,P100_8,object,Int64,cast_to_integer_nullable,0,0.0,0,0,OK,
municipalidades_2022,P100_9,object,Int64,cast_to_integer_nullable,0,0.0,0,0,OK,
municipalidades_2022,P100_10,object,Int64,cast_to_integer_nullable,0,0.0,0,0,OK,
municipalidades_2022,P100_11,object,Int64,cast_to_integer_nullable,0,0.0,0,0,OK,
municipalidades_2022,P100_11_O,object,object,kept_without_explicit_rule,1837,1837.0,0,0,OK,
municipalidades_2022,P100_12,object,Int64,cast_to_integer_nullable,0,0.0,0,0,OK,
municipalidades_2022,P101_1,object,object,kept_without_explicit_rule,0,0.0,0,0,OK,
municipalidades_2022,P101_2,object,Int64,cast_to_integer_nullable,0,0.0,0,0,OK,
municipalidades_2022,P101_3,object,Int64,cast_to_integer_nullable,0,0.0,0,0,OK,
municipalidades_2022,P101_4,object,Int64,cast_to_integer_nullable,0,0.0,0,0,OK,
municipalidades_2022,P101_5,object,Int64,cast_to_integer_nullable,0,0.0,0,0,OK,
municipalidades_2022,P101_5_O,object,object,kept_without_explicit_rule,1641,1641.0,0,0,OK,
municipalidades_2022,P101_6,object,Int64,cast_to_integer_nullable,0,0.0,0,0,OK,
municipalidades_2022,P102,object,Int64,cast_to_integer_nullable,0,0.0,0,0,OK,
municipalidades_2022,P102_1_T,object,Int64,cast_to_integer_nullable,1258,1258.0,0,0,OK,
municipalidades_2022,P102_1_M,object,Int64,cast_to_integer_nullable,1258,1258.0,0,0,OK,
municipalidades_2022,P102_1_H,object,Int64,cast_to_integer_nullable,1258,1258.0,0,0,OK,
municipalidades_2022,P102_2,object,Int64,cast_to_integer_nullable,1258,1258.0,0,0,OK,
municipalidades_2022,C96,object,object,kept_without_explicit_rule,0,0.0,0,0,OK,
municipalidades_2022,C96_1,object,object,kept_without_explicit_rule,0,0.0,0,0,OK,
municipalidades_2022,C96_1_1,object,object,kept_without_explicit_rule,0,0.0,0,0,OK,
municipalidades_2022,C96_1_1_1,object,object,kept_without_explicit_rule,0,0.0,0,0,OK,
municipalidades_2022,C96_1_1_2,object,object,kept_without_explicit_rule,0,0.0,0,0,OK,
municipalidades_2022,C96_1_1_3,object,object,kept_without_explicit_rule,0,0.0,0,0,OK,
municipalidades_2022,C96_1_1_4,object,Int64,cast_to_integer_nullable,0,18.0,18,0,CONVERSION_ERRORS,
municipalidades_2022,C96_1_1_5,object,Int64,cast_to_integer_nullable,0,17.0,17,0,CONVERSION_ERRORS,
municipalidades_2022,C96_1_1_6,object,object,kept_without_explicit_rule,0,0.0,0,0,OK,
municipalidades_2022,C96_1_1_7,object,object,kept_without_explicit_rule,0,0.0,0,0,OK,
municipalidades_2022,C96_1_1_8,object,object,kept_without_explicit_rule,0,0.0,0,0,OK,
municipalidades_2022,C96_1_2,object,object,kept_without_explicit_rule,0,0.0,0,0,OK,
municipalidades_2022,C96_1_2_1,object,object,kept_without_explicit_rule,0,0.0,0,0,OK,
municipalidades_2022,C96_1_2_2,object,object,kept_without_explicit_rule,0,0.0,0,0,OK,
municipalidades_2022,C96_1_2_3,object,object,kept_without_explicit_rule,0,0.0,0,0,OK,
municipalidades_2022,C96_1_2_4,object,object,kept_without_explicit_rule,0,0.0,0,0,OK,
municipalidades_2022,C96_1_2_5,object,object,kept_without_explicit_rule,0,0.0,0,0,OK,
municipalidades_2022,C96_1_2_6,object,object,kept_without_explicit_rule,0,0.0,0,0,OK,
municipalidades_2022,C96_1_2_7,object,object,kept_without_explicit_rule,0,0.0,0,0,OK,
municipalidades_2022,C96_1_2_8,object,object,kept_without_explicit_rule,0,0.0,0,0,OK,
municipalidades_2022,C96_1_2_9,object,object,kept_without_explicit_rule,0,0.0,0,0,OK,
municipalidades_2022,C96_1_2_10,object,Int64,cast_to_integer_nullable,0,3.0,3,0,CONVERSION_ERRORS,
municipalidades_2022,C96_1_2_11,object,Int64,cast_to_integer_nullable,0,29.0,29,0,CONVERSION_ERRORS,
municipalidades_2022,C96_1_2_12,object,object,kept_without_explicit_rule,0,0.0,0,0,OK,
municipalidades_2022,C96_1_2_13,object,object,kept_without_explicit_rule,0,0.0,0,0,OK,
municipalidades_2022,C96_1_2_14,object,object,kept_without_explicit_rule,0,0.0,0,0,OK,
municipalidades_2022,C96_1_2_15,object,object,kept_without_explicit_rule,0,0.0,0,0,OK,
municipalidades_2022,C96_1_2_16,object,object,kept_without_explicit_rule,0,0.0,0,0,OK,
municipalidades_2022,C96_1_2_17,object,object,kept_without_explicit_rule,0,0.0,0,0,OK,
municipalidades_2022,C96_1_2_18,object,object,kept_without_explicit_rule,0,0.0,0,0,OK,
municipalidades_2022,C96_1_2_19,object,object,kept_without_explicit_rule,0,0.0,0,0,OK,
municipalidades_2022,C96_1_3,object,object,kept_without_explicit_rule,0,0.0,0,0,OK,
municipalidades_2022,C96_1_3_1,object,object,kept_without_explicit_rule,0,0.0,0,0,OK,
municipalidades_2022,C96_1_3_2,object,object,kept_without_explicit_rule,0,0.0,0,0,OK,
municipalidades_2022,C96_1_4,object,object,kept_without_explicit_rule,0,0.0,0,0,OK,
municipalidades_2022,C96_1_5,object,object,kept_without_explicit_rule,0,0.0,0,0,OK,
municipalidades_2022,C96_2,object,object,kept_without_explicit_rule,0,0.0,0,0,OK,
municipalidades_2022,C96_2_1,object,object,kept_without_explicit_rule,0,0.0,0,0,OK,
municipalidades_2022,C96_2_2,object,Int64,cast_to_integer_nullable,0,20.0,20,0,CONVERSION_ERRORS,
municipalidades_2022,C96_3,object,object,kept_without_explicit_rule,0,0.0,0,0,OK,
municipalidades_2022,C96_3_1,object,object,kept_without_explicit_rule,0,0.0,0,0,OK,
municipalidades_2022,C96_3_1_1,object,object,kept_without_explicit_rule,0,0.0,0,0,OK,
municipalidades_2022,C96_3_1_2,object,object,kept_without_explicit_rule,0,0.0,0,0,OK,
municipalidades_2022,C96_3_1_3,object,object,kept_without_explicit_rule,0,0.0,0,0,OK,
municipalidades_2022,C96_3_1_4,object,object,kept_without_explicit_rule,0,0.0,0,0,OK,
municipalidades_2022,C96_3_1_5,object,object,kept_without_explicit_rule,0,0.0,0,0,OK,
municipalidades_2022,C96_3_1_6,object,object,kept_without_explicit_rule,0,0.0,0,0,OK,
municipalidades_2022,C96_3_1_7,object,object,kept_without_explicit_rule,0,0.0,0,0,OK,
municipalidades_2022,C96_3_2,object,object,kept_without_explicit_rule,0,0.0,0,0,OK,
municipalidades_2022,C96_3_2_1,object,object,kept_without_explicit_rule,0,0.0,0,0,OK,
municipalidades_2022,C96_3_2_2,object,object,kept_without_explicit_rule,0,0.0,0,0,OK,
municipalidades_2022,C96_3_3,object,object,kept_without_explicit_rule,0,0.0,0,0,OK,
municipalidades_2022,C96_3_4,object,Int64,cast_to_integer_nullable,0,3.0,3,0,CONVERSION_ERRORS,
municipalidades_2022,C96_3_5,object,object,kept_without_explicit_rule,0,0.0,0,0,OK,
municipalidades_2022,C96_4,object,object,kept_without_explicit_rule,0,0.0,0,0,OK,
municipalidades_2022,C96_4_1,object,object,kept_without_explicit_rule,0,0.0,0,0,OK,
municipalidades_2022,C96_4_2,object,object,kept_without_explicit_rule,0,0.0,0,0,OK,
municipalidades_2022,C97,object,object,kept_without_explicit_rule,0,0.0,0,0,OK,
municipalidades_2022,C97_1,object,object,kept_without_explicit_rule,0,0.0,0,0,OK,
municipalidades_2022,C97_1_1,object,object,kept_without_explicit_rule,0,0.0,0,0,OK,
municipalidades_2022,C97_1_2,object,object,kept_without_explicit_rule,0,0.0,0,0,OK,
municipalidades_2022,C97_1_3,object,object,kept_without_explicit_rule,0,0.0,0,0,OK,
municipalidades_2022,C97_1_4,object,object,kept_without_explicit_rule,0,0.0,0,0,OK,
municipalidades_2022,C97_1_5,object,object,kept_without_explicit_rule,0,0.0,0,0,OK,
municipalidades_2022,C97_2,object,object,kept_without_explicit_rule,0,0.0,0,0,OK,
municipalidades_2022,C97_2_2,object,object,kept_without_explicit_rule,0,0.0,0,0,OK,
municipalidades_2022,C97_2_2_1,object,Int64,cast_to_integer_nullable,0,2.0,2,0,CONVERSION_ERRORS,
municipalidades_2022,C97_2_2_2,object,object,kept_without_explicit_rule,0,0.0,0,0,OK,
municipalidades_2022,C97_2_2_3,object,object,kept_without_explicit_rule,0,0.0,0,0,OK,
municipalidades_2022,C97_2_2_3_1,object,object,kept_without_explicit_rule,0,0.0,0,0,OK,
municipalidades_2022,C97_2_2_3_2,object,object,kept_without_explicit_rule,0,0.0,0,0,OK,
municipalidades_2022,C97_2_2_3_3,object,object,kept_without_explicit_rule,0,0.0,0,0,OK,
municipalidades_2022,C97_2_2_3_4,object,object,kept_without_explicit_rule,0,0.0,0,0,OK,
municipalidades_2022,C97_2_2_3_5,object,object,kept_without_explicit_rule,0,0.0,0,0,OK,
municipalidades_2022,C97_2_2_3_6,object,object,kept_without_explicit_rule,0,0.0,0,0,OK,
municipalidades_2022,C97_2_2_3_7,object,object,kept_without_explicit_rule,0,0.0,0,0,OK,
municipalidades_2022,C97_2_2_3_8,object,object,kept_without_explicit_rule,0,0.0,0,0,OK,
municipalidades_2022,C97_2_2_3_9,object,object,kept_without_explicit_rule,0,0.0,0,0,OK,
municipalidades_2022,C97_2_2_3_10,object,object,kept_without_explicit_rule,0,0.0,0,0,OK,
municipalidades_2022,C97_2_2_3_11,object,object,kept_without_explicit_rule,0,0.0,0,0,OK,
municipalidades_2022,C97_2_2_4,object,object,kept_without_explicit_rule,0,0.0,0,0,OK,
municipalidades_2022,C97_2_3,object,Int64,cast_to_integer_nullable,0,31.0,31,0,CONVERSION_ERRORS,
municipalidades_2022,C97_2_4,object,Int64,cast_to_integer_nullable,0,3.0,3,0,CONVERSION_ERRORS,
municipalidades_2022,C97_3,object,object,kept_without_explicit_rule,0,0.0,0,0,OK,
