dataset,column_name,business_name,description,bronze_type,silver_type,transformation_applied,nullable,is_technical_column,source,notes
municipalidades_2022,VFI,VFI,VFI constante (100% = '1'); toda municipalidad respondió. Sin valor analítico diferenciador.,object,dropped,drop_column,,False,Bronze SISMEPRE + silver_rules_sismepre.yaml,VFI constante (100% = '1'); toda municipalidad respondió. Sin valor analítico diferenciador.
municipalidades_2022,VFI_C96,VFI_C96,VFI constante (100% = '1'); sin variación.,object,dropped,drop_column,,False,Bronze SISMEPRE + silver_rules_sismepre.yaml,VFI constante (100% = '1'); sin variación.
municipalidades_2022,VFI_C97,VFI_C97,VFI constante (100% = '1'); sin variación.,object,dropped,drop_column,,False,Bronze SISMEPRE + silver_rules_sismepre.yaml,VFI constante (100% = '1'); sin variación.
municipalidades_2022,VFI_P100,VFI_P100,VFI constante (100% = '1'); sin variación.,object,dropped,drop_column,,False,Bronze SISMEPRE + silver_rules_sismepre.yaml,VFI constante (100% = '1'); sin variación.
municipalidades_2022,VFI_P101,VFI_P101,VFI constante (100% = '1'); sin variación.,object,dropped,drop_column,,False,Bronze SISMEPRE + silver_rules_sismepre.yaml,VFI constante (100% = '1'); sin variación.
municipalidades_2022,VFI_P102,VFI_P102,VFI constante (100% = '1'); sin variación.,object,dropped,drop_column,,False,Bronze SISMEPRE + silver_rules_sismepre.yaml,VFI constante (100% = '1'); sin variación.
municipalidades_2022,VFI_P11A,VFI_P11A,VFI constante (100% = '1'); sin variación.,object,dropped,drop_column,,False,Bronze SISMEPRE + silver_rules_sismepre.yaml,VFI constante (100% = '1'); sin variación.
municipalidades_2022,VFI_P11B,VFI_P11B,VFI constante (100% = '1'); sin variación.,object,dropped,drop_column,,False,Bronze SISMEPRE + silver_rules_sismepre.yaml,VFI constante (100% = '1'); sin variación.
municipalidades_2022,VFI_P12,VFI_P12,VFI constante (100% = '1'); sin variación.,object,dropped,drop_column,,False,Bronze SISMEPRE + silver_rules_sismepre.yaml,VFI constante (100% = '1'); sin variación.
municipalidades_2022,VFI_P13,VFI_P13,VFI constante (100% = '1'); sin variación.,object,dropped,drop_column,,False,Bronze SISMEPRE + silver_rules_sismepre.yaml,VFI constante (100% = '1'); sin variación.
municipalidades_2022,VFI_P14,VFI_P14,VFI constante (100% = '1'); sin variación.,object,dropped,drop_column,,False,Bronze SISMEPRE + silver_rules_sismepre.yaml,VFI constante (100% = '1'); sin variación.
municipalidades_2022,VFI_P15,VFI_P15,VFI constante (100% = '1'); sin variación.,object,dropped,drop_column,,False,Bronze SISMEPRE + silver_rules_sismepre.yaml,VFI constante (100% = '1'); sin variación.
municipalidades_2022,VFI_P16,VFI_P16,VFI constante (100% = '1'); sin variación.,object,dropped,drop_column,,False,Bronze SISMEPRE + silver_rules_sismepre.yaml,VFI constante (100% = '1'); sin variación.
municipalidades_2022,VFI_P17,VFI_P17,VFI constante (100% = '1'); sin variación.,object,dropped,drop_column,,False,Bronze SISMEPRE + silver_rules_sismepre.yaml,VFI constante (100% = '1'); sin variación.
municipalidades_2022,VFI_P18,VFI_P18,VFI constante (100% = '1'); sin variación.,object,dropped,drop_column,,False,Bronze SISMEPRE + silver_rules_sismepre.yaml,VFI constante (100% = '1'); sin variación.
municipalidades_2022,VFI_P19,VFI_P19,VFI constante (100% = '1'); sin variación.,object,dropped,drop_column,,False,Bronze SISMEPRE + silver_rules_sismepre.yaml,VFI constante (100% = '1'); sin variación.
municipalidades_2022,VFI_P19A,VFI_P19A,VFI constante (100% = '1'); sin variación.,object,dropped,drop_column,,False,Bronze SISMEPRE + silver_rules_sismepre.yaml,VFI constante (100% = '1'); sin variación.
municipalidades_2022,VFI_P20,VFI_P20,VFI constante (100% = '1'); sin variación.,object,dropped,drop_column,,False,Bronze SISMEPRE + silver_rules_sismepre.yaml,VFI constante (100% = '1'); sin variación.
municipalidades_2022,VFI_P21,VFI_P21,VFI constante (100% = '1'); sin variación.,object,dropped,drop_column,,False,Bronze SISMEPRE + silver_rules_sismepre.yaml,VFI constante (100% = '1'); sin variación.
municipalidades_2022,VFI_P22,VFI_P22,VFI constante (100% = '1'); sin variación.,object,dropped,drop_column,,False,Bronze SISMEPRE + silver_rules_sismepre.yaml,VFI constante (100% = '1'); sin variación.
municipalidades_2022,VFI_P23,VFI_P23,VFI constante (100% = '1'); sin variación.,object,dropped,drop_column,,False,Bronze SISMEPRE + silver_rules_sismepre.yaml,VFI constante (100% = '1'); sin variación.
municipalidades_2022,VFI_P24,VFI_P24,VFI constante (100% = '1'); sin variación.,object,dropped,drop_column,,False,Bronze SISMEPRE + silver_rules_sismepre.yaml,VFI constante (100% = '1'); sin variación.
municipalidades_2022,VFI_P25,VFI_P25,VFI constante (100% = '1'); sin variación.,object,dropped,drop_column,,False,Bronze SISMEPRE + silver_rules_sismepre.yaml,VFI constante (100% = '1'); sin variación.
municipalidades_2022,VFI_P26,VFI_P26,VFI constante (100% = '1'); sin variación.,object,dropped,drop_column,,False,Bronze SISMEPRE + silver_rules_sismepre.yaml,VFI constante (100% = '1'); sin variación.
municipalidades_2022,VFI_P26A,VFI_P26A,VFI constante (100% = '1'); sin variación.,object,dropped,drop_column,,False,Bronze SISMEPRE + silver_rules_sismepre.yaml,VFI constante (100% = '1'); sin variación.
municipalidades_2022,VFI_P27,VFI_P27,VFI constante (100% = '1'); sin variación.,object,dropped,drop_column,,False,Bronze SISMEPRE + silver_rules_sismepre.yaml,VFI constante (100% = '1'); sin variación.
municipalidades_2022,VFI_P28,VFI_P28,VFI constante (100% = '1'); sin variación.,object,dropped,drop_column,,False,Bronze SISMEPRE + silver_rules_sismepre.yaml,VFI constante (100% = '1'); sin variación.
municipalidades_2022,VFI_P29,VFI_P29,VFI constante (100% = '1'); sin variación.,object,dropped,drop_column,,False,Bronze SISMEPRE + silver_rules_sismepre.yaml,VFI constante (100% = '1'); sin variación.
municipalidades_2022,VFI_P30,VFI_P30,VFI constante (100% = '1'); sin variación.,object,dropped,drop_column,,False,Bronze SISMEPRE + silver_rules_sismepre.yaml,VFI constante (100% = '1'); sin variación.
municipalidades_2022,VFI_P31,VFI_P31,VFI constante (100% = '1'); sin variación.,object,dropped,drop_column,,False,Bronze SISMEPRE + silver_rules_sismepre.yaml,VFI constante (100% = '1'); sin variación.
municipalidades_2022,VFI_P32,VFI_P32,VFI constante (100% = '1'); sin variación.,object,dropped,drop_column,,False,Bronze SISMEPRE + silver_rules_sismepre.yaml,VFI constante (100% = '1'); sin variación.
municipalidades_2022,VFI_P33,VFI_P33,VFI constante (100% = '1'); sin variación.,object,dropped,drop_column,,False,Bronze SISMEPRE + silver_rules_sismepre.yaml,VFI constante (100% = '1'); sin variación.
municipalidades_2022,VFI_P34,VFI_P34,VFI constante (100% = '1'); sin variación.,object,dropped,drop_column,,False,Bronze SISMEPRE + silver_rules_sismepre.yaml,VFI constante (100% = '1'); sin variación.
municipalidades_2022,VFI_P35,VFI_P35,VFI constante (100% = '1'); sin variación.,object,dropped,drop_column,,False,Bronze SISMEPRE + silver_rules_sismepre.yaml,VFI constante (100% = '1'); sin variación.
municipalidades_2022,VFI_P36,VFI_P36,VFI constante (100% = '1'); sin variación.,object,dropped,drop_column,,False,Bronze SISMEPRE + silver_rules_sismepre.yaml,VFI constante (100% = '1'); sin variación.
municipalidades_2022,VFI_P37,VFI_P37,VFI constante (100% = '1'); sin variación.,object,dropped,drop_column,,False,Bronze SISMEPRE + silver_rules_sismepre.yaml,VFI constante (100% = '1'); sin variación.
municipalidades_2022,VFI_P38,VFI_P38,VFI constante (100% = '1'); sin variación.,object,dropped,drop_column,,False,Bronze SISMEPRE + silver_rules_sismepre.yaml,VFI constante (100% = '1'); sin variación.
municipalidades_2022,VFI_P39B,VFI_P39B,VFI constante (100% = '1'); sin variación.,object,dropped,drop_column,,False,Bronze SISMEPRE + silver_rules_sismepre.yaml,VFI constante (100% = '1'); sin variación.
municipalidades_2022,VFI_P40,VFI_P40,VFI constante (100% = '1'); sin variación.,object,dropped,drop_column,,False,Bronze SISMEPRE + silver_rules_sismepre.yaml,VFI constante (100% = '1'); sin variación.
municipalidades_2022,VFI_P41,VFI_P41,VFI constante (100% = '1'); sin variación.,object,dropped,drop_column,,False,Bronze SISMEPRE + silver_rules_sismepre.yaml,VFI constante (100% = '1'); sin variación.
municipalidades_2022,VFI_P42,VFI_P42,VFI constante (100% = '1'); sin variación.,object,dropped,drop_column,,False,Bronze SISMEPRE + silver_rules_sismepre.yaml,VFI constante (100% = '1'); sin variación.
municipalidades_2022,VFI_P43,VFI_P43,VFI constante (100% = '1'); sin variación.,object,dropped,drop_column,,False,Bronze SISMEPRE + silver_rules_sismepre.yaml,VFI constante (100% = '1'); sin variación.
municipalidades_2022,VFI_P44,VFI_P44,VFI constante (100% = '1'); sin variación.,object,dropped,drop_column,,False,Bronze SISMEPRE + silver_rules_sismepre.yaml,VFI constante (100% = '1'); sin variación.
municipalidades_2022,VFI_P46,VFI_P46,VFI constante (100% = '1'); sin variación.,object,dropped,drop_column,,False,Bronze SISMEPRE + silver_rules_sismepre.yaml,VFI constante (100% = '1'); sin variación.
municipalidades_2022,VFI_P47,VFI_P47,VFI constante (100% = '1'); sin variación.,object,dropped,drop_column,,False,Bronze SISMEPRE + silver_rules_sismepre.yaml,VFI constante (100% = '1'); sin variación.
municipalidades_2022,VFI_P48,VFI_P48,VFI constante (100% = '1'); sin variación.,object,dropped,drop_column,,False,Bronze SISMEPRE + silver_rules_sismepre.yaml,VFI constante (100% = '1'); sin variación.
municipalidades_2022,VFI_P48B,VFI_P48B,VFI constante (100% = '1'); sin variación.,object,dropped,drop_column,,False,Bronze SISMEPRE + silver_rules_sismepre.yaml,VFI constante (100% = '1'); sin variación.
municipalidades_2022,VFI_P49,VFI_P49,VFI constante (100% = '1'); sin variación.,object,dropped,drop_column,,False,Bronze SISMEPRE + silver_rules_sismepre.yaml,VFI constante (100% = '1'); sin variación.
municipalidades_2022,VFI_P50,VFI_P50,VFI constante (100% = '1'); sin variación.,object,dropped,drop_column,,False,Bronze SISMEPRE + silver_rules_sismepre.yaml,VFI constante (100% = '1'); sin variación.
municipalidades_2022,VFI_P51,VFI_P51,VFI constante (100% = '1'); sin variación.,object,dropped,drop_column,,False,Bronze SISMEPRE + silver_rules_sismepre.yaml,VFI constante (100% = '1'); sin variación.
municipalidades_2022,VFI_P52,VFI_P52,VFI constante (100% = '1'); sin variación.,object,dropped,drop_column,,False,Bronze SISMEPRE + silver_rules_sismepre.yaml,VFI constante (100% = '1'); sin variación.
municipalidades_2022,VFI_P53,VFI_P53,VFI constante (100% = '1'); sin variación.,object,dropped,drop_column,,False,Bronze SISMEPRE + silver_rules_sismepre.yaml,VFI constante (100% = '1'); sin variación.
municipalidades_2022,VFI_P54,VFI_P54,VFI constante (100% = '1'); sin variación.,object,dropped,drop_column,,False,Bronze SISMEPRE + silver_rules_sismepre.yaml,VFI constante (100% = '1'); sin variación.
municipalidades_2022,VFI_P55,VFI_P55,VFI constante (100% = '1'); sin variación.,object,dropped,drop_column,,False,Bronze SISMEPRE + silver_rules_sismepre.yaml,VFI constante (100% = '1'); sin variación.
municipalidades_2022,VFI_P56,VFI_P56,VFI constante (100% = '1'); sin variación.,object,dropped,drop_column,,False,Bronze SISMEPRE + silver_rules_sismepre.yaml,VFI constante (100% = '1'); sin variación.
municipalidades_2022,VFI_P57,VFI_P57,VFI constante (100% = '1'); sin variación.,object,dropped,drop_column,,False,Bronze SISMEPRE + silver_rules_sismepre.yaml,VFI constante (100% = '1'); sin variación.
municipalidades_2022,VFI_P58,VFI_P58,VFI constante (100% = '1'); sin variación.,object,dropped,drop_column,,False,Bronze SISMEPRE + silver_rules_sismepre.yaml,VFI constante (100% = '1'); sin variación.
municipalidades_2022,VFI_P59,VFI_P59,VFI constante (100% = '1'); sin variación.,object,dropped,drop_column,,False,Bronze SISMEPRE + silver_rules_sismepre.yaml,VFI constante (100% = '1'); sin variación.
municipalidades_2022,VFI_P60A,VFI_P60A,VFI constante (100% = '1'); sin variación.,object,dropped,drop_column,,False,Bronze SISMEPRE + silver_rules_sismepre.yaml,VFI constante (100% = '1'); sin variación.
municipalidades_2022,VFI_P60B,VFI_P60B,VFI constante (100% = '1'); sin variación.,object,dropped,drop_column,,False,Bronze SISMEPRE + silver_rules_sismepre.yaml,VFI constante (100% = '1'); sin variación.
municipalidades_2022,VFI_P61,VFI_P61,VFI constante (100% = '1'); sin variación.,object,dropped,drop_column,,False,Bronze SISMEPRE + silver_rules_sismepre.yaml,VFI constante (100% = '1'); sin variación.
municipalidades_2022,VFI_P62,VFI_P62,VFI constante (100% = '1'); sin variación.,object,dropped,drop_column,,False,Bronze SISMEPRE + silver_rules_sismepre.yaml,VFI constante (100% = '1'); sin variación.
municipalidades_2022,VFI_P63,VFI_P63,VFI constante (100% = '1'); sin variación.,object,dropped,drop_column,,False,Bronze SISMEPRE + silver_rules_sismepre.yaml,VFI constante (100% = '1'); sin variación.
municipalidades_2022,VFI_P64,VFI_P64,VFI constante (100% = '1'); sin variación.,object,dropped,drop_column,,False,Bronze SISMEPRE + silver_rules_sismepre.yaml,VFI constante (100% = '1'); sin variación.
municipalidades_2022,VFI_P66,VFI_P66,VFI constante (100% = '1'); sin variación.,object,dropped,drop_column,,False,Bronze SISMEPRE + silver_rules_sismepre.yaml,VFI constante (100% = '1'); sin variación.
municipalidades_2022,VFI_P67,VFI_P67,VFI constante (100% = '1'); sin variación.,object,dropped,drop_column,,False,Bronze SISMEPRE + silver_rules_sismepre.yaml,VFI constante (100% = '1'); sin variación.
municipalidades_2022,VFI_P68,VFI_P68,VFI constante (100% = '1'); sin variación.,object,dropped,drop_column,,False,Bronze SISMEPRE + silver_rules_sismepre.yaml,VFI constante (100% = '1'); sin variación.
municipalidades_2022,VFI_P69,VFI_P69,VFI constante (100% = '1'); sin variación.,object,dropped,drop_column,,False,Bronze SISMEPRE + silver_rules_sismepre.yaml,VFI constante (100% = '1'); sin variación.
municipalidades_2022,VFI_P70,VFI_P70,VFI constante (100% = '1'); sin variación.,object,dropped,drop_column,,False,Bronze SISMEPRE + silver_rules_sismepre.yaml,VFI constante (100% = '1'); sin variación.
municipalidades_2022,VFI_P71,VFI_P71,VFI constante (100% = '1'); sin variación.,object,dropped,drop_column,,False,Bronze SISMEPRE + silver_rules_sismepre.yaml,VFI constante (100% = '1'); sin variación.
municipalidades_2022,VFI_P72A,VFI_P72A,VFI constante (100% = '1'); sin variación.,object,dropped,drop_column,,False,Bronze SISMEPRE + silver_rules_sismepre.yaml,VFI constante (100% = '1'); sin variación.
municipalidades_2022,VFI_P72B,VFI_P72B,VFI constante (100% = '1'); sin variación.,object,dropped,drop_column,,False,Bronze SISMEPRE + silver_rules_sismepre.yaml,VFI constante (100% = '1'); sin variación.
municipalidades_2022,VFI_P73,VFI_P73,VFI constante (100% = '1'); sin variación.,object,dropped,drop_column,,False,Bronze SISMEPRE + silver_rules_sismepre.yaml,VFI constante (100% = '1'); sin variación.
municipalidades_2022,VFI_P74,VFI_P74,VFI constante (100% = '1'); sin variación.,object,dropped,drop_column,,False,Bronze SISMEPRE + silver_rules_sismepre.yaml,VFI constante (100% = '1'); sin variación.
municipalidades_2022,VFI_P75,VFI_P75,VFI constante (100% = '1'); sin variación.,object,dropped,drop_column,,False,Bronze SISMEPRE + silver_rules_sismepre.yaml,VFI constante (100% = '1'); sin variación.
municipalidades_2022,VFI_P76,VFI_P76,VFI constante (100% = '1'); sin variación.,object,dropped,drop_column,,False,Bronze SISMEPRE + silver_rules_sismepre.yaml,VFI constante (100% = '1'); sin variación.
municipalidades_2022,VFI_P77,VFI_P77,VFI constante (100% = '1'); sin variación.,object,dropped,drop_column,,False,Bronze SISMEPRE + silver_rules_sismepre.yaml,VFI constante (100% = '1'); sin variación.
municipalidades_2022,VFI_P78,VFI_P78,VFI constante (100% = '1'); sin variación.,object,dropped,drop_column,,False,Bronze SISMEPRE + silver_rules_sismepre.yaml,VFI constante (100% = '1'); sin variación.
municipalidades_2022,VFI_P79,VFI_P79,VFI constante (100% = '1'); sin variación.,object,dropped,drop_column,,False,Bronze SISMEPRE + silver_rules_sismepre.yaml,VFI constante (100% = '1'); sin variación.
municipalidades_2022,VFI_P80,VFI_P80,VFI constante (100% = '1'); sin variación.,object,dropped,drop_column,,False,Bronze SISMEPRE + silver_rules_sismepre.yaml,VFI constante (100% = '1'); sin variación.
municipalidades_2022,VFI_P84A,VFI_P84A,VFI constante (100% = '1'); sin variación.,object,dropped,drop_column,,False,Bronze SISMEPRE + silver_rules_sismepre.yaml,VFI constante (100% = '1'); sin variación.
municipalidades_2022,VFI_P85,VFI_P85,VFI constante (100% = '1'); sin variación.,object,dropped,drop_column,,False,Bronze SISMEPRE + silver_rules_sismepre.yaml,VFI constante (100% = '1'); sin variación.
municipalidades_2022,VFI_P86,VFI_P86,VFI constante (100% = '1'); sin variación.,object,dropped,drop_column,,False,Bronze SISMEPRE + silver_rules_sismepre.yaml,VFI constante (100% = '1'); sin variación.
municipalidades_2022,VFI_P87,VFI_P87,VFI constante (100% = '1'); sin variación.,object,dropped,drop_column,,False,Bronze SISMEPRE + silver_rules_sismepre.yaml,VFI constante (100% = '1'); sin variación.
municipalidades_2022,VFI_P87A,VFI_P87A,VFI constante (100% = '1'); sin variación.,object,dropped,drop_column,,False,Bronze SISMEPRE + silver_rules_sismepre.yaml,VFI constante (100% = '1'); sin variación.
municipalidades_2022,VFI_P88,VFI_P88,VFI constante (100% = '1'); sin variación.,object,dropped,drop_column,,False,Bronze SISMEPRE + silver_rules_sismepre.yaml,VFI constante (100% = '1'); sin variación.
municipalidades_2022,VFI_P89,VFI_P89,VFI constante (100% = '1'); sin variación.,object,dropped,drop_column,,False,Bronze SISMEPRE + silver_rules_sismepre.yaml,VFI constante (100% = '1'); sin variación.
municipalidades_2022,VFI_P90,VFI_P90,VFI constante (100% = '1'); sin variación.,object,dropped,drop_column,,False,Bronze SISMEPRE + silver_rules_sismepre.yaml,VFI constante (100% = '1'); sin variación.
municipalidades_2022,VFI_P94,VFI_P94,VFI constante (100% = '1'); sin variación.,object,dropped,drop_column,,False,Bronze SISMEPRE + silver_rules_sismepre.yaml,VFI constante (100% = '1'); sin variación.
municipalidades_2022,VFI_P95,VFI_P95,VFI constante (100% = '1'); sin variación.,object,dropped,drop_column,,False,Bronze SISMEPRE + silver_rules_sismepre.yaml,VFI constante (100% = '1'); sin variación.
municipalidades_2022,VFI_P96,VFI_P96,VFI constante (100% = '1'); sin variación.,object,dropped,drop_column,,False,Bronze SISMEPRE + silver_rules_sismepre.yaml,VFI constante (100% = '1'); sin variación.
municipalidades_2022,VFI_P97,VFI_P97,VFI constante (100% = '1'); sin variación.,object,dropped,drop_column,,False,Bronze SISMEPRE + silver_rules_sismepre.yaml,VFI constante (100% = '1'); sin variación.
municipalidades_2022,VFI_P98,VFI_P98,VFI constante (100% = '1'); sin variación.,object,dropped,drop_column,,False,Bronze SISMEPRE + silver_rules_sismepre.yaml,VFI constante (100% = '1'); sin variación.
municipalidades_2022,VFI_P99,VFI_P99,VFI constante (100% = '1'); sin variación.,object,dropped,drop_column,,False,Bronze SISMEPRE + silver_rules_sismepre.yaml,VFI constante (100% = '1'); sin variación.
municipalidades_2022,Año,Año,,object,object,kept_without_explicit_rule,False,False,Bronze SISMEPRE + silver_rules_sismepre.yaml,
municipalidades_2022,idmunici,idmunici,,object,object,kept_without_explicit_rule,False,False,Bronze SISMEPRE + silver_rules_sismepre.yaml,
municipalidades_2022,ccdd,ccdd,preserve_as_string: Código de departamento; se conserva como texto por convención INEI (formato '01'-'25').,object,object,kept_without_explicit_rule,False,False,Bronze SISMEPRE + silver_rules_sismepre.yaml,preserve_as_string: Código de departamento; se conserva como texto por convención INEI (formato '01'-'25').
municipalidades_2022,ccpp,ccpp,preserve_as_string: Código de provincia; se conserva como texto por convención INEI.,object,object,kept_without_explicit_rule,False,False,Bronze SISMEPRE + silver_rules_sismepre.yaml,preserve_as_string: Código de provincia; se conserva como texto por convención INEI.
municipalidades_2022,ccdi,ccdi,preserve_as_string: Código de distrito; se conserva como texto por convención INEI.,object,object,kept_without_explicit_rule,False,False,Bronze SISMEPRE + silver_rules_sismepre.yaml,preserve_as_string: Código de distrito; se conserva como texto por convención INEI.
municipalidades_2022,Ubigeo,Ubigeo,preserve_as_string: CRÍTICO: min numérico=10101 implica pérdida del cero inicial ('010101'→10101). Debe ser string.,object,object,kept_without_explicit_rule,False,False,Bronze SISMEPRE + silver_rules_sismepre.yaml,preserve_as_string: CRÍTICO: min numérico=10101 implica pérdida del cero inicial ('010101'→10101). Debe ser string.
municipalidades_2022,Departamento,Departamento,,object,string,cast_to_string_nullable,False,False,Bronze SISMEPRE + silver_rules_sismepre.yaml,
municipalidades_2022,Provincia,Provincia,,object,string,cast_to_string_nullable,False,False,Bronze SISMEPRE + silver_rules_sismepre.yaml,
municipalidades_2022,Distrito,Distrito,,object,string,cast_to_string_nullable,False,False,Bronze SISMEPRE + silver_rules_sismepre.yaml,
municipalidades_2022,Tipomuni,Tipomuni,"preserve_as_string: Código categórico (1=Provincial, 2=Distrital, 3=Centro Poblado); texto para integración con diccionario.",object,object,kept_without_explicit_rule,False,False,Bronze SISMEPRE + silver_rules_sismepre.yaml,"preserve_as_string: Código categórico (1=Provincial, 2=Distrital, 3=Centro Poblado); texto para integración con diccionario."
municipalidades_2022,P04_1,P04_1,,object,Int64,cast_to_integer_nullable,False,False,Bronze SISMEPRE + silver_rules_sismepre.yaml,
municipalidades_2022,P04_2,P04_2,,object,object,kept_without_explicit_rule,False,False,Bronze SISMEPRE + silver_rules_sismepre.yaml,
municipalidades_2022,P04_3,P04_3,,object,object,kept_without_explicit_rule,True,False,Bronze SISMEPRE + silver_rules_sismepre.yaml,
municipalidades_2022,P04_4,P04_4,,object,object,kept_without_explicit_rule,True,False,Bronze SISMEPRE + silver_rules_sismepre.yaml,
municipalidades_2022,P04_5,P04_5,,object,object,kept_without_explicit_rule,True,False,Bronze SISMEPRE + silver_rules_sismepre.yaml,
municipalidades_2022,P04_6,P04_6,,object,Float64,cast_to_decimal_nullable,True,False,Bronze SISMEPRE + silver_rules_sismepre.yaml,
municipalidades_2022,P05_CC,P05_CC,,object,Int64,cast_to_integer_nullable,False,False,Bronze SISMEPRE + silver_rules_sismepre.yaml,
municipalidades_2022,P05_1,P05_1,,object,Int64,cast_to_integer_nullable,True,False,Bronze SISMEPRE + silver_rules_sismepre.yaml,
municipalidades_2022,P05_2,P05_2,,object,Int64,cast_to_integer_nullable,True,False,Bronze SISMEPRE + silver_rules_sismepre.yaml,
municipalidades_2022,P05_3,P05_3,,object,Int64,cast_to_integer_nullable,True,False,Bronze SISMEPRE + silver_rules_sismepre.yaml,
municipalidades_2022,P06_CC,P06_CC,,object,Int64,cast_to_integer_nullable,False,False,Bronze SISMEPRE + silver_rules_sismepre.yaml,
municipalidades_2022,P06,P06,,object,Int64,cast_to_integer_nullable,True,False,Bronze SISMEPRE + silver_rules_sismepre.yaml,
municipalidades_2022,P07,P07,,object,object,kept_without_explicit_rule,True,False,Bronze SISMEPRE + silver_rules_sismepre.yaml,
municipalidades_2022,P08,P08,,object,object,kept_without_explicit_rule,True,False,Bronze SISMEPRE + silver_rules_sismepre.yaml,
municipalidades_2022,P09,P09,,object,object,kept_without_explicit_rule,True,False,Bronze SISMEPRE + silver_rules_sismepre.yaml,
municipalidades_2022,P10_1,P10_1,,object,object,kept_without_explicit_rule,False,False,Bronze SISMEPRE + silver_rules_sismepre.yaml,
municipalidades_2022,P10_2,P10_2,,object,object,kept_without_explicit_rule,False,False,Bronze SISMEPRE + silver_rules_sismepre.yaml,
municipalidades_2022,P10_3,P10_3,,object,object,kept_without_explicit_rule,False,False,Bronze SISMEPRE + silver_rules_sismepre.yaml,
municipalidades_2022,P10_4,P10_4,,object,Int64,cast_to_integer_nullable,False,False,Bronze SISMEPRE + silver_rules_sismepre.yaml,
municipalidades_2022,P11A_1,P11A_1,,object,Int64,cast_to_integer_nullable,False,False,Bronze SISMEPRE + silver_rules_sismepre.yaml,
municipalidades_2022,P11A_1_1,P11A_1_1,,object,Int64,cast_to_integer_nullable,True,False,Bronze SISMEPRE + silver_rules_sismepre.yaml,
municipalidades_2022,P11A_1_2,P11A_1_2,,object,Int64,cast_to_integer_nullable,True,False,Bronze SISMEPRE + silver_rules_sismepre.yaml,
municipalidades_2022,P11A_2,P11A_2,,object,Int64,cast_to_integer_nullable,False,False,Bronze SISMEPRE + silver_rules_sismepre.yaml,
municipalidades_2022,P11A_2_1,P11A_2_1,,object,Int64,cast_to_integer_nullable,True,False,Bronze SISMEPRE + silver_rules_sismepre.yaml,
municipalidades_2022,P11A_2_2,P11A_2_2,,object,Int64,cast_to_integer_nullable,True,False,Bronze SISMEPRE + silver_rules_sismepre.yaml,
municipalidades_2022,P11A_3,P11A_3,,object,Int64,cast_to_integer_nullable,False,False,Bronze SISMEPRE + silver_rules_sismepre.yaml,
municipalidades_2022,P11A_3_1,P11A_3_1,,object,Int64,cast_to_integer_nullable,True,False,Bronze SISMEPRE + silver_rules_sismepre.yaml,
municipalidades_2022,P11A_3_2,P11A_3_2,,object,Int64,cast_to_integer_nullable,True,False,Bronze SISMEPRE + silver_rules_sismepre.yaml,
municipalidades_2022,P11A_4,P11A_4,,object,Int64,cast_to_integer_nullable,False,False,Bronze SISMEPRE + silver_rules_sismepre.yaml,
municipalidades_2022,P11A_4_1,P11A_4_1,,object,Int64,cast_to_integer_nullable,True,False,Bronze SISMEPRE + silver_rules_sismepre.yaml,
municipalidades_2022,P11A_4_2,P11A_4_2,,object,Int64,cast_to_integer_nullable,True,False,Bronze SISMEPRE + silver_rules_sismepre.yaml,
municipalidades_2022,P11A_5,P11A_5,,object,Int64,cast_to_integer_nullable,False,False,Bronze SISMEPRE + silver_rules_sismepre.yaml,
municipalidades_2022,P11A_5_1,P11A_5_1,,object,Int64,cast_to_integer_nullable,True,False,Bronze SISMEPRE + silver_rules_sismepre.yaml,
municipalidades_2022,P11A_5_2,P11A_5_2,,object,Int64,cast_to_integer_nullable,True,False,Bronze SISMEPRE + silver_rules_sismepre.yaml,
municipalidades_2022,P11A_6,P11A_6,,object,Int64,cast_to_integer_nullable,False,False,Bronze SISMEPRE + silver_rules_sismepre.yaml,
municipalidades_2022,P11A_6_1,P11A_6_1,,object,Int64,cast_to_integer_nullable,True,False,Bronze SISMEPRE + silver_rules_sismepre.yaml,
municipalidades_2022,P11A_6_2,P11A_6_2,,object,Int64,cast_to_integer_nullable,True,False,Bronze SISMEPRE + silver_rules_sismepre.yaml,
municipalidades_2022,P11A_7,P11A_7,,object,Int64,cast_to_integer_nullable,False,False,Bronze SISMEPRE + silver_rules_sismepre.yaml,
municipalidades_2022,P11A_7_1,P11A_7_1,,object,Int64,cast_to_integer_nullable,True,False,Bronze SISMEPRE + silver_rules_sismepre.yaml,
municipalidades_2022,P11A_7_2,P11A_7_2,,object,Int64,cast_to_integer_nullable,True,False,Bronze SISMEPRE + silver_rules_sismepre.yaml,
municipalidades_2022,P11A_8,P11A_8,,object,Int64,cast_to_integer_nullable,False,False,Bronze SISMEPRE + silver_rules_sismepre.yaml,
municipalidades_2022,P11A_8_1,P11A_8_1,,object,Int64,cast_to_integer_nullable,True,False,Bronze SISMEPRE + silver_rules_sismepre.yaml,
municipalidades_2022,P11A_8_2,P11A_8_2,,object,Int64,cast_to_integer_nullable,True,False,Bronze SISMEPRE + silver_rules_sismepre.yaml,
municipalidades_2022,P11A_9,P11A_9,,object,Int64,cast_to_integer_nullable,False,False,Bronze SISMEPRE + silver_rules_sismepre.yaml,
municipalidades_2022,P11A_9_1,P11A_9_1,,object,Int64,cast_to_integer_nullable,True,False,Bronze SISMEPRE + silver_rules_sismepre.yaml,
municipalidades_2022,P11A_9_2,P11A_9_2,,object,Int64,cast_to_integer_nullable,True,False,Bronze SISMEPRE + silver_rules_sismepre.yaml,
municipalidades_2022,P11A_10,P11A_10,,object,Int64,cast_to_integer_nullable,False,False,Bronze SISMEPRE + silver_rules_sismepre.yaml,
municipalidades_2022,P11A_10_1,P11A_10_1,,object,Int64,cast_to_integer_nullable,True,False,Bronze SISMEPRE + silver_rules_sismepre.yaml,
municipalidades_2022,P11A_10_2,P11A_10_2,,object,Int64,cast_to_integer_nullable,True,False,Bronze SISMEPRE + silver_rules_sismepre.yaml,
municipalidades_2022,P11A_10_O,P11A_10_O,"documented_null_columns: Texto libre 'Otro tipo de acceso a internet'; solo aplica cuando P11A_10=1. Quality: 1,278 vacíos (68.2%). Vacío estructural documentado.",object,object,kept_without_explicit_rule,True,False,Bronze SISMEPRE + silver_rules_sismepre.yaml,"documented_null_columns: Texto libre 'Otro tipo de acceso a internet'; solo aplica cuando P11A_10=1. Quality: 1,278 vacíos (68.2%). Vacío estructural documentado."
municipalidades_2022,P11B_11,P11B_11,,object,Int64,cast_to_integer_nullable,False,False,Bronze SISMEPRE + silver_rules_sismepre.yaml,
municipalidades_2022,P11B_11_1,P11B_11_1,,object,Int64,cast_to_integer_nullable,True,False,Bronze SISMEPRE + silver_rules_sismepre.yaml,
municipalidades_2022,P11B_11_2,P11B_11_2,,object,Int64,cast_to_integer_nullable,True,False,Bronze SISMEPRE + silver_rules_sismepre.yaml,
municipalidades_2022,P11B_12,P11B_12,,object,Int64,cast_to_integer_nullable,False,False,Bronze SISMEPRE + silver_rules_sismepre.yaml,
municipalidades_2022,P11B_12_1,P11B_12_1,,object,Int64,cast_to_integer_nullable,True,False,Bronze SISMEPRE + silver_rules_sismepre.yaml,
municipalidades_2022,P11B_12_2,P11B_12_2,,object,Int64,cast_to_integer_nullable,True,False,Bronze SISMEPRE + silver_rules_sismepre.yaml,
municipalidades_2022,P11B_13,P11B_13,,object,Int64,cast_to_integer_nullable,False,False,Bronze SISMEPRE + silver_rules_sismepre.yaml,
municipalidades_2022,P11B_13_1,P11B_13_1,,object,Int64,cast_to_integer_nullable,True,False,Bronze SISMEPRE + silver_rules_sismepre.yaml,
municipalidades_2022,P11B_13_2,P11B_13_2,,object,Int64,cast_to_integer_nullable,True,False,Bronze SISMEPRE + silver_rules_sismepre.yaml,
municipalidades_2022,P11B_14,P11B_14,,object,Int64,cast_to_integer_nullable,False,False,Bronze SISMEPRE + silver_rules_sismepre.yaml,
municipalidades_2022,P11B_14_1,P11B_14_1,,object,Int64,cast_to_integer_nullable,True,False,Bronze SISMEPRE + silver_rules_sismepre.yaml,
municipalidades_2022,P11B_14_2,P11B_14_2,,object,Int64,cast_to_integer_nullable,True,False,Bronze SISMEPRE + silver_rules_sismepre.yaml,
municipalidades_2022,P11B_15,P11B_15,,object,Int64,cast_to_integer_nullable,False,False,Bronze SISMEPRE + silver_rules_sismepre.yaml,
municipalidades_2022,P11B_15_1,P11B_15_1,,object,Int64,cast_to_integer_nullable,True,False,Bronze SISMEPRE + silver_rules_sismepre.yaml,
municipalidades_2022,P11B_15_2,P11B_15_2,,object,Int64,cast_to_integer_nullable,True,False,Bronze SISMEPRE + silver_rules_sismepre.yaml,
municipalidades_2022,P11B_16,P11B_16,,object,Int64,cast_to_integer_nullable,False,False,Bronze SISMEPRE + silver_rules_sismepre.yaml,
municipalidades_2022,P11B_16_1,P11B_16_1,,object,Int64,cast_to_integer_nullable,True,False,Bronze SISMEPRE + silver_rules_sismepre.yaml,
municipalidades_2022,P11B_16_2,P11B_16_2,,object,Int64,cast_to_integer_nullable,True,False,Bronze SISMEPRE + silver_rules_sismepre.yaml,
municipalidades_2022,P11B_17,P11B_17,,object,Int64,cast_to_integer_nullable,False,False,Bronze SISMEPRE + silver_rules_sismepre.yaml,
municipalidades_2022,P11B_17_1,P11B_17_1,,object,Int64,cast_to_integer_nullable,True,False,Bronze SISMEPRE + silver_rules_sismepre.yaml,
municipalidades_2022,P11B_17_2,P11B_17_2,,object,Int64,cast_to_integer_nullable,True,False,Bronze SISMEPRE + silver_rules_sismepre.yaml,
municipalidades_2022,P11B_18,P11B_18,,object,Int64,cast_to_integer_nullable,False,False,Bronze SISMEPRE + silver_rules_sismepre.yaml,
municipalidades_2022,P11B_18_1,P11B_18_1,,object,Int64,cast_to_integer_nullable,True,False,Bronze SISMEPRE + silver_rules_sismepre.yaml,
municipalidades_2022,P11B_18_2,P11B_18_2,,object,Int64,cast_to_integer_nullable,True,False,Bronze SISMEPRE + silver_rules_sismepre.yaml,
municipalidades_2022,P11B_18_O,P11B_18_O,"documented_null_columns: Texto libre 'Otro equipo tecnológico'; solo aplica al elegir opción 'Otro'. Quality: 1,702 vacíos (90.8%). Vacío estructural documentado.",object,object,kept_without_explicit_rule,True,False,Bronze SISMEPRE + silver_rules_sismepre.yaml,"documented_null_columns: Texto libre 'Otro equipo tecnológico'; solo aplica al elegir opción 'Otro'. Quality: 1,702 vacíos (90.8%). Vacío estructural documentado."
municipalidades_2022,P12_1,P12_1,,object,Int64,cast_to_integer_nullable,False,False,Bronze SISMEPRE + silver_rules_sismepre.yaml,
municipalidades_2022,P12A_1,P12A_1,,object,Int64,cast_to_integer_nullable,True,False,Bronze SISMEPRE + silver_rules_sismepre.yaml,
municipalidades_2022,P12_2,P12_2,,object,Int64,cast_to_integer_nullable,False,False,Bronze SISMEPRE + silver_rules_sismepre.yaml,
municipalidades_2022,P12A_2,P12A_2,,object,Int64,cast_to_integer_nullable,True,False,Bronze SISMEPRE + silver_rules_sismepre.yaml,
municipalidades_2022,P13_1,P13_1,,object,Int64,cast_to_integer_nullable,False,False,Bronze SISMEPRE + silver_rules_sismepre.yaml,
municipalidades_2022,P13A_1,P13A_1,,object,Int64,cast_to_integer_nullable,True,False,Bronze SISMEPRE + silver_rules_sismepre.yaml,
municipalidades_2022,P13_2,P13_2,,object,Int64,cast_to_integer_nullable,False,False,Bronze SISMEPRE + silver_rules_sismepre.yaml,
municipalidades_2022,P13A_2,P13A_2,,object,Int64,cast_to_integer_nullable,True,False,Bronze SISMEPRE + silver_rules_sismepre.yaml,
municipalidades_2022,P13_3,P13_3,,object,Int64,cast_to_integer_nullable,False,False,Bronze SISMEPRE + silver_rules_sismepre.yaml,
municipalidades_2022,P13A_3,P13A_3,,object,Int64,cast_to_integer_nullable,True,False,Bronze SISMEPRE + silver_rules_sismepre.yaml,
municipalidades_2022,P13_4,P13_4,,object,Int64,cast_to_integer_nullable,False,False,Bronze SISMEPRE + silver_rules_sismepre.yaml,
municipalidades_2022,P13A_4,P13A_4,,object,Int64,cast_to_integer_nullable,True,False,Bronze SISMEPRE + silver_rules_sismepre.yaml,
municipalidades_2022,P13_5,P13_5,,object,Int64,cast_to_integer_nullable,False,False,Bronze SISMEPRE + silver_rules_sismepre.yaml,
municipalidades_2022,P13A_5,P13A_5,,object,Int64,cast_to_integer_nullable,True,False,Bronze SISMEPRE + silver_rules_sismepre.yaml,
municipalidades_2022,P13_6,P13_6,,object,Int64,cast_to_integer_nullable,False,False,Bronze SISMEPRE + silver_rules_sismepre.yaml,
municipalidades_2022,P13A_6,P13A_6,,object,Int64,cast_to_integer_nullable,True,False,Bronze SISMEPRE + silver_rules_sismepre.yaml,
municipalidades_2022,P13_7,P13_7,,object,Int64,cast_to_integer_nullable,False,False,Bronze SISMEPRE + silver_rules_sismepre.yaml,
municipalidades_2022,P13A_7,P13A_7,,object,Int64,cast_to_integer_nullable,True,False,Bronze SISMEPRE + silver_rules_sismepre.yaml,
municipalidades_2022,P13_8,P13_8,,object,Int64,cast_to_integer_nullable,False,False,Bronze SISMEPRE + silver_rules_sismepre.yaml,
municipalidades_2022,P13A_8,P13A_8,,object,Int64,cast_to_integer_nullable,True,False,Bronze SISMEPRE + silver_rules_sismepre.yaml,
municipalidades_2022,P13_9,P13_9,,object,Int64,cast_to_integer_nullable,False,False,Bronze SISMEPRE + silver_rules_sismepre.yaml,
municipalidades_2022,P13A_9,P13A_9,,object,Int64,cast_to_integer_nullable,True,False,Bronze SISMEPRE + silver_rules_sismepre.yaml,
municipalidades_2022,P13A_9_O,P13A_9_O,"documented_null_columns: Texto libre 'Otro software'; solo aplica al elegir opción 'Otro'. Quality: 1,623 vacíos (86.6%). Vacío estructural documentado.",object,object,kept_without_explicit_rule,True,False,Bronze SISMEPRE + silver_rules_sismepre.yaml,"documented_null_columns: Texto libre 'Otro software'; solo aplica al elegir opción 'Otro'. Quality: 1,623 vacíos (86.6%). Vacío estructural documentado."
municipalidades_2022,P14,P14,,object,Int64,cast_to_integer_nullable,False,False,Bronze SISMEPRE + silver_rules_sismepre.yaml,
municipalidades_2022,P14A_1,P14A_1,,object,Int64,cast_to_integer_nullable,True,False,Bronze SISMEPRE + silver_rules_sismepre.yaml,
municipalidades_2022,P14A_2,P14A_2,,object,Int64,cast_to_integer_nullable,True,False,Bronze SISMEPRE + silver_rules_sismepre.yaml,
municipalidades_2022,P15_1,P15_1,,object,Int64,cast_to_integer_nullable,False,False,Bronze SISMEPRE + silver_rules_sismepre.yaml,
municipalidades_2022,P15A_1,P15A_1,,object,Int64,cast_to_integer_nullable,True,False,Bronze SISMEPRE + silver_rules_sismepre.yaml,
municipalidades_2022,P15_2,P15_2,,object,Int64,cast_to_integer_nullable,False,False,Bronze SISMEPRE + silver_rules_sismepre.yaml,
municipalidades_2022,P15A_2,P15A_2,,object,Int64,cast_to_integer_nullable,True,False,Bronze SISMEPRE + silver_rules_sismepre.yaml,
municipalidades_2022,P15_3,P15_3,,object,Int64,cast_to_integer_nullable,False,False,Bronze SISMEPRE + silver_rules_sismepre.yaml,
municipalidades_2022,P15A_3,P15A_3,,object,Int64,cast_to_integer_nullable,True,False,Bronze SISMEPRE + silver_rules_sismepre.yaml,
municipalidades_2022,P15_4,P15_4,,object,Int64,cast_to_integer_nullable,False,False,Bronze SISMEPRE + silver_rules_sismepre.yaml,
municipalidades_2022,P15A_4,P15A_4,,object,Int64,cast_to_integer_nullable,True,False,Bronze SISMEPRE + silver_rules_sismepre.yaml,
municipalidades_2022,P15_5,P15_5,,object,Int64,cast_to_integer_nullable,False,False,Bronze SISMEPRE + silver_rules_sismepre.yaml,
municipalidades_2022,P15A_5,P15A_5,,object,Int64,cast_to_integer_nullable,True,False,Bronze SISMEPRE + silver_rules_sismepre.yaml,
municipalidades_2022,P15_6,P15_6,,object,Int64,cast_to_integer_nullable,False,False,Bronze SISMEPRE + silver_rules_sismepre.yaml,
municipalidades_2022,P15A_6,P15A_6,,object,Int64,cast_to_integer_nullable,True,False,Bronze SISMEPRE + silver_rules_sismepre.yaml,
municipalidades_2022,P15A_6_O,P15A_6_O,"documented_null_columns: Texto libre 'Otra fuente de energía'; solo aplica al elegir opción 'Otro'. Quality: 1,632 vacíos (87.1%). Vacío estructural documentado.",object,object,kept_without_explicit_rule,True,False,Bronze SISMEPRE + silver_rules_sismepre.yaml,"documented_null_columns: Texto libre 'Otra fuente de energía'; solo aplica al elegir opción 'Otro'. Quality: 1,632 vacíos (87.1%). Vacío estructural documentado."
municipalidades_2022,P16_1,P16_1,,object,object,kept_without_explicit_rule,False,False,Bronze SISMEPRE + silver_rules_sismepre.yaml,
municipalidades_2022,P16_2,P16_2,,object,Int64,cast_to_integer_nullable,False,False,Bronze SISMEPRE + silver_rules_sismepre.yaml,
municipalidades_2022,P16_3,P16_3,,object,Int64,cast_to_integer_nullable,False,False,Bronze SISMEPRE + silver_rules_sismepre.yaml,
municipalidades_2022,P16_4,P16_4,,object,Int64,cast_to_integer_nullable,False,False,Bronze SISMEPRE + silver_rules_sismepre.yaml,
municipalidades_2022,P16_5,P16_5,,object,Int64,cast_to_integer_nullable,False,False,Bronze SISMEPRE + silver_rules_sismepre.yaml,
municipalidades_2022,P16_6,P16_6,,object,Int64,cast_to_integer_nullable,False,False,Bronze SISMEPRE + silver_rules_sismepre.yaml,
municipalidades_2022,P16_7,P16_7,,object,Int64,cast_to_integer_nullable,False,False,Bronze SISMEPRE + silver_rules_sismepre.yaml,
municipalidades_2022,P16_8,P16_8,,object,Int64,cast_to_integer_nullable,False,False,Bronze SISMEPRE + silver_rules_sismepre.yaml,
municipalidades_2022,P16_9,P16_9,,object,Int64,cast_to_integer_nullable,False,False,Bronze SISMEPRE + silver_rules_sismepre.yaml,
municipalidades_2022,P16_9_O,P16_9_O,"documented_null_columns: Texto libre 'Otro servicio de agua'; solo aplica al elegir opción 'Otro'. Quality: 1,757 vacíos (93.8%). Vacío estructural documentado.",object,object,kept_without_explicit_rule,True,False,Bronze SISMEPRE + silver_rules_sismepre.yaml,"documented_null_columns: Texto libre 'Otro servicio de agua'; solo aplica al elegir opción 'Otro'. Quality: 1,757 vacíos (93.8%). Vacío estructural documentado."
municipalidades_2022,P17_1,P17_1,,object,object,kept_without_explicit_rule,False,False,Bronze SISMEPRE + silver_rules_sismepre.yaml,
municipalidades_2022,P17_2,P17_2,,object,Int64,cast_to_integer_nullable,False,False,Bronze SISMEPRE + silver_rules_sismepre.yaml,
municipalidades_2022,P17_3,P17_3,,object,Int64,cast_to_integer_nullable,False,False,Bronze SISMEPRE + silver_rules_sismepre.yaml,
municipalidades_2022,P17_4,P17_4,,object,Int64,cast_to_integer_nullable,False,False,Bronze SISMEPRE + silver_rules_sismepre.yaml,
municipalidades_2022,P17_5,P17_5,,object,Int64,cast_to_integer_nullable,False,False,Bronze SISMEPRE + silver_rules_sismepre.yaml,
municipalidades_2022,P17_6,P17_6,,object,Int64,cast_to_integer_nullable,False,False,Bronze SISMEPRE + silver_rules_sismepre.yaml,
municipalidades_2022,P17_7,P17_7,,object,Int64,cast_to_integer_nullable,False,False,Bronze SISMEPRE + silver_rules_sismepre.yaml,
municipalidades_2022,P17_8,P17_8,,object,Int64,cast_to_integer_nullable,False,False,Bronze SISMEPRE + silver_rules_sismepre.yaml,
municipalidades_2022,P17_9,P17_9,,object,Int64,cast_to_integer_nullable,False,False,Bronze SISMEPRE + silver_rules_sismepre.yaml,
municipalidades_2022,P17_10,P17_10,,object,Int64,cast_to_integer_nullable,False,False,Bronze SISMEPRE + silver_rules_sismepre.yaml,
municipalidades_2022,P17_11,P17_11,,object,Int64,cast_to_integer_nullable,False,False,Bronze SISMEPRE + silver_rules_sismepre.yaml,
municipalidades_2022,P17_12,P17_12,,object,Int64,cast_to_integer_nullable,False,False,Bronze SISMEPRE + silver_rules_sismepre.yaml,
municipalidades_2022,P17_13,P17_13,,object,Int64,cast_to_integer_nullable,False,False,Bronze SISMEPRE + silver_rules_sismepre.yaml,
municipalidades_2022,P17_13_O,P17_13_O,"documented_null_columns: Texto libre 'Otro tipo de residuo'; solo aplica al elegir opción 'Otro'. Quality: 1,810 vacíos (96.6%). Vacío estructural documentado.",object,object,kept_without_explicit_rule,True,False,Bronze SISMEPRE + silver_rules_sismepre.yaml,"documented_null_columns: Texto libre 'Otro tipo de residuo'; solo aplica al elegir opción 'Otro'. Quality: 1,810 vacíos (96.6%). Vacío estructural documentado."
municipalidades_2022,P17_14,P17_14,,object,Int64,cast_to_integer_nullable,False,False,Bronze SISMEPRE + silver_rules_sismepre.yaml,
municipalidades_2022,P18,P18,,object,Int64,cast_to_integer_nullable,False,False,Bronze SISMEPRE + silver_rules_sismepre.yaml,
municipalidades_2022,P18_Portal,P18_Portal,,object,object,kept_without_explicit_rule,True,False,Bronze SISMEPRE + silver_rules_sismepre.yaml,
municipalidades_2022,P19D_T,P19D_T,,object,Int64,cast_to_integer_nullable,False,False,Bronze SISMEPRE + silver_rules_sismepre.yaml,
municipalidades_2022,P19D_NM,P19D_NM,,object,Int64,cast_to_integer_nullable,False,False,Bronze SISMEPRE + silver_rules_sismepre.yaml,
municipalidades_2022,P19D_NH,P19D_NH,,object,Int64,cast_to_integer_nullable,False,False,Bronze SISMEPRE + silver_rules_sismepre.yaml,
municipalidades_2022,P19D_CM,P19D_CM,,object,Int64,cast_to_integer_nullable,False,False,Bronze SISMEPRE + silver_rules_sismepre.yaml,
municipalidades_2022,P19D_CH,P19D_CH,,object,Int64,cast_to_integer_nullable,False,False,Bronze SISMEPRE + silver_rules_sismepre.yaml,
municipalidades_2022,P19D_LM,P19D_LM,,object,Int64,cast_to_integer_nullable,False,False,Bronze SISMEPRE + silver_rules_sismepre.yaml,
municipalidades_2022,P19D_LH,P19D_LH,,object,Int64,cast_to_integer_nullable,False,False,Bronze SISMEPRE + silver_rules_sismepre.yaml,
municipalidades_2022,P19D_VM,P19D_VM,,object,Int64,cast_to_integer_nullable,False,False,Bronze SISMEPRE + silver_rules_sismepre.yaml,
municipalidades_2022,P19D_VH,P19D_VH,,object,Int64,cast_to_integer_nullable,False,False,Bronze SISMEPRE + silver_rules_sismepre.yaml,
municipalidades_2022,P19_1_T,P19_1_T,,object,Int64,cast_to_integer_nullable,False,False,Bronze SISMEPRE + silver_rules_sismepre.yaml,
municipalidades_2022,P19_1_NM,P19_1_NM,,object,Int64,cast_to_integer_nullable,False,False,Bronze SISMEPRE + silver_rules_sismepre.yaml,
municipalidades_2022,P19_1_NH,P19_1_NH,,object,Int64,cast_to_integer_nullable,False,False,Bronze SISMEPRE + silver_rules_sismepre.yaml,
municipalidades_2022,P19_1_CM,P19_1_CM,,object,Int64,cast_to_integer_nullable,False,False,Bronze SISMEPRE + silver_rules_sismepre.yaml,
municipalidades_2022,P19_1_CH,P19_1_CH,,object,Int64,cast_to_integer_nullable,False,False,Bronze SISMEPRE + silver_rules_sismepre.yaml,
municipalidades_2022,P19_1_LM,P19_1_LM,,object,object,kept_without_explicit_rule,False,False,Bronze SISMEPRE + silver_rules_sismepre.yaml,
municipalidades_2022,P19_1_LH,P19_1_LH,,object,object,kept_without_explicit_rule,False,False,Bronze SISMEPRE + silver_rules_sismepre.yaml,
municipalidades_2022,P19_1_VM,P19_1_VM,,object,Int64,cast_to_integer_nullable,False,False,Bronze SISMEPRE + silver_rules_sismepre.yaml,
municipalidades_2022,P19_1_VH,P19_1_VH,,object,Int64,cast_to_integer_nullable,False,False,Bronze SISMEPRE + silver_rules_sismepre.yaml,
municipalidades_2022,P19_2_T,P19_2_T,,object,Int64,cast_to_integer_nullable,False,False,Bronze SISMEPRE + silver_rules_sismepre.yaml,
municipalidades_2022,P19_2_NM,P19_2_NM,,object,Int64,cast_to_integer_nullable,False,False,Bronze SISMEPRE + silver_rules_sismepre.yaml,
municipalidades_2022,P19_2_NH,P19_2_NH,,object,Int64,cast_to_integer_nullable,False,False,Bronze SISMEPRE + silver_rules_sismepre.yaml,
municipalidades_2022,P19_2_CM,P19_2_CM,,object,Int64,cast_to_integer_nullable,False,False,Bronze SISMEPRE + silver_rules_sismepre.yaml,
municipalidades_2022,P19_2_CH,P19_2_CH,,object,Int64,cast_to_integer_nullable,False,False,Bronze SISMEPRE + silver_rules_sismepre.yaml,
municipalidades_2022,P19_2_LM,P19_2_LM,,object,Int64,cast_to_integer_nullable,False,False,Bronze SISMEPRE + silver_rules_sismepre.yaml,
municipalidades_2022,P19_2_LH,P19_2_LH,,object,Int64,cast_to_integer_nullable,False,False,Bronze SISMEPRE + silver_rules_sismepre.yaml,
municipalidades_2022,P19_2_VM,P19_2_VM,,object,Int64,cast_to_integer_nullable,False,False,Bronze SISMEPRE + silver_rules_sismepre.yaml,
municipalidades_2022,P19_2_VH,P19_2_VH,,object,Int64,cast_to_integer_nullable,False,False,Bronze SISMEPRE + silver_rules_sismepre.yaml,
municipalidades_2022,P19_3_T,P19_3_T,,object,Int64,cast_to_integer_nullable,False,False,Bronze SISMEPRE + silver_rules_sismepre.yaml,
municipalidades_2022,P19_3_NM,P19_3_NM,,object,Int64,cast_to_integer_nullable,False,False,Bronze SISMEPRE + silver_rules_sismepre.yaml,
municipalidades_2022,P19_3_NH,P19_3_NH,,object,Int64,cast_to_integer_nullable,False,False,Bronze SISMEPRE + silver_rules_sismepre.yaml,
municipalidades_2022,P19_3_CM,P19_3_CM,,object,Int64,cast_to_integer_nullable,False,False,Bronze SISMEPRE + silver_rules_sismepre.yaml,
municipalidades_2022,P19_3_CH,P19_3_CH,,object,Int64,cast_to_integer_nullable,False,False,Bronze SISMEPRE + silver_rules_sismepre.yaml,
municipalidades_2022,P19_3_LM,P19_3_LM,,object,Int64,cast_to_integer_nullable,False,False,Bronze SISMEPRE + silver_rules_sismepre.yaml,
municipalidades_2022,P19_3_LH,P19_3_LH,,object,Int64,cast_to_integer_nullable,False,False,Bronze SISMEPRE + silver_rules_sismepre.yaml,
municipalidades_2022,P19_3_VM,P19_3_VM,,object,Int64,cast_to_integer_nullable,False,False,Bronze SISMEPRE + silver_rules_sismepre.yaml,
municipalidades_2022,P19_3_VH,P19_3_VH,,object,Int64,cast_to_integer_nullable,False,False,Bronze SISMEPRE + silver_rules_sismepre.yaml,
municipalidades_2022,P19_4_T,P19_4_T,,object,Int64,cast_to_integer_nullable,False,False,Bronze SISMEPRE + silver_rules_sismepre.yaml,
municipalidades_2022,P19_4_NM,P19_4_NM,,object,Int64,cast_to_integer_nullable,False,False,Bronze SISMEPRE + silver_rules_sismepre.yaml,
municipalidades_2022,P19_4_NH,P19_4_NH,,object,Int64,cast_to_integer_nullable,False,False,Bronze SISMEPRE + silver_rules_sismepre.yaml,
municipalidades_2022,P19_4_CM,P19_4_CM,,object,Int64,cast_to_integer_nullable,False,False,Bronze SISMEPRE + silver_rules_sismepre.yaml,
municipalidades_2022,P19_4_CH,P19_4_CH,,object,Int64,cast_to_integer_nullable,False,False,Bronze SISMEPRE + silver_rules_sismepre.yaml,
municipalidades_2022,P19_4_LM,P19_4_LM,,object,Int64,cast_to_integer_nullable,False,False,Bronze SISMEPRE + silver_rules_sismepre.yaml,
municipalidades_2022,P19_4_LH,P19_4_LH,,object,Int64,cast_to_integer_nullable,False,False,Bronze SISMEPRE + silver_rules_sismepre.yaml,
municipalidades_2022,P19_4_VM,P19_4_VM,,object,Int64,cast_to_integer_nullable,False,False,Bronze SISMEPRE + silver_rules_sismepre.yaml,
municipalidades_2022,P19_4_VH,P19_4_VH,,object,Int64,cast_to_integer_nullable,False,False,Bronze SISMEPRE + silver_rules_sismepre.yaml,
municipalidades_2022,P19_5_T,P19_5_T,,object,Int64,cast_to_integer_nullable,False,False,Bronze SISMEPRE + silver_rules_sismepre.yaml,
municipalidades_2022,P19_5_NM,P19_5_NM,,object,Int64,cast_to_integer_nullable,False,False,Bronze SISMEPRE + silver_rules_sismepre.yaml,
municipalidades_2022,P19_5_NH,P19_5_NH,,object,Int64,cast_to_integer_nullable,False,False,Bronze SISMEPRE + silver_rules_sismepre.yaml,
municipalidades_2022,P19_5_CM,P19_5_CM,,object,Int64,cast_to_integer_nullable,False,False,Bronze SISMEPRE + silver_rules_sismepre.yaml,
municipalidades_2022,P19_5_CH,P19_5_CH,,object,Int64,cast_to_integer_nullable,False,False,Bronze SISMEPRE + silver_rules_sismepre.yaml,
municipalidades_2022,P19_5_LM,P19_5_LM,,object,Int64,cast_to_integer_nullable,False,False,Bronze SISMEPRE + silver_rules_sismepre.yaml,
municipalidades_2022,P19_5_LH,P19_5_LH,,object,Int64,cast_to_integer_nullable,False,False,Bronze SISMEPRE + silver_rules_sismepre.yaml,
municipalidades_2022,P19_5_VM,P19_5_VM,,object,Int64,cast_to_integer_nullable,False,False,Bronze SISMEPRE + silver_rules_sismepre.yaml,
municipalidades_2022,P19_5_VH,P19_5_VH,,object,Int64,cast_to_integer_nullable,False,False,Bronze SISMEPRE + silver_rules_sismepre.yaml,
municipalidades_2022,P19_6_T,P19_6_T,,object,Int64,cast_to_integer_nullable,False,False,Bronze SISMEPRE + silver_rules_sismepre.yaml,
municipalidades_2022,P19_6_NM,P19_6_NM,,object,Int64,cast_to_integer_nullable,False,False,Bronze SISMEPRE + silver_rules_sismepre.yaml,
municipalidades_2022,P19_6_NH,P19_6_NH,,object,Int64,cast_to_integer_nullable,False,False,Bronze SISMEPRE + silver_rules_sismepre.yaml,
municipalidades_2022,P19_6_CM,P19_6_CM,,object,Int64,cast_to_integer_nullable,False,False,Bronze SISMEPRE + silver_rules_sismepre.yaml,
municipalidades_2022,P19_6_CH,P19_6_CH,,object,Int64,cast_to_integer_nullable,False,False,Bronze SISMEPRE + silver_rules_sismepre.yaml,
municipalidades_2022,P19_6_LM,P19_6_LM,,object,Int64,cast_to_integer_nullable,False,False,Bronze SISMEPRE + silver_rules_sismepre.yaml,
municipalidades_2022,P19_6_LH,P19_6_LH,,object,Int64,cast_to_integer_nullable,False,False,Bronze SISMEPRE + silver_rules_sismepre.yaml,
municipalidades_2022,P19_6_VM,P19_6_VM,,object,Int64,cast_to_integer_nullable,False,False,Bronze SISMEPRE + silver_rules_sismepre.yaml,
municipalidades_2022,P19_6_VH,P19_6_VH,,object,Int64,cast_to_integer_nullable,False,False,Bronze SISMEPRE + silver_rules_sismepre.yaml,
municipalidades_2022,P19_7_T,P19_7_T,,object,Int64,cast_to_integer_nullable,False,False,Bronze SISMEPRE + silver_rules_sismepre.yaml,
municipalidades_2022,P19_7_NM,P19_7_NM,,object,Int64,cast_to_integer_nullable,False,False,Bronze SISMEPRE + silver_rules_sismepre.yaml,
municipalidades_2022,P19_7_NH,P19_7_NH,,object,Int64,cast_to_integer_nullable,False,False,Bronze SISMEPRE + silver_rules_sismepre.yaml,
municipalidades_2022,P19_7_CM,P19_7_CM,,object,Int64,cast_to_integer_nullable,False,False,Bronze SISMEPRE + silver_rules_sismepre.yaml,
municipalidades_2022,P19_7_CH,P19_7_CH,,object,Int64,cast_to_integer_nullable,False,False,Bronze SISMEPRE + silver_rules_sismepre.yaml,
municipalidades_2022,P19_7_LM,P19_7_LM,,object,Int64,cast_to_integer_nullable,False,False,Bronze SISMEPRE + silver_rules_sismepre.yaml,
municipalidades_2022,P19_7_LH,P19_7_LH,,object,Int64,cast_to_integer_nullable,False,False,Bronze SISMEPRE + silver_rules_sismepre.yaml,
municipalidades_2022,P19_7_VM,P19_7_VM,,object,Int64,cast_to_integer_nullable,False,False,Bronze SISMEPRE + silver_rules_sismepre.yaml,
municipalidades_2022,P19_7_VH,P19_7_VH,,object,Int64,cast_to_integer_nullable,False,False,Bronze SISMEPRE + silver_rules_sismepre.yaml,
municipalidades_2022,P19M_T,P19M_T,,object,Int64,cast_to_integer_nullable,False,False,Bronze SISMEPRE + silver_rules_sismepre.yaml,
municipalidades_2022,P19M_NM,P19M_NM,,object,Int64,cast_to_integer_nullable,False,False,Bronze SISMEPRE + silver_rules_sismepre.yaml,
municipalidades_2022,P19M_NH,P19M_NH,,object,Int64,cast_to_integer_nullable,False,False,Bronze SISMEPRE + silver_rules_sismepre.yaml,
municipalidades_2022,P19M_CM,P19M_CM,,object,Int64,cast_to_integer_nullable,False,False,Bronze SISMEPRE + silver_rules_sismepre.yaml,
municipalidades_2022,P19M_CH,P19M_CH,,object,Int64,cast_to_integer_nullable,False,False,Bronze SISMEPRE + silver_rules_sismepre.yaml,
municipalidades_2022,P19M_LM,P19M_LM,,object,Int64,cast_to_integer_nullable,False,False,Bronze SISMEPRE + silver_rules_sismepre.yaml,
municipalidades_2022,P19M_LH,P19M_LH,,object,Int64,cast_to_integer_nullable,False,False,Bronze SISMEPRE + silver_rules_sismepre.yaml,
municipalidades_2022,P19M_VM,P19M_VM,,object,Int64,cast_to_integer_nullable,False,False,Bronze SISMEPRE + silver_rules_sismepre.yaml,
municipalidades_2022,P19M_VH,P19M_VH,,object,Int64,cast_to_integer_nullable,False,False,Bronze SISMEPRE + silver_rules_sismepre.yaml,
municipalidades_2022,P19A,P19A,,object,Int64,cast_to_integer_nullable,False,False,Bronze SISMEPRE + silver_rules_sismepre.yaml,
municipalidades_2022,P19A_1_T,P19A_1_T,,object,Int64,cast_to_integer_nullable,True,False,Bronze SISMEPRE + silver_rules_sismepre.yaml,
municipalidades_2022,P19A_1_M,P19A_1_M,,object,Int64,cast_to_integer_nullable,True,False,Bronze SISMEPRE + silver_rules_sismepre.yaml,
municipalidades_2022,P19A_1_H,P19A_1_H,,object,Int64,cast_to_integer_nullable,True,False,Bronze SISMEPRE + silver_rules_sismepre.yaml,
municipalidades_2022,P19A_2_T,P19A_2_T,,object,Int64,cast_to_integer_nullable,True,False,Bronze SISMEPRE + silver_rules_sismepre.yaml,
municipalidades_2022,P19A_2_M,P19A_2_M,,object,Int64,cast_to_integer_nullable,True,False,Bronze SISMEPRE + silver_rules_sismepre.yaml,
municipalidades_2022,P19A_2_H,P19A_2_H,,object,Int64,cast_to_integer_nullable,True,False,Bronze SISMEPRE + silver_rules_sismepre.yaml,
municipalidades_2022,P20,P20,,object,Int64,cast_to_integer_nullable,False,False,Bronze SISMEPRE + silver_rules_sismepre.yaml,
municipalidades_2022,P20_1_T,P20_1_T,,object,Int64,cast_to_integer_nullable,True,False,Bronze SISMEPRE + silver_rules_sismepre.yaml,
municipalidades_2022,P20_1_M,P20_1_M,,object,Int64,cast_to_integer_nullable,True,False,Bronze SISMEPRE + silver_rules_sismepre.yaml,
municipalidades_2022,P20_1_H,P20_1_H,,object,Int64,cast_to_integer_nullable,True,False,Bronze SISMEPRE + silver_rules_sismepre.yaml,
municipalidades_2022,P20_2_T,P20_2_T,,object,Int64,cast_to_integer_nullable,True,False,Bronze SISMEPRE + silver_rules_sismepre.yaml,
municipalidades_2022,P20_2_M,P20_2_M,,object,Int64,cast_to_integer_nullable,True,False,Bronze SISMEPRE + silver_rules_sismepre.yaml,
municipalidades_2022,P20_2_H,P20_2_H,,object,Int64,cast_to_integer_nullable,True,False,Bronze SISMEPRE + silver_rules_sismepre.yaml,
municipalidades_2022,P21,P21,,object,Int64,cast_to_integer_nullable,False,False,Bronze SISMEPRE + silver_rules_sismepre.yaml,
municipalidades_2022,P21_1_T,P21_1_T,,object,Int64,cast_to_integer_nullable,True,False,Bronze SISMEPRE + silver_rules_sismepre.yaml,
municipalidades_2022,P21_1_M,P21_1_M,,object,Int64,cast_to_integer_nullable,True,False,Bronze SISMEPRE + silver_rules_sismepre.yaml,
municipalidades_2022,P21_1_H,P21_1_H,,object,Int64,cast_to_integer_nullable,True,False,Bronze SISMEPRE + silver_rules_sismepre.yaml,
municipalidades_2022,P21_1_T_20,P21_1_T_20,,object,Int64,cast_to_integer_nullable,True,False,Bronze SISMEPRE + silver_rules_sismepre.yaml,
municipalidades_2022,P21_1_M_20,P21_1_M_20,,object,Int64,cast_to_integer_nullable,True,False,Bronze SISMEPRE + silver_rules_sismepre.yaml,
municipalidades_2022,P21_1_H_20,P21_1_H_20,,object,Int64,cast_to_integer_nullable,True,False,Bronze SISMEPRE + silver_rules_sismepre.yaml,
municipalidades_2022,P21_2_T,P21_2_T,,object,Int64,cast_to_integer_nullable,True,False,Bronze SISMEPRE + silver_rules_sismepre.yaml,
municipalidades_2022,P21_2_M,P21_2_M,,object,Int64,cast_to_integer_nullable,True,False,Bronze SISMEPRE + silver_rules_sismepre.yaml,
municipalidades_2022,P21_2_H,P21_2_H,,object,Int64,cast_to_integer_nullable,True,False,Bronze SISMEPRE + silver_rules_sismepre.yaml,
municipalidades_2022,P21_2_T_20,P21_2_T_20,,object,Int64,cast_to_integer_nullable,True,False,Bronze SISMEPRE + silver_rules_sismepre.yaml,
municipalidades_2022,P21_2_M_20,P21_2_M_20,,object,Int64,cast_to_integer_nullable,True,False,Bronze SISMEPRE + silver_rules_sismepre.yaml,
municipalidades_2022,P21_2_H_20,P21_2_H_20,,object,Int64,cast_to_integer_nullable,True,False,Bronze SISMEPRE + silver_rules_sismepre.yaml,
municipalidades_2022,P22_AT1,P22_AT1,,object,object,kept_without_explicit_rule,False,False,Bronze SISMEPRE + silver_rules_sismepre.yaml,
municipalidades_2022,P22_AT2,P22_AT2,,object,Int64,cast_to_integer_nullable,False,False,Bronze SISMEPRE + silver_rules_sismepre.yaml,
municipalidades_2022,P22_AT3,P22_AT3,,object,Int64,cast_to_integer_nullable,False,False,Bronze SISMEPRE + silver_rules_sismepre.yaml,
municipalidades_2022,P22_AT4,P22_AT4,,object,Int64,cast_to_integer_nullable,False,False,Bronze SISMEPRE + silver_rules_sismepre.yaml,
municipalidades_2022,P22_AT5,P22_AT5,,object,Int64,cast_to_integer_nullable,False,False,Bronze SISMEPRE + silver_rules_sismepre.yaml,
municipalidades_2022,P22_AT6,P22_AT6,,object,Int64,cast_to_integer_nullable,False,False,Bronze SISMEPRE + silver_rules_sismepre.yaml,
municipalidades_2022,P22_AT7,P22_AT7,,object,Int64,cast_to_integer_nullable,False,False,Bronze SISMEPRE + silver_rules_sismepre.yaml,
municipalidades_2022,P22_AT8,P22_AT8,,object,Int64,cast_to_integer_nullable,False,False,Bronze SISMEPRE + silver_rules_sismepre.yaml,
municipalidades_2022,P22_AT9,P22_AT9,,object,Int64,cast_to_integer_nullable,False,False,Bronze SISMEPRE + silver_rules_sismepre.yaml,
municipalidades_2022,P22_AT10,P22_AT10,,object,Int64,cast_to_integer_nullable,False,False,Bronze SISMEPRE + silver_rules_sismepre.yaml,
municipalidades_2022,P22_AT11,P22_AT11,,object,Int64,cast_to_integer_nullable,False,False,Bronze SISMEPRE + silver_rules_sismepre.yaml,
municipalidades_2022,P22_AT12,P22_AT12,,object,Int64,cast_to_integer_nullable,False,False,Bronze SISMEPRE + silver_rules_sismepre.yaml,
municipalidades_2022,P22_AT13,P22_AT13,,object,Int64,cast_to_integer_nullable,False,False,Bronze SISMEPRE + silver_rules_sismepre.yaml,
municipalidades_2022,P22_AT14,P22_AT14,,object,Int64,cast_to_integer_nullable,False,False,Bronze SISMEPRE + silver_rules_sismepre.yaml,
municipalidades_2022,P22_AT15,P22_AT15,,object,Int64,cast_to_integer_nullable,False,False,Bronze SISMEPRE + silver_rules_sismepre.yaml,
municipalidades_2022,P22_AT16,P22_AT16,,object,Int64,cast_to_integer_nullable,False,False,Bronze SISMEPRE + silver_rules_sismepre.yaml,
municipalidades_2022,P22_AT17,P22_AT17,,object,Int64,cast_to_integer_nullable,False,False,Bronze SISMEPRE + silver_rules_sismepre.yaml,
municipalidades_2022,P22_AT18,P22_AT18,,object,Int64,cast_to_integer_nullable,False,False,Bronze SISMEPRE + silver_rules_sismepre.yaml,
municipalidades_2022,P22_AT19,P22_AT19,,object,Int64,cast_to_integer_nullable,False,False,Bronze SISMEPRE + silver_rules_sismepre.yaml,
municipalidades_2022,P22_AT20,P22_AT20,,object,Int64,cast_to_integer_nullable,False,False,Bronze SISMEPRE + silver_rules_sismepre.yaml,
municipalidades_2022,P22_AT21,P22_AT21,,object,Int64,cast_to_integer_nullable,False,False,Bronze SISMEPRE + silver_rules_sismepre.yaml,
municipalidades_2022,P22_AT22,P22_AT22,,object,Int64,cast_to_integer_nullable,False,False,Bronze SISMEPRE + silver_rules_sismepre.yaml,
municipalidades_2022,P22_AT23,P22_AT23,,object,Int64,cast_to_integer_nullable,False,False,Bronze SISMEPRE + silver_rules_sismepre.yaml,
municipalidades_2022,P22_AT24,P22_AT24,,object,Int64,cast_to_integer_nullable,False,False,Bronze SISMEPRE + silver_rules_sismepre.yaml,
municipalidades_2022,P22_AT24_O,P22_AT24_O,,object,object,kept_without_explicit_rule,True,False,Bronze SISMEPRE + silver_rules_sismepre.yaml,
municipalidades_2022,P22_C1,P22_C1,,object,object,kept_without_explicit_rule,False,False,Bronze SISMEPRE + silver_rules_sismepre.yaml,
municipalidades_2022,P22_C2,P22_C2,,object,Int64,cast_to_integer_nullable,False,False,Bronze SISMEPRE + silver_rules_sismepre.yaml,
municipalidades_2022,P22_C3,P22_C3,,object,Int64,cast_to_integer_nullable,False,False,Bronze SISMEPRE + silver_rules_sismepre.yaml,
municipalidades_2022,P22_C4,P22_C4,,object,Int64,cast_to_integer_nullable,False,False,Bronze SISMEPRE + silver_rules_sismepre.yaml,
municipalidades_2022,P22_C5,P22_C5,,object,Int64,cast_to_integer_nullable,False,False,Bronze SISMEPRE + silver_rules_sismepre.yaml,
municipalidades_2022,P22_C6,P22_C6,,object,Int64,cast_to_integer_nullable,False,False,Bronze SISMEPRE + silver_rules_sismepre.yaml,
municipalidades_2022,P22_C7,P22_C7,,object,Int64,cast_to_integer_nullable,False,False,Bronze SISMEPRE + silver_rules_sismepre.yaml,
municipalidades_2022,P22_C8,P22_C8,,object,Int64,cast_to_integer_nullable,False,False,Bronze SISMEPRE + silver_rules_sismepre.yaml,
municipalidades_2022,P22_C9,P22_C9,,object,Int64,cast_to_integer_nullable,False,False,Bronze SISMEPRE + silver_rules_sismepre.yaml,
municipalidades_2022,P22_C10,P22_C10,,object,Int64,cast_to_integer_nullable,False,False,Bronze SISMEPRE + silver_rules_sismepre.yaml,
municipalidades_2022,P22_C11,P22_C11,,object,Int64,cast_to_integer_nullable,False,False,Bronze SISMEPRE + silver_rules_sismepre.yaml,
municipalidades_2022,P22_C12,P22_C12,,object,Int64,cast_to_integer_nullable,False,False,Bronze SISMEPRE + silver_rules_sismepre.yaml,
municipalidades_2022,P22_C13,P22_C13,,object,Int64,cast_to_integer_nullable,False,False,Bronze SISMEPRE + silver_rules_sismepre.yaml,
municipalidades_2022,P22_C14,P22_C14,,object,Int64,cast_to_integer_nullable,False,False,Bronze SISMEPRE + silver_rules_sismepre.yaml,
municipalidades_2022,P22_C15,P22_C15,,object,Int64,cast_to_integer_nullable,False,False,Bronze SISMEPRE + silver_rules_sismepre.yaml,
municipalidades_2022,P22_C16,P22_C16,,object,Int64,cast_to_integer_nullable,False,False,Bronze SISMEPRE + silver_rules_sismepre.yaml,
municipalidades_2022,P22_C17,P22_C17,,object,Int64,cast_to_integer_nullable,False,False,Bronze SISMEPRE + silver_rules_sismepre.yaml,
municipalidades_2022,P22_C18,P22_C18,,object,Int64,cast_to_integer_nullable,False,False,Bronze SISMEPRE + silver_rules_sismepre.yaml,
municipalidades_2022,P22_C19,P22_C19,,object,Int64,cast_to_integer_nullable,False,False,Bronze SISMEPRE + silver_rules_sismepre.yaml,
municipalidades_2022,P22_C20,P22_C20,,object,Int64,cast_to_integer_nullable,False,False,Bronze SISMEPRE + silver_rules_sismepre.yaml,
municipalidades_2022,P22_C21,P22_C21,,object,Int64,cast_to_integer_nullable,False,False,Bronze SISMEPRE + silver_rules_sismepre.yaml,
municipalidades_2022,P22_C22,P22_C22,,object,Int64,cast_to_integer_nullable,False,False,Bronze SISMEPRE + silver_rules_sismepre.yaml,
municipalidades_2022,P22_C23,P22_C23,,object,Int64,cast_to_integer_nullable,False,False,Bronze SISMEPRE + silver_rules_sismepre.yaml,
municipalidades_2022,P22_C24,P22_C24,,object,Int64,cast_to_integer_nullable,False,False,Bronze SISMEPRE + silver_rules_sismepre.yaml,
municipalidades_2022,P22_C24_O,P22_C24_O,,object,object,kept_without_explicit_rule,True,False,Bronze SISMEPRE + silver_rules_sismepre.yaml,
municipalidades_2022,P23_1,P23_1,,object,Int64,cast_to_integer_nullable,False,False,Bronze SISMEPRE + silver_rules_sismepre.yaml,
municipalidades_2022,P23_1_1,P23_1_1,,object,Int64,cast_to_integer_nullable,True,False,Bronze SISMEPRE + silver_rules_sismepre.yaml,
municipalidades_2022,P23_1_2,P23_1_2,,object,object,kept_without_explicit_rule,True,False,Bronze SISMEPRE + silver_rules_sismepre.yaml,
municipalidades_2022,P23_1_3,P23_1_3,,object,Int64,cast_to_integer_nullable,True,False,Bronze SISMEPRE + silver_rules_sismepre.yaml,
municipalidades_2022,P23_1_4,P23_1_4,,object,Int64,cast_to_integer_nullable,True,False,Bronze SISMEPRE + silver_rules_sismepre.yaml,
municipalidades_2022,P23_1_4_O,P23_1_4_O,,object,object,kept_without_explicit_rule,True,False,Bronze SISMEPRE + silver_rules_sismepre.yaml,
municipalidades_2022,P23_2,P23_2,,object,Int64,cast_to_integer_nullable,False,False,Bronze SISMEPRE + silver_rules_sismepre.yaml,
municipalidades_2022,P23_2_1,P23_2_1,,object,Int64,cast_to_integer_nullable,True,False,Bronze SISMEPRE + silver_rules_sismepre.yaml,
municipalidades_2022,P23_2_2,P23_2_2,,object,object,kept_without_explicit_rule,True,False,Bronze SISMEPRE + silver_rules_sismepre.yaml,
municipalidades_2022,P23_2_3,P23_2_3,,object,Int64,cast_to_integer_nullable,True,False,Bronze SISMEPRE + silver_rules_sismepre.yaml,
municipalidades_2022,P23_2_4,P23_2_4,,object,Int64,cast_to_integer_nullable,True,False,Bronze SISMEPRE + silver_rules_sismepre.yaml,
municipalidades_2022,P23_2_4_O,P23_2_4_O,,object,object,kept_without_explicit_rule,True,False,Bronze SISMEPRE + silver_rules_sismepre.yaml,
municipalidades_2022,P23_3,P23_3,,object,Int64,cast_to_integer_nullable,False,False,Bronze SISMEPRE + silver_rules_sismepre.yaml,
municipalidades_2022,P23_3_1,P23_3_1,,object,Int64,cast_to_integer_nullable,True,False,Bronze SISMEPRE + silver_rules_sismepre.yaml,
municipalidades_2022,P23_3_2,P23_3_2,,object,object,kept_without_explicit_rule,True,False,Bronze SISMEPRE + silver_rules_sismepre.yaml,
municipalidades_2022,P23_3_4,P23_3_4,,object,Int64,cast_to_integer_nullable,True,False,Bronze SISMEPRE + silver_rules_sismepre.yaml,
municipalidades_2022,P23_3_4_O,P23_3_4_O,,object,object,kept_without_explicit_rule,True,False,Bronze SISMEPRE + silver_rules_sismepre.yaml,
municipalidades_2022,P23_4,P23_4,,object,Int64,cast_to_integer_nullable,True,False,Bronze SISMEPRE + silver_rules_sismepre.yaml,
municipalidades_2022,P23_4_1,P23_4_1,,object,Int64,cast_to_integer_nullable,True,False,Bronze SISMEPRE + silver_rules_sismepre.yaml,
municipalidades_2022,P23_4_2,P23_4_2,,object,object,kept_without_explicit_rule,True,False,Bronze SISMEPRE + silver_rules_sismepre.yaml,
municipalidades_2022,P23_4_3,P23_4_3,,object,Int64,cast_to_integer_nullable,True,False,Bronze SISMEPRE + silver_rules_sismepre.yaml,
municipalidades_2022,P23_4_4,P23_4_4,,object,Int64,cast_to_integer_nullable,True,False,Bronze SISMEPRE + silver_rules_sismepre.yaml,
municipalidades_2022,P23_4_4_O,P23_4_4_O,,object,object,kept_without_explicit_rule,True,False,Bronze SISMEPRE + silver_rules_sismepre.yaml,
municipalidades_2022,P23_5,P23_5,,object,Int64,cast_to_integer_nullable,False,False,Bronze SISMEPRE + silver_rules_sismepre.yaml,
municipalidades_2022,P23_5_1,P23_5_1,,object,Int64,cast_to_integer_nullable,True,False,Bronze SISMEPRE + silver_rules_sismepre.yaml,
municipalidades_2022,P23_5_2,P23_5_2,,object,object,kept_without_explicit_rule,True,False,Bronze SISMEPRE + silver_rules_sismepre.yaml,
municipalidades_2022,P23_5_3,P23_5_3,,object,Int64,cast_to_integer_nullable,True,False,Bronze SISMEPRE + silver_rules_sismepre.yaml,
municipalidades_2022,P23_5_4,P23_5_4,,object,Int64,cast_to_integer_nullable,True,False,Bronze SISMEPRE + silver_rules_sismepre.yaml,
municipalidades_2022,P23_5_4_O,P23_5_4_O,,object,object,kept_without_explicit_rule,True,False,Bronze SISMEPRE + silver_rules_sismepre.yaml,
municipalidades_2022,P23_6,P23_6,,object,Int64,cast_to_integer_nullable,False,False,Bronze SISMEPRE + silver_rules_sismepre.yaml,
municipalidades_2022,P23_6_1,P23_6_1,,object,Int64,cast_to_integer_nullable,True,False,Bronze SISMEPRE + silver_rules_sismepre.yaml,
municipalidades_2022,P23_6_2,P23_6_2,,object,object,kept_without_explicit_rule,True,False,Bronze SISMEPRE + silver_rules_sismepre.yaml,
municipalidades_2022,P23_6_3,P23_6_3,,object,Int64,cast_to_integer_nullable,True,False,Bronze SISMEPRE + silver_rules_sismepre.yaml,
municipalidades_2022,P23_6_4,P23_6_4,,object,Int64,cast_to_integer_nullable,True,False,Bronze SISMEPRE + silver_rules_sismepre.yaml,
municipalidades_2022,P23_6_4_O,P23_6_4_O,,object,object,kept_without_explicit_rule,True,False,Bronze SISMEPRE + silver_rules_sismepre.yaml,
municipalidades_2022,P23_7,P23_7,,object,Int64,cast_to_integer_nullable,False,False,Bronze SISMEPRE + silver_rules_sismepre.yaml,
municipalidades_2022,P23_7_1,P23_7_1,,object,Int64,cast_to_integer_nullable,True,False,Bronze SISMEPRE + silver_rules_sismepre.yaml,
municipalidades_2022,P23_7_2,P23_7_2,,object,object,kept_without_explicit_rule,True,False,Bronze SISMEPRE + silver_rules_sismepre.yaml,
municipalidades_2022,P23_7_3,P23_7_3,,object,Int64,cast_to_integer_nullable,True,False,Bronze SISMEPRE + silver_rules_sismepre.yaml,
municipalidades_2022,P23_7_4,P23_7_4,,object,Int64,cast_to_integer_nullable,True,False,Bronze SISMEPRE + silver_rules_sismepre.yaml,
municipalidades_2022,P23_7_4_O,P23_7_4_O,,object,object,kept_without_explicit_rule,True,False,Bronze SISMEPRE + silver_rules_sismepre.yaml,
municipalidades_2022,P23_8,P23_8,,object,Int64,cast_to_integer_nullable,False,False,Bronze SISMEPRE + silver_rules_sismepre.yaml,
municipalidades_2022,P23_8_1,P23_8_1,,object,Int64,cast_to_integer_nullable,True,False,Bronze SISMEPRE + silver_rules_sismepre.yaml,
municipalidades_2022,P23_8_2,P23_8_2,,object,object,kept_without_explicit_rule,True,False,Bronze SISMEPRE + silver_rules_sismepre.yaml,
municipalidades_2022,P23_8_3,P23_8_3,,object,Int64,cast_to_integer_nullable,True,False,Bronze SISMEPRE + silver_rules_sismepre.yaml,
municipalidades_2022,P23_8_4,P23_8_4,,object,Int64,cast_to_integer_nullable,True,False,Bronze SISMEPRE + silver_rules_sismepre.yaml,
municipalidades_2022,P23_8_4_O,P23_8_4_O,,object,object,kept_without_explicit_rule,True,False,Bronze SISMEPRE + silver_rules_sismepre.yaml,
municipalidades_2022,P23_9,P23_9,,object,Int64,cast_to_integer_nullable,False,False,Bronze SISMEPRE + silver_rules_sismepre.yaml,
municipalidades_2022,P23_9_1,P23_9_1,,object,Int64,cast_to_integer_nullable,True,False,Bronze SISMEPRE + silver_rules_sismepre.yaml,
municipalidades_2022,P23_9_2,P23_9_2,,object,object,kept_without_explicit_rule,True,False,Bronze SISMEPRE + silver_rules_sismepre.yaml,
municipalidades_2022,P23_9_3,P23_9_3,,object,Int64,cast_to_integer_nullable,True,False,Bronze SISMEPRE + silver_rules_sismepre.yaml,
municipalidades_2022,P23_9_4,P23_9_4,,object,Int64,cast_to_integer_nullable,True,False,Bronze SISMEPRE + silver_rules_sismepre.yaml,
municipalidades_2022,P23_9_4_O,P23_9_4_O,,object,object,kept_without_explicit_rule,True,False,Bronze SISMEPRE + silver_rules_sismepre.yaml,
municipalidades_2022,P23_10,P23_10,,object,Int64,cast_to_integer_nullable,False,False,Bronze SISMEPRE + silver_rules_sismepre.yaml,
municipalidades_2022,P23_10_1,P23_10_1,,object,Int64,cast_to_integer_nullable,True,False,Bronze SISMEPRE + silver_rules_sismepre.yaml,
municipalidades_2022,P23_10_2,P23_10_2,,object,object,kept_without_explicit_rule,True,False,Bronze SISMEPRE + silver_rules_sismepre.yaml,
municipalidades_2022,P23_10_3,P23_10_3,,object,Int64,cast_to_integer_nullable,True,False,Bronze SISMEPRE + silver_rules_sismepre.yaml,
municipalidades_2022,P23_10_4,P23_10_4,,object,Int64,cast_to_integer_nullable,True,False,Bronze SISMEPRE + silver_rules_sismepre.yaml,
municipalidades_2022,P23_10_4_O,P23_10_4_O,,object,object,kept_without_explicit_rule,True,False,Bronze SISMEPRE + silver_rules_sismepre.yaml,
municipalidades_2022,P23_11,P23_11,,object,Int64,cast_to_integer_nullable,False,False,Bronze SISMEPRE + silver_rules_sismepre.yaml,
municipalidades_2022,P23_11_1,P23_11_1,,object,Int64,cast_to_integer_nullable,True,False,Bronze SISMEPRE + silver_rules_sismepre.yaml,
municipalidades_2022,P23_11_2,P23_11_2,,object,object,kept_without_explicit_rule,True,False,Bronze SISMEPRE + silver_rules_sismepre.yaml,
municipalidades_2022,P23_11_4,P23_11_4,,object,Int64,cast_to_integer_nullable,True,False,Bronze SISMEPRE + silver_rules_sismepre.yaml,
municipalidades_2022,P23_11_4_O,P23_11_4_O,,object,object,kept_without_explicit_rule,True,False,Bronze SISMEPRE + silver_rules_sismepre.yaml,
municipalidades_2022,P23_12,P23_12,,object,Int64,cast_to_integer_nullable,False,False,Bronze SISMEPRE + silver_rules_sismepre.yaml,
municipalidades_2022,P23_12_1,P23_12_1,,object,Int64,cast_to_integer_nullable,True,False,Bronze SISMEPRE + silver_rules_sismepre.yaml,
municipalidades_2022,P23_12_2,P23_12_2,,object,object,kept_without_explicit_rule,True,False,Bronze SISMEPRE + silver_rules_sismepre.yaml,
municipalidades_2022,P23_12_4,P23_12_4,,object,Int64,cast_to_integer_nullable,True,False,Bronze SISMEPRE + silver_rules_sismepre.yaml,
municipalidades_2022,P23_12_4_O,P23_12_4_O,,object,object,kept_without_explicit_rule,True,False,Bronze SISMEPRE + silver_rules_sismepre.yaml,
municipalidades_2022,P23_13,P23_13,,object,Int64,cast_to_integer_nullable,False,False,Bronze SISMEPRE + silver_rules_sismepre.yaml,
municipalidades_2022,P23_13_1,P23_13_1,,object,Int64,cast_to_integer_nullable,True,False,Bronze SISMEPRE + silver_rules_sismepre.yaml,
municipalidades_2022,P23_13_2,P23_13_2,,object,object,kept_without_explicit_rule,True,False,Bronze SISMEPRE + silver_rules_sismepre.yaml,
municipalidades_2022,P23_13_4,P23_13_4,,object,Int64,cast_to_integer_nullable,True,False,Bronze SISMEPRE + silver_rules_sismepre.yaml,
municipalidades_2022,P23_13_4_O,P23_13_4_O,,object,object,kept_without_explicit_rule,True,False,Bronze SISMEPRE + silver_rules_sismepre.yaml,
municipalidades_2022,P23_15,P23_15,,object,Int64,cast_to_integer_nullable,False,False,Bronze SISMEPRE + silver_rules_sismepre.yaml,
municipalidades_2022,P23_15_1,P23_15_1,,object,Int64,cast_to_integer_nullable,True,False,Bronze SISMEPRE + silver_rules_sismepre.yaml,
municipalidades_2022,P23_15_2,P23_15_2,,object,object,kept_without_explicit_rule,True,False,Bronze SISMEPRE + silver_rules_sismepre.yaml,
municipalidades_2022,P23_15_4,P23_15_4,,object,Int64,cast_to_integer_nullable,True,False,Bronze SISMEPRE + silver_rules_sismepre.yaml,
municipalidades_2022,P23_15_4_O,P23_15_4_O,,object,object,kept_without_explicit_rule,True,False,Bronze SISMEPRE + silver_rules_sismepre.yaml,
municipalidades_2022,P23_16,P23_16,,object,Int64,cast_to_integer_nullable,False,False,Bronze SISMEPRE + silver_rules_sismepre.yaml,
municipalidades_2022,P23_16_1,P23_16_1,,object,Int64,cast_to_integer_nullable,True,False,Bronze SISMEPRE + silver_rules_sismepre.yaml,
municipalidades_2022,P23_16_2,P23_16_2,,object,object,kept_without_explicit_rule,True,False,Bronze SISMEPRE + silver_rules_sismepre.yaml,
municipalidades_2022,P23_16_3,P23_16_3,,object,Int64,cast_to_integer_nullable,True,False,Bronze SISMEPRE + silver_rules_sismepre.yaml,
municipalidades_2022,P23_16_4,P23_16_4,,object,Int64,cast_to_integer_nullable,True,False,Bronze SISMEPRE + silver_rules_sismepre.yaml,
municipalidades_2022,P23_16_4_O,P23_16_4_O,,object,object,kept_without_explicit_rule,True,False,Bronze SISMEPRE + silver_rules_sismepre.yaml,
municipalidades_2022,P23_14,P23_14,,object,object,kept_without_explicit_rule,True,False,Bronze SISMEPRE + silver_rules_sismepre.yaml,
municipalidades_2022,P23_14_1_O,P23_14_1_O,,object,object,kept_without_explicit_rule,True,False,Bronze SISMEPRE + silver_rules_sismepre.yaml,
municipalidades_2022,P23_14_1,P23_14_1,,object,Int64,cast_to_integer_nullable,True,False,Bronze SISMEPRE + silver_rules_sismepre.yaml,
municipalidades_2022,P23_14_2,P23_14_2,,object,object,kept_without_explicit_rule,True,False,Bronze SISMEPRE + silver_rules_sismepre.yaml,
municipalidades_2022,P23_14_3,P23_14_3,,object,Int64,cast_to_integer_nullable,True,False,Bronze SISMEPRE + silver_rules_sismepre.yaml,
municipalidades_2022,P24,P24,,object,Int64,cast_to_integer_nullable,False,False,Bronze SISMEPRE + silver_rules_sismepre.yaml,
municipalidades_2022,P24_1_T,P24_1_T,,object,Int64,cast_to_integer_nullable,True,False,Bronze SISMEPRE + silver_rules_sismepre.yaml,
municipalidades_2022,P24_1_M,P24_1_M,,object,Int64,cast_to_integer_nullable,True,False,Bronze SISMEPRE + silver_rules_sismepre.yaml,
municipalidades_2022,P24_1_H,P24_1_H,,object,Int64,cast_to_integer_nullable,True,False,Bronze SISMEPRE + silver_rules_sismepre.yaml,
municipalidades_2022,P24_2_T,P24_2_T,,object,Int64,cast_to_integer_nullable,True,False,Bronze SISMEPRE + silver_rules_sismepre.yaml,
municipalidades_2022,P24_2_M,P24_2_M,,object,Int64,cast_to_integer_nullable,True,False,Bronze SISMEPRE + silver_rules_sismepre.yaml,
municipalidades_2022,P24_2_H,P24_2_H,,object,Int64,cast_to_integer_nullable,True,False,Bronze SISMEPRE + silver_rules_sismepre.yaml,
municipalidades_2022,P24_3_T,P24_3_T,,object,Int64,cast_to_integer_nullable,True,False,Bronze SISMEPRE + silver_rules_sismepre.yaml,
municipalidades_2022,P24_3_M,P24_3_M,,object,Int64,cast_to_integer_nullable,True,False,Bronze SISMEPRE + silver_rules_sismepre.yaml,
municipalidades_2022,P24_3_H,P24_3_H,,object,Int64,cast_to_integer_nullable,True,False,Bronze SISMEPRE + silver_rules_sismepre.yaml,
municipalidades_2022,P24_4_T,P24_4_T,,object,Int64,cast_to_integer_nullable,True,False,Bronze SISMEPRE + silver_rules_sismepre.yaml,
municipalidades_2022,P24_4_M,P24_4_M,,object,Int64,cast_to_integer_nullable,True,False,Bronze SISMEPRE + silver_rules_sismepre.yaml,
municipalidades_2022,P24_4_H,P24_4_H,,object,Int64,cast_to_integer_nullable,True,False,Bronze SISMEPRE + silver_rules_sismepre.yaml,
municipalidades_2022,P25_1,P25_1,,object,object,kept_without_explicit_rule,True,False,Bronze SISMEPRE + silver_rules_sismepre.yaml,
municipalidades_2022,P25_1_1,P25_1_1,,object,Int64,cast_to_integer_nullable,True,False,Bronze SISMEPRE + silver_rules_sismepre.yaml,
municipalidades_2022,P25_2,P25_2,,object,Int64,cast_to_integer_nullable,True,False,Bronze SISMEPRE + silver_rules_sismepre.yaml,
municipalidades_2022,P25_3,P25_3,,object,Int64,cast_to_integer_nullable,True,False,Bronze SISMEPRE + silver_rules_sismepre.yaml,
municipalidades_2022,P25_4,P25_4,,object,Int64,cast_to_integer_nullable,True,False,Bronze SISMEPRE + silver_rules_sismepre.yaml,
municipalidades_2022,P25_4_O,P25_4_O,,object,object,kept_without_explicit_rule,True,False,Bronze SISMEPRE + silver_rules_sismepre.yaml,
municipalidades_2022,P25_5,P25_5,,object,Int64,cast_to_integer_nullable,True,False,Bronze SISMEPRE + silver_rules_sismepre.yaml,
municipalidades_2022,P26A,P26A,,object,Int64,cast_to_integer_nullable,False,False,Bronze SISMEPRE + silver_rules_sismepre.yaml,
municipalidades_2022,P26,P26,,object,Int64,cast_to_integer_nullable,True,False,Bronze SISMEPRE + silver_rules_sismepre.yaml,
municipalidades_2022,P26A_1,P26A_1,,object,Int64,cast_to_integer_nullable,True,False,Bronze SISMEPRE + silver_rules_sismepre.yaml,
municipalidades_2022,P27,P27,,object,Int64,cast_to_integer_nullable,True,False,Bronze SISMEPRE + silver_rules_sismepre.yaml,
municipalidades_2022,P28_1,P28_1,,object,object,kept_without_explicit_rule,True,False,Bronze SISMEPRE + silver_rules_sismepre.yaml,
municipalidades_2022,P28_2,P28_2,,object,Int64,cast_to_integer_nullable,True,False,Bronze SISMEPRE + silver_rules_sismepre.yaml,
municipalidades_2022,P28_3,P28_3,,object,Int64,cast_to_integer_nullable,True,False,Bronze SISMEPRE + silver_rules_sismepre.yaml,
municipalidades_2022,P28_4,P28_4,,object,Int64,cast_to_integer_nullable,True,False,Bronze SISMEPRE + silver_rules_sismepre.yaml,
municipalidades_2022,P28_5,P28_5,,object,Int64,cast_to_integer_nullable,True,False,Bronze SISMEPRE + silver_rules_sismepre.yaml,
municipalidades_2022,P28_5_O,P28_5_O,,object,object,kept_without_explicit_rule,True,False,Bronze SISMEPRE + silver_rules_sismepre.yaml,
municipalidades_2022,P29_1,P29_1,,object,Int64,cast_to_integer_nullable,False,False,Bronze SISMEPRE + silver_rules_sismepre.yaml,
municipalidades_2022,P29_1_1,P29_1_1,,object,Int64,cast_to_integer_nullable,True,False,Bronze SISMEPRE + silver_rules_sismepre.yaml,
municipalidades_2022,P29_1_2,P29_1_2,,object,Int64,cast_to_integer_nullable,True,False,Bronze SISMEPRE + silver_rules_sismepre.yaml,
municipalidades_2022,P29_1_3,P29_1_3,,object,Int64,cast_to_integer_nullable,True,False,Bronze SISMEPRE + silver_rules_sismepre.yaml,
municipalidades_2022,P29_1_4,P29_1_4,,object,object,kept_without_explicit_rule,True,False,Bronze SISMEPRE + silver_rules_sismepre.yaml,
municipalidades_2022,P29_1_5,P29_1_5,,object,Int64,cast_to_integer_nullable,True,False,Bronze SISMEPRE + silver_rules_sismepre.yaml,
municipalidades_2022,P29_1_6,P29_1_6,,object,Int64,cast_to_integer_nullable,True,False,Bronze SISMEPRE + silver_rules_sismepre.yaml,
municipalidades_2022,P29_2,P29_2,,object,Int64,cast_to_integer_nullable,False,False,Bronze SISMEPRE + silver_rules_sismepre.yaml,
municipalidades_2022,P29_2_1,P29_2_1,,object,Int64,cast_to_integer_nullable,True,False,Bronze SISMEPRE + silver_rules_sismepre.yaml,
municipalidades_2022,P29_2_2,P29_2_2,,object,Int64,cast_to_integer_nullable,True,False,Bronze SISMEPRE + silver_rules_sismepre.yaml,
municipalidades_2022,P29_2_3,P29_2_3,,object,Int64,cast_to_integer_nullable,True,False,Bronze SISMEPRE + silver_rules_sismepre.yaml,
municipalidades_2022,P29_2_4,P29_2_4,,object,object,kept_without_explicit_rule,True,False,Bronze SISMEPRE + silver_rules_sismepre.yaml,
municipalidades_2022,P29_2_5,P29_2_5,,object,Int64,cast_to_integer_nullable,True,False,Bronze SISMEPRE + silver_rules_sismepre.yaml,
municipalidades_2022,P29_2_6,P29_2_6,,object,Int64,cast_to_integer_nullable,True,False,Bronze SISMEPRE + silver_rules_sismepre.yaml,
municipalidades_2022,P29_3,P29_3,,object,Int64,cast_to_integer_nullable,False,False,Bronze SISMEPRE + silver_rules_sismepre.yaml,
municipalidades_2022,P29_3_1,P29_3_1,,object,Int64,cast_to_integer_nullable,True,False,Bronze SISMEPRE + silver_rules_sismepre.yaml,
municipalidades_2022,P29_3_2,P29_3_2,,object,Int64,cast_to_integer_nullable,True,False,Bronze SISMEPRE + silver_rules_sismepre.yaml,
municipalidades_2022,P29_3_3,P29_3_3,,object,Int64,cast_to_integer_nullable,True,False,Bronze SISMEPRE + silver_rules_sismepre.yaml,
municipalidades_2022,P29_3_4,P29_3_4,,object,object,kept_without_explicit_rule,True,False,Bronze SISMEPRE + silver_rules_sismepre.yaml,
municipalidades_2022,P29_3_5,P29_3_5,,object,Int64,cast_to_integer_nullable,True,False,Bronze SISMEPRE + silver_rules_sismepre.yaml,
municipalidades_2022,P29_3_6,P29_3_6,,object,Int64,cast_to_integer_nullable,True,False,Bronze SISMEPRE + silver_rules_sismepre.yaml,
municipalidades_2022,P29_4,P29_4,,object,Int64,cast_to_integer_nullable,False,False,Bronze SISMEPRE + silver_rules_sismepre.yaml,
municipalidades_2022,P29_4_1,P29_4_1,,object,Int64,cast_to_integer_nullable,True,False,Bronze SISMEPRE + silver_rules_sismepre.yaml,
municipalidades_2022,P29_4_2,P29_4_2,,object,Int64,cast_to_integer_nullable,True,False,Bronze SISMEPRE + silver_rules_sismepre.yaml,
municipalidades_2022,P29_4_3,P29_4_3,,object,Int64,cast_to_integer_nullable,True,False,Bronze SISMEPRE + silver_rules_sismepre.yaml,
municipalidades_2022,P29_4_4,P29_4_4,,object,object,kept_without_explicit_rule,True,False,Bronze SISMEPRE + silver_rules_sismepre.yaml,
municipalidades_2022,P29_4_5,P29_4_5,,object,Int64,cast_to_integer_nullable,True,False,Bronze SISMEPRE + silver_rules_sismepre.yaml,
municipalidades_2022,P29_4_6,P29_4_6,,object,Int64,cast_to_integer_nullable,True,False,Bronze SISMEPRE + silver_rules_sismepre.yaml,
municipalidades_2022,P29_5,P29_5,,object,Int64,cast_to_integer_nullable,False,False,Bronze SISMEPRE + silver_rules_sismepre.yaml,
municipalidades_2022,P29_5_1,P29_5_1,,object,Int64,cast_to_integer_nullable,True,False,Bronze SISMEPRE + silver_rules_sismepre.yaml,
municipalidades_2022,P29_5_2,P29_5_2,,object,Int64,cast_to_integer_nullable,True,False,Bronze SISMEPRE + silver_rules_sismepre.yaml,
municipalidades_2022,P29_5_3,P29_5_3,,object,Int64,cast_to_integer_nullable,True,False,Bronze SISMEPRE + silver_rules_sismepre.yaml,
municipalidades_2022,P29_5_4,P29_5_4,,object,object,kept_without_explicit_rule,True,False,Bronze SISMEPRE + silver_rules_sismepre.yaml,
municipalidades_2022,P29_5_5,P29_5_5,,object,Int64,cast_to_integer_nullable,True,False,Bronze SISMEPRE + silver_rules_sismepre.yaml,
municipalidades_2022,P29_5_6,P29_5_6,,object,Int64,cast_to_integer_nullable,True,False,Bronze SISMEPRE + silver_rules_sismepre.yaml,
municipalidades_2022,P29_6,P29_6,,object,Int64,cast_to_integer_nullable,False,False,Bronze SISMEPRE + silver_rules_sismepre.yaml,
municipalidades_2022,P29_6_1,P29_6_1,,object,Int64,cast_to_integer_nullable,True,False,Bronze SISMEPRE + silver_rules_sismepre.yaml,
municipalidades_2022,P29_6_2,P29_6_2,,object,Int64,cast_to_integer_nullable,True,False,Bronze SISMEPRE + silver_rules_sismepre.yaml,
municipalidades_2022,P29_6_3,P29_6_3,,object,Int64,cast_to_integer_nullable,True,False,Bronze SISMEPRE + silver_rules_sismepre.yaml,
municipalidades_2022,P29_6_4,P29_6_4,,object,object,kept_without_explicit_rule,True,False,Bronze SISMEPRE + silver_rules_sismepre.yaml,
municipalidades_2022,P29_6_5,P29_6_5,,object,Int64,cast_to_integer_nullable,True,False,Bronze SISMEPRE + silver_rules_sismepre.yaml,
municipalidades_2022,P29_6_6,P29_6_6,,object,Int64,cast_to_integer_nullable,True,False,Bronze SISMEPRE + silver_rules_sismepre.yaml,
municipalidades_2022,P29_7,P29_7,,object,Int64,cast_to_integer_nullable,False,False,Bronze SISMEPRE + silver_rules_sismepre.yaml,
municipalidades_2022,P29_7_1,P29_7_1,,object,Int64,cast_to_integer_nullable,True,False,Bronze SISMEPRE + silver_rules_sismepre.yaml,
municipalidades_2022,P29_7_2,P29_7_2,,object,Int64,cast_to_integer_nullable,True,False,Bronze SISMEPRE + silver_rules_sismepre.yaml,
municipalidades_2022,P29_7_3,P29_7_3,,object,Int64,cast_to_integer_nullable,True,False,Bronze SISMEPRE + silver_rules_sismepre.yaml,
municipalidades_2022,P29_7_4,P29_7_4,,object,object,kept_without_explicit_rule,True,False,Bronze SISMEPRE + silver_rules_sismepre.yaml,
municipalidades_2022,P29_7_5,P29_7_5,,object,Int64,cast_to_integer_nullable,True,False,Bronze SISMEPRE + silver_rules_sismepre.yaml,
municipalidades_2022,P29_7_6,P29_7_6,,object,Int64,cast_to_integer_nullable,True,False,Bronze SISMEPRE + silver_rules_sismepre.yaml,
municipalidades_2022,P29_8,P29_8,,object,Int64,cast_to_integer_nullable,False,False,Bronze SISMEPRE + silver_rules_sismepre.yaml,
municipalidades_2022,P29_8_1,P29_8_1,,object,Int64,cast_to_integer_nullable,True,False,Bronze SISMEPRE + silver_rules_sismepre.yaml,
municipalidades_2022,P29_8_2,P29_8_2,,object,Int64,cast_to_integer_nullable,True,False,Bronze SISMEPRE + silver_rules_sismepre.yaml,
municipalidades_2022,P29_8_3,P29_8_3,,object,Int64,cast_to_integer_nullable,True,False,Bronze SISMEPRE + silver_rules_sismepre.yaml,
municipalidades_2022,P29_8_4,P29_8_4,,object,object,kept_without_explicit_rule,True,False,Bronze SISMEPRE + silver_rules_sismepre.yaml,
municipalidades_2022,P29_8_5,P29_8_5,,object,Int64,cast_to_integer_nullable,True,False,Bronze SISMEPRE + silver_rules_sismepre.yaml,
municipalidades_2022,P29_8_6,P29_8_6,,object,Int64,cast_to_integer_nullable,True,False,Bronze SISMEPRE + silver_rules_sismepre.yaml,
municipalidades_2022,P29_9,P29_9,,object,Int64,cast_to_integer_nullable,False,False,Bronze SISMEPRE + silver_rules_sismepre.yaml,
municipalidades_2022,P29_9_1,P29_9_1,,object,Int64,cast_to_integer_nullable,True,False,Bronze SISMEPRE + silver_rules_sismepre.yaml,
municipalidades_2022,P29_9_4,P29_9_4,,object,object,kept_without_explicit_rule,True,False,Bronze SISMEPRE + silver_rules_sismepre.yaml,
municipalidades_2022,P29_9_5,P29_9_5,,object,Int64,cast_to_integer_nullable,True,False,Bronze SISMEPRE + silver_rules_sismepre.yaml,
municipalidades_2022,P29_9_6,P29_9_6,,object,Int64,cast_to_integer_nullable,True,False,Bronze SISMEPRE + silver_rules_sismepre.yaml,
municipalidades_2022,P30_1,P30_1,,object,object,kept_without_explicit_rule,False,False,Bronze SISMEPRE + silver_rules_sismepre.yaml,
municipalidades_2022,P30_2,P30_2,,object,Int64,cast_to_integer_nullable,False,False,Bronze SISMEPRE + silver_rules_sismepre.yaml,
municipalidades_2022,P30_3,P30_3,,object,Int64,cast_to_integer_nullable,False,False,Bronze SISMEPRE + silver_rules_sismepre.yaml,
municipalidades_2022,P30_4,P30_4,,object,Int64,cast_to_integer_nullable,False,False,Bronze SISMEPRE + silver_rules_sismepre.yaml,
municipalidades_2022,P30_5,P30_5,,object,Int64,cast_to_integer_nullable,False,False,Bronze SISMEPRE + silver_rules_sismepre.yaml,
municipalidades_2022,P30_7,P30_7,,object,Int64,cast_to_integer_nullable,False,False,Bronze SISMEPRE + silver_rules_sismepre.yaml,
municipalidades_2022,P30_8,P30_8,,object,Int64,cast_to_integer_nullable,False,False,Bronze SISMEPRE + silver_rules_sismepre.yaml,
municipalidades_2022,P30_6,P30_6,,object,Int64,cast_to_integer_nullable,False,False,Bronze SISMEPRE + silver_rules_sismepre.yaml,
municipalidades_2022,P30_6_O,P30_6_O,,object,object,kept_without_explicit_rule,True,False,Bronze SISMEPRE + silver_rules_sismepre.yaml,
municipalidades_2022,P31_1,P31_1,,object,object,kept_without_explicit_rule,False,False,Bronze SISMEPRE + silver_rules_sismepre.yaml,
municipalidades_2022,P31_2,P31_2,,object,Int64,cast_to_integer_nullable,False,False,Bronze SISMEPRE + silver_rules_sismepre.yaml,
municipalidades_2022,P31_3,P31_3,,object,Int64,cast_to_integer_nullable,False,False,Bronze SISMEPRE + silver_rules_sismepre.yaml,
municipalidades_2022,P31_4,P31_4,,object,Int64,cast_to_integer_nullable,False,False,Bronze SISMEPRE + silver_rules_sismepre.yaml,
municipalidades_2022,P31_5,P31_5,,object,Int64,cast_to_integer_nullable,False,False,Bronze SISMEPRE + silver_rules_sismepre.yaml,
municipalidades_2022,P31_5_O,P31_5_O,,object,object,kept_without_explicit_rule,True,False,Bronze SISMEPRE + silver_rules_sismepre.yaml,
municipalidades_2022,P32,P32,,object,Int64,cast_to_integer_nullable,False,False,Bronze SISMEPRE + silver_rules_sismepre.yaml,
municipalidades_2022,P32_1_T,P32_1_T,,object,Int64,cast_to_integer_nullable,True,False,Bronze SISMEPRE + silver_rules_sismepre.yaml,
municipalidades_2022,P32_1_M,P32_1_M,,object,Int64,cast_to_integer_nullable,True,False,Bronze SISMEPRE + silver_rules_sismepre.yaml,
municipalidades_2022,P32_1_H,P32_1_H,,object,Int64,cast_to_integer_nullable,True,False,Bronze SISMEPRE + silver_rules_sismepre.yaml,
municipalidades_2022,P32_2_T,P32_2_T,,object,Int64,cast_to_integer_nullable,True,False,Bronze SISMEPRE + silver_rules_sismepre.yaml,
municipalidades_2022,P32_2_M,P32_2_M,,object,Int64,cast_to_integer_nullable,True,False,Bronze SISMEPRE + silver_rules_sismepre.yaml,
municipalidades_2022,P32_2_H,P32_2_H,,object,Int64,cast_to_integer_nullable,True,False,Bronze SISMEPRE + silver_rules_sismepre.yaml,
municipalidades_2022,P33A,P33A,,object,Int64,cast_to_integer_nullable,False,False,Bronze SISMEPRE + silver_rules_sismepre.yaml,
municipalidades_2022,P34_1,P34_1,,object,Int64,cast_to_integer_nullable,False,False,Bronze SISMEPRE + silver_rules_sismepre.yaml,
municipalidades_2022,P34A_1,P34A_1,,object,Int64,cast_to_integer_nullable,True,False,Bronze SISMEPRE + silver_rules_sismepre.yaml,
municipalidades_2022,P34_2,P34_2,,object,Int64,cast_to_integer_nullable,False,False,Bronze SISMEPRE + silver_rules_sismepre.yaml,
municipalidades_2022,P34A_2,P34A_2,,object,Int64,cast_to_integer_nullable,True,False,Bronze SISMEPRE + silver_rules_sismepre.yaml,
municipalidades_2022,P34_3,P34_3,,object,Int64,cast_to_integer_nullable,False,False,Bronze SISMEPRE + silver_rules_sismepre.yaml,
municipalidades_2022,P34A_3,P34A_3,,object,Int64,cast_to_integer_nullable,True,False,Bronze SISMEPRE + silver_rules_sismepre.yaml,
municipalidades_2022,P34_4,P34_4,,object,Int64,cast_to_integer_nullable,False,False,Bronze SISMEPRE + silver_rules_sismepre.yaml,
municipalidades_2022,P34A_4,P34A_4,,object,Int64,cast_to_integer_nullable,True,False,Bronze SISMEPRE + silver_rules_sismepre.yaml,
municipalidades_2022,P34_5,P34_5,,object,Int64,cast_to_integer_nullable,False,False,Bronze SISMEPRE + silver_rules_sismepre.yaml,
municipalidades_2022,P34A_5,P34A_5,,object,Int64,cast_to_integer_nullable,True,False,Bronze SISMEPRE + silver_rules_sismepre.yaml,
municipalidades_2022,P34_6,P34_6,,object,Int64,cast_to_integer_nullable,False,False,Bronze SISMEPRE + silver_rules_sismepre.yaml,
municipalidades_2022,P34A_6,P34A_6,,object,Int64,cast_to_integer_nullable,True,False,Bronze SISMEPRE + silver_rules_sismepre.yaml,
municipalidades_2022,P34_7,P34_7,,object,Int64,cast_to_integer_nullable,False,False,Bronze SISMEPRE + silver_rules_sismepre.yaml,
municipalidades_2022,P34A_7,P34A_7,,object,Int64,cast_to_integer_nullable,True,False,Bronze SISMEPRE + silver_rules_sismepre.yaml,
municipalidades_2022,P34_8,P34_8,,object,Int64,cast_to_integer_nullable,False,False,Bronze SISMEPRE + silver_rules_sismepre.yaml,
municipalidades_2022,P34A_8,P34A_8,,object,Int64,cast_to_integer_nullable,True,False,Bronze SISMEPRE + silver_rules_sismepre.yaml,
municipalidades_2022,P34_9,P34_9,,object,Int64,cast_to_integer_nullable,False,False,Bronze SISMEPRE + silver_rules_sismepre.yaml,
municipalidades_2022,P34A_9,P34A_9,,object,Int64,cast_to_integer_nullable,True,False,Bronze SISMEPRE + silver_rules_sismepre.yaml,
municipalidades_2022,P34_10,P34_10,,object,Int64,cast_to_integer_nullable,False,False,Bronze SISMEPRE + silver_rules_sismepre.yaml,
municipalidades_2022,P34A_10,P34A_10,,object,Int64,cast_to_integer_nullable,True,False,Bronze SISMEPRE + silver_rules_sismepre.yaml,
municipalidades_2022,P34_11,P34_11,,object,Int64,cast_to_integer_nullable,False,False,Bronze SISMEPRE + silver_rules_sismepre.yaml,
municipalidades_2022,P34A_11,P34A_11,,object,Int64,cast_to_integer_nullable,True,False,Bronze SISMEPRE + silver_rules_sismepre.yaml,
municipalidades_2022,P34_12,P34_12,,object,Int64,cast_to_integer_nullable,False,False,Bronze SISMEPRE + silver_rules_sismepre.yaml,
municipalidades_2022,P34A_12,P34A_12,,object,Int64,cast_to_integer_nullable,True,False,Bronze SISMEPRE + silver_rules_sismepre.yaml,
municipalidades_2022,P34_13,P34_13,,object,Int64,cast_to_integer_nullable,False,False,Bronze SISMEPRE + silver_rules_sismepre.yaml,
municipalidades_2022,P34A_13,P34A_13,,object,Int64,cast_to_integer_nullable,True,False,Bronze SISMEPRE + silver_rules_sismepre.yaml,
municipalidades_2022,P34A_13_O,P34A_13_O,,object,object,kept_without_explicit_rule,True,False,Bronze SISMEPRE + silver_rules_sismepre.yaml,
municipalidades_2022,P34_14,P34_14,,object,Int64,cast_to_integer_nullable,False,False,Bronze SISMEPRE + silver_rules_sismepre.yaml,
municipalidades_2022,P34A_14,P34A_14,,object,Int64,cast_to_integer_nullable,True,False,Bronze SISMEPRE + silver_rules_sismepre.yaml,
municipalidades_2022,P34_15,P34_15,,object,Int64,cast_to_integer_nullable,False,False,Bronze SISMEPRE + silver_rules_sismepre.yaml,
municipalidades_2022,P34A_15,P34A_15,,object,Int64,cast_to_integer_nullable,True,False,Bronze SISMEPRE + silver_rules_sismepre.yaml,
municipalidades_2022,P34_16,P34_16,,object,Int64,cast_to_integer_nullable,False,False,Bronze SISMEPRE + silver_rules_sismepre.yaml,
municipalidades_2022,P34A_16,P34A_16,,object,Int64,cast_to_integer_nullable,True,False,Bronze SISMEPRE + silver_rules_sismepre.yaml,
municipalidades_2022,P34A_16_O,P34A_16_O,,object,object,kept_without_explicit_rule,True,False,Bronze SISMEPRE + silver_rules_sismepre.yaml,
municipalidades_2022,P34_17,P34_17,,object,Int64,cast_to_integer_nullable,False,False,Bronze SISMEPRE + silver_rules_sismepre.yaml,
municipalidades_2022,P34A_17,P34A_17,,object,Int64,cast_to_integer_nullable,True,False,Bronze SISMEPRE + silver_rules_sismepre.yaml,
municipalidades_2022,P34_18,P34_18,,object,Int64,cast_to_integer_nullable,False,False,Bronze SISMEPRE + silver_rules_sismepre.yaml,
municipalidades_2022,P34A_18,P34A_18,,object,Int64,cast_to_integer_nullable,True,False,Bronze SISMEPRE + silver_rules_sismepre.yaml,
municipalidades_2022,P34_19,P34_19,,object,Int64,cast_to_integer_nullable,False,False,Bronze SISMEPRE + silver_rules_sismepre.yaml,
municipalidades_2022,P34A_19,P34A_19,,object,Int64,cast_to_integer_nullable,True,False,Bronze SISMEPRE + silver_rules_sismepre.yaml,
municipalidades_2022,P34_20,P34_20,,object,Int64,cast_to_integer_nullable,False,False,Bronze SISMEPRE + silver_rules_sismepre.yaml,
municipalidades_2022,P34A_20,P34A_20,,object,Int64,cast_to_integer_nullable,True,False,Bronze SISMEPRE + silver_rules_sismepre.yaml,
municipalidades_2022,P34_21,P34_21,,object,Int64,cast_to_integer_nullable,False,False,Bronze SISMEPRE + silver_rules_sismepre.yaml,
municipalidades_2022,P34A_21,P34A_21,,object,Int64,cast_to_integer_nullable,True,False,Bronze SISMEPRE + silver_rules_sismepre.yaml,
municipalidades_2022,P34_22,P34_22,,object,Int64,cast_to_integer_nullable,False,False,Bronze SISMEPRE + silver_rules_sismepre.yaml,
municipalidades_2022,P34A_22,P34A_22,,object,Int64,cast_to_integer_nullable,True,False,Bronze SISMEPRE + silver_rules_sismepre.yaml,
municipalidades_2022,P34A_22_O,P34A_22_O,,object,object,kept_without_explicit_rule,True,False,Bronze SISMEPRE + silver_rules_sismepre.yaml,
municipalidades_2022,P34_23,P34_23,,object,Int64,cast_to_integer_nullable,False,False,Bronze SISMEPRE + silver_rules_sismepre.yaml,
municipalidades_2022,P34A_23,P34A_23,,object,Int64,cast_to_integer_nullable,True,False,Bronze SISMEPRE + silver_rules_sismepre.yaml,
municipalidades_2022,P34_24,P34_24,,object,Int64,cast_to_integer_nullable,False,False,Bronze SISMEPRE + silver_rules_sismepre.yaml,
municipalidades_2022,P34A_24,P34A_24,,object,Int64,cast_to_integer_nullable,True,False,Bronze SISMEPRE + silver_rules_sismepre.yaml,
municipalidades_2022,P34_25,P34_25,,object,Int64,cast_to_integer_nullable,False,False,Bronze SISMEPRE + silver_rules_sismepre.yaml,
municipalidades_2022,P34A_25,P34A_25,,object,Int64,cast_to_integer_nullable,True,False,Bronze SISMEPRE + silver_rules_sismepre.yaml,
municipalidades_2022,P34_26,P34_26,,object,Int64,cast_to_integer_nullable,False,False,Bronze SISMEPRE + silver_rules_sismepre.yaml,
municipalidades_2022,P34A_26,P34A_26,,object,Int64,cast_to_integer_nullable,True,False,Bronze SISMEPRE + silver_rules_sismepre.yaml,
municipalidades_2022,P34_27,P34_27,,object,Int64,cast_to_integer_nullable,False,False,Bronze SISMEPRE + silver_rules_sismepre.yaml,
municipalidades_2022,P34A_27,P34A_27,,object,Int64,cast_to_integer_nullable,True,False,Bronze SISMEPRE + silver_rules_sismepre.yaml,
municipalidades_2022,P34_28,P34_28,,object,Int64,cast_to_integer_nullable,False,False,Bronze SISMEPRE + silver_rules_sismepre.yaml,
municipalidades_2022,P34A_28,P34A_28,,object,Int64,cast_to_integer_nullable,True,False,Bronze SISMEPRE + silver_rules_sismepre.yaml,
municipalidades_2022,P34_29,P34_29,,object,Int64,cast_to_integer_nullable,False,False,Bronze SISMEPRE + silver_rules_sismepre.yaml,
municipalidades_2022,P34A_29,P34A_29,,object,Int64,cast_to_integer_nullable,True,False,Bronze SISMEPRE + silver_rules_sismepre.yaml,
municipalidades_2022,P34_30,P34_30,,object,Int64,cast_to_integer_nullable,False,False,Bronze SISMEPRE + silver_rules_sismepre.yaml,
municipalidades_2022,P34A_30,P34A_30,,object,Int64,cast_to_integer_nullable,True,False,Bronze SISMEPRE + silver_rules_sismepre.yaml,
municipalidades_2022,P34_31,P34_31,,object,Int64,cast_to_integer_nullable,False,False,Bronze SISMEPRE + silver_rules_sismepre.yaml,
municipalidades_2022,P34A_31,P34A_31,,object,Int64,cast_to_integer_nullable,True,False,Bronze SISMEPRE + silver_rules_sismepre.yaml,
municipalidades_2022,P34A_31_O,P34A_31_O,,object,object,kept_without_explicit_rule,True,False,Bronze SISMEPRE + silver_rules_sismepre.yaml,
municipalidades_2022,P35_1,P35_1,,object,Int64,cast_to_integer_nullable,False,False,Bronze SISMEPRE + silver_rules_sismepre.yaml,
municipalidades_2022,P35A_1,P35A_1,,object,Int64,cast_to_integer_nullable,True,False,Bronze SISMEPRE + silver_rules_sismepre.yaml,
municipalidades_2022,P35_2,P35_2,,object,Int64,cast_to_integer_nullable,False,False,Bronze SISMEPRE + silver_rules_sismepre.yaml,
municipalidades_2022,P35A_2,P35A_2,,object,Int64,cast_to_integer_nullable,True,False,Bronze SISMEPRE + silver_rules_sismepre.yaml,
municipalidades_2022,P35_3,P35_3,,object,Int64,cast_to_integer_nullable,False,False,Bronze SISMEPRE + silver_rules_sismepre.yaml,
municipalidades_2022,P35A_3,P35A_3,,object,Int64,cast_to_integer_nullable,True,False,Bronze SISMEPRE + silver_rules_sismepre.yaml,
municipalidades_2022,P35_4,P35_4,,object,Int64,cast_to_integer_nullable,False,False,Bronze SISMEPRE + silver_rules_sismepre.yaml,
municipalidades_2022,P35A_4,P35A_4,,object,Int64,cast_to_integer_nullable,True,False,Bronze SISMEPRE + silver_rules_sismepre.yaml,
municipalidades_2022,P35_5,P35_5,,object,Int64,cast_to_integer_nullable,False,False,Bronze SISMEPRE + silver_rules_sismepre.yaml,
municipalidades_2022,P35A_5,P35A_5,,object,Int64,cast_to_integer_nullable,True,False,Bronze SISMEPRE + silver_rules_sismepre.yaml,
municipalidades_2022,P35_6,P35_6,,object,Int64,cast_to_integer_nullable,False,False,Bronze SISMEPRE + silver_rules_sismepre.yaml,
municipalidades_2022,P35A_6,P35A_6,,object,Int64,cast_to_integer_nullable,True,False,Bronze SISMEPRE + silver_rules_sismepre.yaml,
municipalidades_2022,P35_7,P35_7,,object,Int64,cast_to_integer_nullable,False,False,Bronze SISMEPRE + silver_rules_sismepre.yaml,
municipalidades_2022,P35A_7,P35A_7,,object,Int64,cast_to_integer_nullable,True,False,Bronze SISMEPRE + silver_rules_sismepre.yaml,
municipalidades_2022,P35_8,P35_8,,object,Int64,cast_to_integer_nullable,False,False,Bronze SISMEPRE + silver_rules_sismepre.yaml,
municipalidades_2022,P35A_8,P35A_8,,object,Int64,cast_to_integer_nullable,True,False,Bronze SISMEPRE + silver_rules_sismepre.yaml,
municipalidades_2022,P35_9,P35_9,,object,Int64,cast_to_integer_nullable,False,False,Bronze SISMEPRE + silver_rules_sismepre.yaml,
municipalidades_2022,P35A_9,P35A_9,,object,Int64,cast_to_integer_nullable,True,False,Bronze SISMEPRE + silver_rules_sismepre.yaml,
municipalidades_2022,P35_10,P35_10,,object,Int64,cast_to_integer_nullable,False,False,Bronze SISMEPRE + silver_rules_sismepre.yaml,
municipalidades_2022,P35A_10,P35A_10,,object,Int64,cast_to_integer_nullable,True,False,Bronze SISMEPRE + silver_rules_sismepre.yaml,
municipalidades_2022,P35_11,P35_11,,object,Int64,cast_to_integer_nullable,False,False,Bronze SISMEPRE + silver_rules_sismepre.yaml,
municipalidades_2022,P35A_11,P35A_11,,object,Int64,cast_to_integer_nullable,True,False,Bronze SISMEPRE + silver_rules_sismepre.yaml,
municipalidades_2022,P35A_11_O,P35A_11_O,,object,object,kept_without_explicit_rule,True,False,Bronze SISMEPRE + silver_rules_sismepre.yaml,
municipalidades_2022,P36,P36,,object,Int64,cast_to_integer_nullable,False,False,Bronze SISMEPRE + silver_rules_sismepre.yaml,
municipalidades_2022,P36_1,P36_1,,object,Int64,cast_to_integer_nullable,True,False,Bronze SISMEPRE + silver_rules_sismepre.yaml,
municipalidades_2022,P36_2,P36_2,,object,Int64,cast_to_integer_nullable,True,False,Bronze SISMEPRE + silver_rules_sismepre.yaml,
municipalidades_2022,P36_3,P36_3,,object,Int64,cast_to_integer_nullable,True,False,Bronze SISMEPRE + silver_rules_sismepre.yaml,
municipalidades_2022,P37_1,P37_1,,object,Int64,cast_to_integer_nullable,False,False,Bronze SISMEPRE + silver_rules_sismepre.yaml,
municipalidades_2022,P37A_1,P37A_1,,object,Int64,cast_to_integer_nullable,True,False,Bronze SISMEPRE + silver_rules_sismepre.yaml,
municipalidades_2022,P37_2,P37_2,,object,Int64,cast_to_integer_nullable,False,False,Bronze SISMEPRE + silver_rules_sismepre.yaml,
municipalidades_2022,P37A_2,P37A_2,,object,Int64,cast_to_integer_nullable,True,False,Bronze SISMEPRE + silver_rules_sismepre.yaml,
municipalidades_2022,P37_3,P37_3,,object,Int64,cast_to_integer_nullable,False,False,Bronze SISMEPRE + silver_rules_sismepre.yaml,
municipalidades_2022,P37A_3,P37A_3,,object,Int64,cast_to_integer_nullable,True,False,Bronze SISMEPRE + silver_rules_sismepre.yaml,
municipalidades_2022,P37_4,P37_4,,object,Int64,cast_to_integer_nullable,False,False,Bronze SISMEPRE + silver_rules_sismepre.yaml,
municipalidades_2022,P37A_4,P37A_4,,object,Int64,cast_to_integer_nullable,True,False,Bronze SISMEPRE + silver_rules_sismepre.yaml,
municipalidades_2022,P37_5,P37_5,,object,Int64,cast_to_integer_nullable,False,False,Bronze SISMEPRE + silver_rules_sismepre.yaml,
municipalidades_2022,P37A_5,P37A_5,,object,Int64,cast_to_integer_nullable,True,False,Bronze SISMEPRE + silver_rules_sismepre.yaml,
municipalidades_2022,P37A_5_O,P37A_5_O,,object,object,kept_without_explicit_rule,True,False,Bronze SISMEPRE + silver_rules_sismepre.yaml,
municipalidades_2022,P38,P38,,object,Int64,cast_to_integer_nullable,False,False,Bronze SISMEPRE + silver_rules_sismepre.yaml,
municipalidades_2022,P38_1,P38_1,,object,Int64,cast_to_integer_nullable,True,False,Bronze SISMEPRE + silver_rules_sismepre.yaml,
municipalidades_2022,P38_2,P38_2,,object,Int64,cast_to_integer_nullable,True,False,Bronze SISMEPRE + silver_rules_sismepre.yaml,
municipalidades_2022,P38A_1,P38A_1,,object,Int64,cast_to_integer_nullable,True,False,Bronze SISMEPRE + silver_rules_sismepre.yaml,
municipalidades_2022,P38A_2,P38A_2,,object,Int64,cast_to_integer_nullable,True,False,Bronze SISMEPRE + silver_rules_sismepre.yaml,
municipalidades_2022,P38A_3,P38A_3,,object,Int64,cast_to_integer_nullable,True,False,Bronze SISMEPRE + silver_rules_sismepre.yaml,
municipalidades_2022,P39B_1,P39B_1,,object,Int64,cast_to_integer_nullable,False,False,Bronze SISMEPRE + silver_rules_sismepre.yaml,
municipalidades_2022,P39B_2,P39B_2,,object,Int64,cast_to_integer_nullable,False,False,Bronze SISMEPRE + silver_rules_sismepre.yaml,
municipalidades_2022,P39B_3,P39B_3,,object,Int64,cast_to_integer_nullable,False,False,Bronze SISMEPRE + silver_rules_sismepre.yaml,
municipalidades_2022,P40_1,P40_1,,object,Int64,cast_to_integer_nullable,False,False,Bronze SISMEPRE + silver_rules_sismepre.yaml,
municipalidades_2022,P41_1,P41_1,,object,Int64,cast_to_integer_nullable,True,False,Bronze SISMEPRE + silver_rules_sismepre.yaml,
municipalidades_2022,P42_1,P42_1,,object,Int64,cast_to_integer_nullable,True,False,Bronze SISMEPRE + silver_rules_sismepre.yaml,
municipalidades_2022,P43_1,P43_1,,object,object,kept_without_explicit_rule,True,False,Bronze SISMEPRE + silver_rules_sismepre.yaml,
municipalidades_2022,P43_2,P43_2,,object,Int64,cast_to_integer_nullable,True,False,Bronze SISMEPRE + silver_rules_sismepre.yaml,
municipalidades_2022,P43_3,P43_3,,object,Int64,cast_to_integer_nullable,True,False,Bronze SISMEPRE + silver_rules_sismepre.yaml,
municipalidades_2022,P43_4,P43_4,,object,Int64,cast_to_integer_nullable,True,False,Bronze SISMEPRE + silver_rules_sismepre.yaml,
municipalidades_2022,P43_5,P43_5,,object,Int64,cast_to_integer_nullable,True,False,Bronze SISMEPRE + silver_rules_sismepre.yaml,
municipalidades_2022,P43_6,P43_6,,object,Int64,cast_to_integer_nullable,True,False,Bronze SISMEPRE + silver_rules_sismepre.yaml,
municipalidades_2022,P43_7,P43_7,,object,Int64,cast_to_integer_nullable,True,False,Bronze SISMEPRE + silver_rules_sismepre.yaml,
municipalidades_2022,P43_8,P43_8,,object,Int64,cast_to_integer_nullable,True,False,Bronze SISMEPRE + silver_rules_sismepre.yaml,
municipalidades_2022,P43_8_O,P43_8_O,,object,object,kept_without_explicit_rule,True,False,Bronze SISMEPRE + silver_rules_sismepre.yaml,
municipalidades_2022,P43_9,P43_9,,object,Int64,cast_to_integer_nullable,True,False,Bronze SISMEPRE + silver_rules_sismepre.yaml,
municipalidades_2022,P44_1,P44_1,,object,Int64,cast_to_integer_nullable,True,False,Bronze SISMEPRE + silver_rules_sismepre.yaml,
municipalidades_2022,P44_1_1,P44_1_1,,object,Int64,cast_to_integer_nullable,True,False,Bronze SISMEPRE + silver_rules_sismepre.yaml,
municipalidades_2022,P44_2,P44_2,,object,Int64,cast_to_integer_nullable,True,False,Bronze SISMEPRE + silver_rules_sismepre.yaml,
municipalidades_2022,P44_2_1,P44_2_1,,object,Int64,cast_to_integer_nullable,True,False,Bronze SISMEPRE + silver_rules_sismepre.yaml,
municipalidades_2022,P44_3,P44_3,,object,Int64,cast_to_integer_nullable,True,False,Bronze SISMEPRE + silver_rules_sismepre.yaml,
municipalidades_2022,P44_3_1,P44_3_1,,object,Int64,cast_to_integer_nullable,True,False,Bronze SISMEPRE + silver_rules_sismepre.yaml,
municipalidades_2022,P44_4,P44_4,,object,Int64,cast_to_integer_nullable,True,False,Bronze SISMEPRE + silver_rules_sismepre.yaml,
municipalidades_2022,P44_4_1,P44_4_1,,object,Int64,cast_to_integer_nullable,True,False,Bronze SISMEPRE + silver_rules_sismepre.yaml,
municipalidades_2022,P44_5,P44_5,,object,Int64,cast_to_integer_nullable,True,False,Bronze SISMEPRE + silver_rules_sismepre.yaml,
municipalidades_2022,P44_5_1,P44_5_1,,object,object,kept_without_explicit_rule,True,False,Bronze SISMEPRE + silver_rules_sismepre.yaml,
municipalidades_2022,P44_5_O,P44_5_O,,object,object,kept_without_explicit_rule,True,False,Bronze SISMEPRE + silver_rules_sismepre.yaml,
municipalidades_2022,P46_1,P46_1,,object,Int64,cast_to_integer_nullable,False,False,Bronze SISMEPRE + silver_rules_sismepre.yaml,
municipalidades_2022,P46A_1,P46A_1,,object,Int64,cast_to_integer_nullable,True,False,Bronze SISMEPRE + silver_rules_sismepre.yaml,
municipalidades_2022,P46_2,P46_2,,object,Int64,cast_to_integer_nullable,False,False,Bronze SISMEPRE + silver_rules_sismepre.yaml,
municipalidades_2022,P46A_2,P46A_2,,object,Int64,cast_to_integer_nullable,True,False,Bronze SISMEPRE + silver_rules_sismepre.yaml,
municipalidades_2022,P47,P47,,object,Int64,cast_to_integer_nullable,False,False,Bronze SISMEPRE + silver_rules_sismepre.yaml,
municipalidades_2022,P47_T,P47_T,,object,Int64,cast_to_integer_nullable,True,False,Bronze SISMEPRE + silver_rules_sismepre.yaml,
municipalidades_2022,P47_M,P47_M,,object,Int64,cast_to_integer_nullable,True,False,Bronze SISMEPRE + silver_rules_sismepre.yaml,
municipalidades_2022,P47_H,P47_H,,object,Int64,cast_to_integer_nullable,True,False,Bronze SISMEPRE + silver_rules_sismepre.yaml,
municipalidades_2022,P48_1,P48_1,,object,Int64,cast_to_integer_nullable,False,False,Bronze SISMEPRE + silver_rules_sismepre.yaml,
municipalidades_2022,P48A_1,P48A_1,,object,Int64,cast_to_integer_nullable,True,False,Bronze SISMEPRE + silver_rules_sismepre.yaml,
municipalidades_2022,P48_2,P48_2,,object,Int64,cast_to_integer_nullable,False,False,Bronze SISMEPRE + silver_rules_sismepre.yaml,
municipalidades_2022,P48A_2,P48A_2,,object,Int64,cast_to_integer_nullable,True,False,Bronze SISMEPRE + silver_rules_sismepre.yaml,
municipalidades_2022,P48_3,P48_3,,object,Int64,cast_to_integer_nullable,False,False,Bronze SISMEPRE + silver_rules_sismepre.yaml,
municipalidades_2022,P48A_3,P48A_3,,object,Int64,cast_to_integer_nullable,True,False,Bronze SISMEPRE + silver_rules_sismepre.yaml,
municipalidades_2022,P48_4,P48_4,,object,Int64,cast_to_integer_nullable,False,False,Bronze SISMEPRE + silver_rules_sismepre.yaml,
municipalidades_2022,P48A_4,P48A_4,,object,Int64,cast_to_integer_nullable,True,False,Bronze SISMEPRE + silver_rules_sismepre.yaml,
municipalidades_2022,P48_5,P48_5,,object,Int64,cast_to_integer_nullable,False,False,Bronze SISMEPRE + silver_rules_sismepre.yaml,
municipalidades_2022,P48A_5,P48A_5,,object,Int64,cast_to_integer_nullable,True,False,Bronze SISMEPRE + silver_rules_sismepre.yaml,
municipalidades_2022,P48_6,P48_6,,object,Int64,cast_to_integer_nullable,False,False,Bronze SISMEPRE + silver_rules_sismepre.yaml,
municipalidades_2022,P48A_6,P48A_6,,object,Int64,cast_to_integer_nullable,True,False,Bronze SISMEPRE + silver_rules_sismepre.yaml,
municipalidades_2022,P48_7,P48_7,,object,Int64,cast_to_integer_nullable,False,False,Bronze SISMEPRE + silver_rules_sismepre.yaml,
municipalidades_2022,P48A_7,P48A_7,,object,Int64,cast_to_integer_nullable,True,False,Bronze SISMEPRE + silver_rules_sismepre.yaml,
municipalidades_2022,P48_8,P48_8,,object,Int64,cast_to_integer_nullable,False,False,Bronze SISMEPRE + silver_rules_sismepre.yaml,
municipalidades_2022,P48A_8,P48A_8,,object,Int64,cast_to_integer_nullable,True,False,Bronze SISMEPRE + silver_rules_sismepre.yaml,
municipalidades_2022,P48_9,P48_9,,object,Int64,cast_to_integer_nullable,False,False,Bronze SISMEPRE + silver_rules_sismepre.yaml,
municipalidades_2022,P48A_9,P48A_9,,object,Int64,cast_to_integer_nullable,True,False,Bronze SISMEPRE + silver_rules_sismepre.yaml,
municipalidades_2022,P48_10,P48_10,,object,Int64,cast_to_integer_nullable,False,False,Bronze SISMEPRE + silver_rules_sismepre.yaml,
municipalidades_2022,P48A_10,P48A_10,,object,Int64,cast_to_integer_nullable,True,False,Bronze SISMEPRE + silver_rules_sismepre.yaml,
municipalidades_2022,P48_11,P48_11,,object,Int64,cast_to_integer_nullable,False,False,Bronze SISMEPRE + silver_rules_sismepre.yaml,
municipalidades_2022,P48A_11,P48A_11,,object,Int64,cast_to_integer_nullable,True,False,Bronze SISMEPRE + silver_rules_sismepre.yaml,
municipalidades_2022,P48_12,P48_12,,object,Int64,cast_to_integer_nullable,False,False,Bronze SISMEPRE + silver_rules_sismepre.yaml,
municipalidades_2022,P48A_12,P48A_12,,object,Int64,cast_to_integer_nullable,True,False,Bronze SISMEPRE + silver_rules_sismepre.yaml,
municipalidades_2022,P48_12_O,P48_12_O,,object,object,kept_without_explicit_rule,True,False,Bronze SISMEPRE + silver_rules_sismepre.yaml,
municipalidades_2022,P48B_1,P48B_1,,object,Int64,cast_to_integer_nullable,False,False,Bronze SISMEPRE + silver_rules_sismepre.yaml,
municipalidades_2022,P48B_2,P48B_2,,object,Int64,cast_to_integer_nullable,False,False,Bronze SISMEPRE + silver_rules_sismepre.yaml,
municipalidades_2022,P48B_3,P48B_3,,object,Int64,cast_to_integer_nullable,False,False,Bronze SISMEPRE + silver_rules_sismepre.yaml,
municipalidades_2022,P49,P49,,object,Int64,cast_to_integer_nullable,False,False,Bronze SISMEPRE + silver_rules_sismepre.yaml,
municipalidades_2022,P49_1,P49_1,,object,Int64,cast_to_integer_nullable,True,False,Bronze SISMEPRE + silver_rules_sismepre.yaml,
municipalidades_2022,P49_2,P49_2,,object,Int64,cast_to_integer_nullable,True,False,Bronze SISMEPRE + silver_rules_sismepre.yaml,
municipalidades_2022,P50A,P50A,,object,Int64,cast_to_integer_nullable,False,False,Bronze SISMEPRE + silver_rules_sismepre.yaml,
municipalidades_2022,P50A_C,P50A_C,,object,object,kept_without_explicit_rule,True,False,Bronze SISMEPRE + silver_rules_sismepre.yaml,
municipalidades_2022,P50B,P50B,,object,Int64,cast_to_integer_nullable,False,False,Bronze SISMEPRE + silver_rules_sismepre.yaml,
municipalidades_2022,P50B_C,P50B_C,,object,object,kept_without_explicit_rule,True,False,Bronze SISMEPRE + silver_rules_sismepre.yaml,
municipalidades_2022,P50C,P50C,,object,Int64,cast_to_integer_nullable,False,False,Bronze SISMEPRE + silver_rules_sismepre.yaml,
municipalidades_2022,P50C_C,P50C_C,,object,object,kept_without_explicit_rule,True,False,Bronze SISMEPRE + silver_rules_sismepre.yaml,
municipalidades_2022,P50D,P50D,,object,Int64,cast_to_integer_nullable,False,False,Bronze SISMEPRE + silver_rules_sismepre.yaml,
municipalidades_2022,P50D_C,P50D_C,,object,object,kept_without_explicit_rule,True,False,Bronze SISMEPRE + silver_rules_sismepre.yaml,
municipalidades_2022,P50E,P50E,,object,Int64,cast_to_integer_nullable,False,False,Bronze SISMEPRE + silver_rules_sismepre.yaml,
municipalidades_2022,P50E_C,P50E_C,,object,object,kept_without_explicit_rule,True,False,Bronze SISMEPRE + silver_rules_sismepre.yaml,
municipalidades_2022,P50F,P50F,,object,Int64,cast_to_integer_nullable,False,False,Bronze SISMEPRE + silver_rules_sismepre.yaml,
municipalidades_2022,P50F_C,P50F_C,,object,object,kept_without_explicit_rule,True,False,Bronze SISMEPRE + silver_rules_sismepre.yaml,
municipalidades_2022,P51,P51,,object,Int64,cast_to_integer_nullable,False,False,Bronze SISMEPRE + silver_rules_sismepre.yaml,
municipalidades_2022,P51_1,P51_1,,object,Int64,cast_to_integer_nullable,True,False,Bronze SISMEPRE + silver_rules_sismepre.yaml,
municipalidades_2022,P51_2,P51_2,,object,Int64,cast_to_integer_nullable,True,False,Bronze SISMEPRE + silver_rules_sismepre.yaml,
municipalidades_2022,P52,P52,,object,Int64,cast_to_integer_nullable,True,False,Bronze SISMEPRE + silver_rules_sismepre.yaml,
municipalidades_2022,P53_1,P53_1,,object,object,kept_without_explicit_rule,True,False,Bronze SISMEPRE + silver_rules_sismepre.yaml,
municipalidades_2022,P53A_1,P53A_1,,object,Int64,cast_to_integer_nullable,True,False,Bronze SISMEPRE + silver_rules_sismepre.yaml,
municipalidades_2022,P53_2,P53_2,,object,Int64,cast_to_integer_nullable,True,False,Bronze SISMEPRE + silver_rules_sismepre.yaml,
municipalidades_2022,P53_3,P53_3,,object,Int64,cast_to_integer_nullable,True,False,Bronze SISMEPRE + silver_rules_sismepre.yaml,
municipalidades_2022,P53_4,P53_4,,object,Int64,cast_to_integer_nullable,True,False,Bronze SISMEPRE + silver_rules_sismepre.yaml,
municipalidades_2022,P53_5,P53_5,,object,Int64,cast_to_integer_nullable,True,False,Bronze SISMEPRE + silver_rules_sismepre.yaml,
municipalidades_2022,P53_6,P53_6,,object,Int64,cast_to_integer_nullable,True,False,Bronze SISMEPRE + silver_rules_sismepre.yaml,
municipalidades_2022,P53_7,P53_7,,object,Int64,cast_to_integer_nullable,True,False,Bronze SISMEPRE + silver_rules_sismepre.yaml,
municipalidades_2022,P53_8,P53_8,,object,Int64,cast_to_integer_nullable,True,False,Bronze SISMEPRE + silver_rules_sismepre.yaml,
municipalidades_2022,P53_9,P53_9,,object,Int64,cast_to_integer_nullable,True,False,Bronze SISMEPRE + silver_rules_sismepre.yaml,
municipalidades_2022,P54,P54,,object,Int64,cast_to_integer_nullable,True,False,Bronze SISMEPRE + silver_rules_sismepre.yaml,
municipalidades_2022,P54_T,P54_T,,object,Int64,cast_to_integer_nullable,True,False,Bronze SISMEPRE + silver_rules_sismepre.yaml,
municipalidades_2022,P54_M,P54_M,,object,Int64,cast_to_integer_nullable,True,False,Bronze SISMEPRE + silver_rules_sismepre.yaml,
municipalidades_2022,P54_H,P54_H,,object,Int64,cast_to_integer_nullable,True,False,Bronze SISMEPRE + silver_rules_sismepre.yaml,
municipalidades_2022,P54_1_T,P54_1_T,,object,Int64,cast_to_integer_nullable,True,False,Bronze SISMEPRE + silver_rules_sismepre.yaml,
municipalidades_2022,P54_1_M,P54_1_M,,object,Int64,cast_to_integer_nullable,True,False,Bronze SISMEPRE + silver_rules_sismepre.yaml,
municipalidades_2022,P54_1_H,P54_1_H,,object,Int64,cast_to_integer_nullable,True,False,Bronze SISMEPRE + silver_rules_sismepre.yaml,
municipalidades_2022,P54_2_T,P54_2_T,,object,Int64,cast_to_integer_nullable,True,False,Bronze SISMEPRE + silver_rules_sismepre.yaml,
municipalidades_2022,P54_2_M,P54_2_M,,object,Int64,cast_to_integer_nullable,True,False,Bronze SISMEPRE + silver_rules_sismepre.yaml,
municipalidades_2022,P54_2_H,P54_2_H,,object,Int64,cast_to_integer_nullable,True,False,Bronze SISMEPRE + silver_rules_sismepre.yaml,
municipalidades_2022,P55_1,P55_1,,object,Int64,cast_to_integer_nullable,True,False,Bronze SISMEPRE + silver_rules_sismepre.yaml,
municipalidades_2022,P55_1_1,P55_1_1,,object,Int64,cast_to_integer_nullable,True,False,Bronze SISMEPRE + silver_rules_sismepre.yaml,
municipalidades_2022,P55_2,P55_2,,object,Int64,cast_to_integer_nullable,True,False,Bronze SISMEPRE + silver_rules_sismepre.yaml,
municipalidades_2022,P55_2_1,P55_2_1,,object,Int64,cast_to_integer_nullable,True,False,Bronze SISMEPRE + silver_rules_sismepre.yaml,
municipalidades_2022,P55_3,P55_3,,object,Int64,cast_to_integer_nullable,True,False,Bronze SISMEPRE + silver_rules_sismepre.yaml,
municipalidades_2022,P55_3_1,P55_3_1,,object,Int64,cast_to_integer_nullable,True,False,Bronze SISMEPRE + silver_rules_sismepre.yaml,
municipalidades_2022,P55_4,P55_4,,object,Int64,cast_to_integer_nullable,True,False,Bronze SISMEPRE + silver_rules_sismepre.yaml,
municipalidades_2022,P55_4_1,P55_4_1,,object,Int64,cast_to_integer_nullable,True,False,Bronze SISMEPRE + silver_rules_sismepre.yaml,
municipalidades_2022,P55_5,P55_5,,object,Int64,cast_to_integer_nullable,True,False,Bronze SISMEPRE + silver_rules_sismepre.yaml,
municipalidades_2022,P55_5_1,P55_5_1,,object,Int64,cast_to_integer_nullable,True,False,Bronze SISMEPRE + silver_rules_sismepre.yaml,
municipalidades_2022,P55_6,P55_6,,object,Int64,cast_to_integer_nullable,True,False,Bronze SISMEPRE + silver_rules_sismepre.yaml,
municipalidades_2022,P55_6_1,P55_6_1,,object,Int64,cast_to_integer_nullable,True,False,Bronze SISMEPRE + silver_rules_sismepre.yaml,
municipalidades_2022,P55_7,P55_7,,object,Int64,cast_to_integer_nullable,True,False,Bronze SISMEPRE + silver_rules_sismepre.yaml,
municipalidades_2022,P55_7_1,P55_7_1,,object,Int64,cast_to_integer_nullable,True,False,Bronze SISMEPRE + silver_rules_sismepre.yaml,
municipalidades_2022,P55_7_O,P55_7_O,,object,object,kept_without_explicit_rule,True,False,Bronze SISMEPRE + silver_rules_sismepre.yaml,
municipalidades_2022,P55_8,P55_8,,object,Int64,cast_to_integer_nullable,True,False,Bronze SISMEPRE + silver_rules_sismepre.yaml,
municipalidades_2022,P55_8_1,P55_8_1,,object,Int64,cast_to_integer_nullable,True,False,Bronze SISMEPRE + silver_rules_sismepre.yaml,
municipalidades_2022,P55_9,P55_9,,object,Int64,cast_to_integer_nullable,True,False,Bronze SISMEPRE + silver_rules_sismepre.yaml,
municipalidades_2022,P55_9_1,P55_9_1,,object,Int64,cast_to_integer_nullable,True,False,Bronze SISMEPRE + silver_rules_sismepre.yaml,
municipalidades_2022,P56,P56,,object,Int64,cast_to_integer_nullable,True,False,Bronze SISMEPRE + silver_rules_sismepre.yaml,
municipalidades_2022,P56_T,P56_T,,object,Int64,cast_to_integer_nullable,True,False,Bronze SISMEPRE + silver_rules_sismepre.yaml,
municipalidades_2022,P56_A,P56_A,,object,Int64,cast_to_integer_nullable,True,False,Bronze SISMEPRE + silver_rules_sismepre.yaml,
municipalidades_2022,P57_1,P57_1,,object,Int64,cast_to_integer_nullable,True,False,Bronze SISMEPRE + silver_rules_sismepre.yaml,
municipalidades_2022,P57_1_1,P57_1_1,,object,Int64,cast_to_integer_nullable,True,False,Bronze SISMEPRE + silver_rules_sismepre.yaml,
municipalidades_2022,P57_2,P57_2,,object,Int64,cast_to_integer_nullable,True,False,Bronze SISMEPRE + silver_rules_sismepre.yaml,
municipalidades_2022,P57_2_1,P57_2_1,,object,Int64,cast_to_integer_nullable,True,False,Bronze SISMEPRE + silver_rules_sismepre.yaml,
municipalidades_2022,P57_3,P57_3,,object,Int64,cast_to_integer_nullable,True,False,Bronze SISMEPRE + silver_rules_sismepre.yaml,
municipalidades_2022,P57_3_1,P57_3_1,,object,Int64,cast_to_integer_nullable,True,False,Bronze SISMEPRE + silver_rules_sismepre.yaml,
municipalidades_2022,P57_4,P57_4,,object,Int64,cast_to_integer_nullable,True,False,Bronze SISMEPRE + silver_rules_sismepre.yaml,
municipalidades_2022,P57_4_1,P57_4_1,,object,Int64,cast_to_integer_nullable,True,False,Bronze SISMEPRE + silver_rules_sismepre.yaml,
municipalidades_2022,P57_5,P57_5,,object,Int64,cast_to_integer_nullable,True,False,Bronze SISMEPRE + silver_rules_sismepre.yaml,
municipalidades_2022,P57_5_1,P57_5_1,,object,Int64,cast_to_integer_nullable,True,False,Bronze SISMEPRE + silver_rules_sismepre.yaml,
municipalidades_2022,P57_6,P57_6,,object,Int64,cast_to_integer_nullable,True,False,Bronze SISMEPRE + silver_rules_sismepre.yaml,
municipalidades_2022,P57_6_1,P57_6_1,,object,Int64,cast_to_integer_nullable,True,False,Bronze SISMEPRE + silver_rules_sismepre.yaml,
municipalidades_2022,P57_6_O,P57_6_O,,object,object,kept_without_explicit_rule,True,False,Bronze SISMEPRE + silver_rules_sismepre.yaml,
municipalidades_2022,P58_1,P58_1,,object,Int64,cast_to_integer_nullable,False,False,Bronze SISMEPRE + silver_rules_sismepre.yaml,
municipalidades_2022,P58_1_1,P58_1_1,,object,Int64,cast_to_integer_nullable,True,False,Bronze SISMEPRE + silver_rules_sismepre.yaml,
municipalidades_2022,P58_2,P58_2,,object,Int64,cast_to_integer_nullable,False,False,Bronze SISMEPRE + silver_rules_sismepre.yaml,
municipalidades_2022,P58_2_1,P58_2_1,,object,Int64,cast_to_integer_nullable,True,False,Bronze SISMEPRE + silver_rules_sismepre.yaml,
municipalidades_2022,P58_3,P58_3,,object,Int64,cast_to_integer_nullable,False,False,Bronze SISMEPRE + silver_rules_sismepre.yaml,
municipalidades_2022,P58_3_1,P58_3_1,,object,Int64,cast_to_integer_nullable,True,False,Bronze SISMEPRE + silver_rules_sismepre.yaml,
municipalidades_2022,P58_4,P58_4,,object,Int64,cast_to_integer_nullable,False,False,Bronze SISMEPRE + silver_rules_sismepre.yaml,
municipalidades_2022,P58_4_1,P58_4_1,,object,Int64,cast_to_integer_nullable,True,False,Bronze SISMEPRE + silver_rules_sismepre.yaml,
municipalidades_2022,P58_4_O,P58_4_O,,object,object,kept_without_explicit_rule,True,False,Bronze SISMEPRE + silver_rules_sismepre.yaml,
municipalidades_2022,P59_1,P59_1,,object,Int64,cast_to_integer_nullable,False,False,Bronze SISMEPRE + silver_rules_sismepre.yaml,
municipalidades_2022,P59_1_1,P59_1_1,,object,Int64,cast_to_integer_nullable,True,False,Bronze SISMEPRE + silver_rules_sismepre.yaml,
municipalidades_2022,P59_2,P59_2,,object,Int64,cast_to_integer_nullable,False,False,Bronze SISMEPRE + silver_rules_sismepre.yaml,
municipalidades_2022,P59_2_1,P59_2_1,,object,Int64,cast_to_integer_nullable,True,False,Bronze SISMEPRE + silver_rules_sismepre.yaml,
municipalidades_2022,P59_3,P59_3,,object,Int64,cast_to_integer_nullable,False,False,Bronze SISMEPRE + silver_rules_sismepre.yaml,
municipalidades_2022,P59_3_1,P59_3_1,,object,Int64,cast_to_integer_nullable,True,False,Bronze SISMEPRE + silver_rules_sismepre.yaml,
municipalidades_2022,P59_4,P59_4,,object,Int64,cast_to_integer_nullable,False,False,Bronze SISMEPRE + silver_rules_sismepre.yaml,
municipalidades_2022,P59_4_1,P59_4_1,,object,Int64,cast_to_integer_nullable,True,False,Bronze SISMEPRE + silver_rules_sismepre.yaml,
municipalidades_2022,P59_5,P59_5,,object,Int64,cast_to_integer_nullable,False,False,Bronze SISMEPRE + silver_rules_sismepre.yaml,
municipalidades_2022,P59_5_1,P59_5_1,,object,Int64,cast_to_integer_nullable,True,False,Bronze SISMEPRE + silver_rules_sismepre.yaml,
municipalidades_2022,P59_6,P59_6,,object,Int64,cast_to_integer_nullable,False,False,Bronze SISMEPRE + silver_rules_sismepre.yaml,
municipalidades_2022,P59_6_1,P59_6_1,,object,Int64,cast_to_integer_nullable,True,False,Bronze SISMEPRE + silver_rules_sismepre.yaml,
municipalidades_2022,P59_7,P59_7,,object,Int64,cast_to_integer_nullable,False,False,Bronze SISMEPRE + silver_rules_sismepre.yaml,
municipalidades_2022,P59_7_1,P59_7_1,,object,Int64,cast_to_integer_nullable,True,False,Bronze SISMEPRE + silver_rules_sismepre.yaml,
municipalidades_2022,P59_8,P59_8,,object,Int64,cast_to_integer_nullable,False,False,Bronze SISMEPRE + silver_rules_sismepre.yaml,
municipalidades_2022,P59_8_1,P59_8_1,,object,Int64,cast_to_integer_nullable,True,False,Bronze SISMEPRE + silver_rules_sismepre.yaml,
municipalidades_2022,P59_9,P59_9,,object,Int64,cast_to_integer_nullable,False,False,Bronze SISMEPRE + silver_rules_sismepre.yaml,
municipalidades_2022,P59_9_1,P59_9_1,,object,Int64,cast_to_integer_nullable,True,False,Bronze SISMEPRE + silver_rules_sismepre.yaml,
municipalidades_2022,P59_10,P59_10,,object,Int64,cast_to_integer_nullable,False,False,Bronze SISMEPRE + silver_rules_sismepre.yaml,
municipalidades_2022,P59_10_1,P59_10_1,,object,Int64,cast_to_integer_nullable,True,False,Bronze SISMEPRE + silver_rules_sismepre.yaml,
municipalidades_2022,P59_11,P59_11,,object,Int64,cast_to_integer_nullable,False,False,Bronze SISMEPRE + silver_rules_sismepre.yaml,
municipalidades_2022,P59_11_1,P59_11_1,,object,Int64,cast_to_integer_nullable,True,False,Bronze SISMEPRE + silver_rules_sismepre.yaml,
municipalidades_2022,P59_11_O,P59_11_O,,object,object,kept_without_explicit_rule,True,False,Bronze SISMEPRE + silver_rules_sismepre.yaml,
municipalidades_2022,P60A_1,P60A_1,,object,object,kept_without_explicit_rule,False,False,Bronze SISMEPRE + silver_rules_sismepre.yaml,
municipalidades_2022,P60A_1_1,P60A_1_1,,object,Int64,cast_to_integer_nullable,False,False,Bronze SISMEPRE + silver_rules_sismepre.yaml,
municipalidades_2022,P60A_1_2,P60A_1_2,,object,Int64,cast_to_integer_nullable,False,False,Bronze SISMEPRE + silver_rules_sismepre.yaml,
municipalidades_2022,P60A_2,P60A_2,,object,Int64,cast_to_integer_nullable,False,False,Bronze SISMEPRE + silver_rules_sismepre.yaml,
municipalidades_2022,P60A_2_1,P60A_2_1,,object,Int64,cast_to_integer_nullable,True,False,Bronze SISMEPRE + silver_rules_sismepre.yaml,
municipalidades_2022,P60A_2_2,P60A_2_2,,object,Int64,cast_to_integer_nullable,True,False,Bronze SISMEPRE + silver_rules_sismepre.yaml,
municipalidades_2022,P60A_3,P60A_3,,object,Int64,cast_to_integer_nullable,False,False,Bronze SISMEPRE + silver_rules_sismepre.yaml,
municipalidades_2022,P60A_3_1,P60A_3_1,,object,Int64,cast_to_integer_nullable,True,False,Bronze SISMEPRE + silver_rules_sismepre.yaml,
municipalidades_2022,P60A_3_2,P60A_3_2,,object,Int64,cast_to_integer_nullable,True,False,Bronze SISMEPRE + silver_rules_sismepre.yaml,
municipalidades_2022,P60A_4,P60A_4,,object,Int64,cast_to_integer_nullable,False,False,Bronze SISMEPRE + silver_rules_sismepre.yaml,
municipalidades_2022,P60A_4_1,P60A_4_1,,object,Int64,cast_to_integer_nullable,True,False,Bronze SISMEPRE + silver_rules_sismepre.yaml,
municipalidades_2022,P60A_4_2,P60A_4_2,,object,Int64,cast_to_integer_nullable,True,False,Bronze SISMEPRE + silver_rules_sismepre.yaml,
municipalidades_2022,P60A_5,P60A_5,,object,Int64,cast_to_integer_nullable,False,False,Bronze SISMEPRE + silver_rules_sismepre.yaml,
municipalidades_2022,P60A_5_1,P60A_5_1,,object,Int64,cast_to_integer_nullable,True,False,Bronze SISMEPRE + silver_rules_sismepre.yaml,
municipalidades_2022,P60A_5_2,P60A_5_2,,object,Int64,cast_to_integer_nullable,True,False,Bronze SISMEPRE + silver_rules_sismepre.yaml,
municipalidades_2022,P60A_5_O,P60A_5_O,,object,object,kept_without_explicit_rule,True,False,Bronze SISMEPRE + silver_rules_sismepre.yaml,
municipalidades_2022,P60B_1A_1,P60B_1A_1,,object,Int64,cast_to_integer_nullable,False,False,Bronze SISMEPRE + silver_rules_sismepre.yaml,
municipalidades_2022,P60B_1_1,P60B_1_1,,object,Int64,cast_to_integer_nullable,True,False,Bronze SISMEPRE + silver_rules_sismepre.yaml,
municipalidades_2022,P60B_2A_1,P60B_2A_1,,object,Int64,cast_to_integer_nullable,False,False,Bronze SISMEPRE + silver_rules_sismepre.yaml,
municipalidades_2022,P60B_2_1,P60B_2_1,,object,Int64,cast_to_integer_nullable,True,False,Bronze SISMEPRE + silver_rules_sismepre.yaml,
municipalidades_2022,P60B_3A_1,P60B_3A_1,,object,Int64,cast_to_integer_nullable,False,False,Bronze SISMEPRE + silver_rules_sismepre.yaml,
municipalidades_2022,P60B_3_1,P60B_3_1,,object,Int64,cast_to_integer_nullable,True,False,Bronze SISMEPRE + silver_rules_sismepre.yaml,
municipalidades_2022,P60B_4A_1,P60B_4A_1,,object,Int64,cast_to_integer_nullable,False,False,Bronze SISMEPRE + silver_rules_sismepre.yaml,
municipalidades_2022,P60B_4_1,P60B_4_1,,object,Int64,cast_to_integer_nullable,True,False,Bronze SISMEPRE + silver_rules_sismepre.yaml,
municipalidades_2022,P60B_5A_1,P60B_5A_1,,object,Int64,cast_to_integer_nullable,False,False,Bronze SISMEPRE + silver_rules_sismepre.yaml,
municipalidades_2022,P60B_5_1,P60B_5_1,,object,Int64,cast_to_integer_nullable,True,False,Bronze SISMEPRE + silver_rules_sismepre.yaml,
municipalidades_2022,P60B_6A_1,P60B_6A_1,,object,Int64,cast_to_integer_nullable,False,False,Bronze SISMEPRE + silver_rules_sismepre.yaml,
municipalidades_2022,P60B_6_1,P60B_6_1,,object,Int64,cast_to_integer_nullable,True,False,Bronze SISMEPRE + silver_rules_sismepre.yaml,
municipalidades_2022,P60B_7A_1,P60B_7A_1,,object,Int64,cast_to_integer_nullable,False,False,Bronze SISMEPRE + silver_rules_sismepre.yaml,
municipalidades_2022,P60B_7_1,P60B_7_1,,object,Int64,cast_to_integer_nullable,True,False,Bronze SISMEPRE + silver_rules_sismepre.yaml,
municipalidades_2022,P60B_T_1,P60B_T_1,,object,Int64,cast_to_integer_nullable,False,False,Bronze SISMEPRE + silver_rules_sismepre.yaml,
municipalidades_2022,P61,P61,,object,Int64,cast_to_integer_nullable,False,False,Bronze SISMEPRE + silver_rules_sismepre.yaml,
municipalidades_2022,P61_1,P61_1,,object,Int64,cast_to_integer_nullable,True,False,Bronze SISMEPRE + silver_rules_sismepre.yaml,
municipalidades_2022,P61_2,P61_2,,object,Int64,cast_to_integer_nullable,True,False,Bronze SISMEPRE + silver_rules_sismepre.yaml,
municipalidades_2022,P62,P62,,object,Int64,cast_to_integer_nullable,False,False,Bronze SISMEPRE + silver_rules_sismepre.yaml,
municipalidades_2022,P62_1,P62_1,,object,Int64,cast_to_integer_nullable,True,False,Bronze SISMEPRE + silver_rules_sismepre.yaml,
municipalidades_2022,P63,P63,,object,Int64,cast_to_integer_nullable,False,False,Bronze SISMEPRE + silver_rules_sismepre.yaml,
municipalidades_2022,P64,P64,,object,Int64,cast_to_integer_nullable,False,False,Bronze SISMEPRE + silver_rules_sismepre.yaml,
municipalidades_2022,P64_1,P64_1,,object,Int64,cast_to_integer_nullable,True,False,Bronze SISMEPRE + silver_rules_sismepre.yaml,
municipalidades_2022,P64_1_1,P64_1_1,,object,Int64,cast_to_integer_nullable,True,False,Bronze SISMEPRE + silver_rules_sismepre.yaml,
municipalidades_2022,P64_2,P64_2,,object,Int64,cast_to_integer_nullable,True,False,Bronze SISMEPRE + silver_rules_sismepre.yaml,
municipalidades_2022,P64_2_1,P64_2_1,,object,Int64,cast_to_integer_nullable,True,False,Bronze SISMEPRE + silver_rules_sismepre.yaml,
municipalidades_2022,P64_3,P64_3,,object,Int64,cast_to_integer_nullable,True,False,Bronze SISMEPRE + silver_rules_sismepre.yaml,
municipalidades_2022,P64_3_1,P64_3_1,,object,Int64,cast_to_integer_nullable,True,False,Bronze SISMEPRE + silver_rules_sismepre.yaml,
municipalidades_2022,P64_4,P64_4,,object,Int64,cast_to_integer_nullable,True,False,Bronze SISMEPRE + silver_rules_sismepre.yaml,
municipalidades_2022,P64_4_1,P64_4_1,,object,Int64,cast_to_integer_nullable,True,False,Bronze SISMEPRE + silver_rules_sismepre.yaml,
municipalidades_2022,P64_5,P64_5,,object,Int64,cast_to_integer_nullable,True,False,Bronze SISMEPRE + silver_rules_sismepre.yaml,
municipalidades_2022,P64_5_1,P64_5_1,,object,Int64,cast_to_integer_nullable,True,False,Bronze SISMEPRE + silver_rules_sismepre.yaml,
municipalidades_2022,P64_6,P64_6,,object,Int64,cast_to_integer_nullable,True,False,Bronze SISMEPRE + silver_rules_sismepre.yaml,
municipalidades_2022,P64_6_1,P64_6_1,,object,Int64,cast_to_integer_nullable,True,False,Bronze SISMEPRE + silver_rules_sismepre.yaml,
municipalidades_2022,P64_7,P64_7,,object,Int64,cast_to_integer_nullable,True,False,Bronze SISMEPRE + silver_rules_sismepre.yaml,
municipalidades_2022,P64_7_1,P64_7_1,,object,Int64,cast_to_integer_nullable,True,False,Bronze SISMEPRE + silver_rules_sismepre.yaml,
municipalidades_2022,P64_8,P64_8,,object,Int64,cast_to_integer_nullable,True,False,Bronze SISMEPRE + silver_rules_sismepre.yaml,
municipalidades_2022,P64_8_1,P64_8_1,,object,Int64,cast_to_integer_nullable,True,False,Bronze SISMEPRE + silver_rules_sismepre.yaml,
municipalidades_2022,P64_9,P64_9,,object,Int64,cast_to_integer_nullable,True,False,Bronze SISMEPRE + silver_rules_sismepre.yaml,
municipalidades_2022,P64_9_1,P64_9_1,,object,Int64,cast_to_integer_nullable,True,False,Bronze SISMEPRE + silver_rules_sismepre.yaml,
municipalidades_2022,P64_10,P64_10,,object,Int64,cast_to_integer_nullable,True,False,Bronze SISMEPRE + silver_rules_sismepre.yaml,
municipalidades_2022,P64_10_1,P64_10_1,,object,Int64,cast_to_integer_nullable,True,False,Bronze SISMEPRE + silver_rules_sismepre.yaml,
municipalidades_2022,P64_11,P64_11,,object,Int64,cast_to_integer_nullable,True,False,Bronze SISMEPRE + silver_rules_sismepre.yaml,
municipalidades_2022,P64_11_1,P64_11_1,,object,Int64,cast_to_integer_nullable,True,False,Bronze SISMEPRE + silver_rules_sismepre.yaml,
municipalidades_2022,P64_12,P64_12,,object,Int64,cast_to_integer_nullable,True,False,Bronze SISMEPRE + silver_rules_sismepre.yaml,
municipalidades_2022,P64_12_1,P64_12_1,,object,Int64,cast_to_integer_nullable,True,False,Bronze SISMEPRE + silver_rules_sismepre.yaml,
municipalidades_2022,P64_13,P64_13,,object,Int64,cast_to_integer_nullable,True,False,Bronze SISMEPRE + silver_rules_sismepre.yaml,
municipalidades_2022,P64_13_1,P64_13_1,,object,Int64,cast_to_integer_nullable,True,False,Bronze SISMEPRE + silver_rules_sismepre.yaml,
municipalidades_2022,P64_14,P64_14,,object,Int64,cast_to_integer_nullable,True,False,Bronze SISMEPRE + silver_rules_sismepre.yaml,
municipalidades_2022,P64_14_1,P64_14_1,,object,Int64,cast_to_integer_nullable,True,False,Bronze SISMEPRE + silver_rules_sismepre.yaml,
municipalidades_2022,P64_15,P64_15,,object,Int64,cast_to_integer_nullable,True,False,Bronze SISMEPRE + silver_rules_sismepre.yaml,
municipalidades_2022,P64_15_1,P64_15_1,,object,Int64,cast_to_integer_nullable,True,False,Bronze SISMEPRE + silver_rules_sismepre.yaml,
municipalidades_2022,P64_16,P64_16,,object,Int64,cast_to_integer_nullable,True,False,Bronze SISMEPRE + silver_rules_sismepre.yaml,
municipalidades_2022,P64_16_1,P64_16_1,,object,Int64,cast_to_integer_nullable,True,False,Bronze SISMEPRE + silver_rules_sismepre.yaml,
municipalidades_2022,P64_17,P64_17,,object,Int64,cast_to_integer_nullable,True,False,Bronze SISMEPRE + silver_rules_sismepre.yaml,
municipalidades_2022,P64_17_1,P64_17_1,,object,Int64,cast_to_integer_nullable,True,False,Bronze SISMEPRE + silver_rules_sismepre.yaml,
municipalidades_2022,P64_18,P64_18,,object,Int64,cast_to_integer_nullable,True,False,Bronze SISMEPRE + silver_rules_sismepre.yaml,
municipalidades_2022,P64_18_1,P64_18_1,,object,Int64,cast_to_integer_nullable,True,False,Bronze SISMEPRE + silver_rules_sismepre.yaml,
municipalidades_2022,P64_18_O,P64_18_O,,object,object,kept_without_explicit_rule,True,False,Bronze SISMEPRE + silver_rules_sismepre.yaml,
municipalidades_2022,P64_19,P64_19,,object,Int64,cast_to_integer_nullable,True,False,Bronze SISMEPRE + silver_rules_sismepre.yaml,
municipalidades_2022,P64_19_1,P64_19_1,,object,Int64,cast_to_integer_nullable,True,False,Bronze SISMEPRE + silver_rules_sismepre.yaml,
municipalidades_2022,P66_1,P66_1,,object,Int64,cast_to_integer_nullable,True,False,Bronze SISMEPRE + silver_rules_sismepre.yaml,
municipalidades_2022,P66_1_1,P66_1_1,,object,Int64,cast_to_integer_nullable,True,False,Bronze SISMEPRE + silver_rules_sismepre.yaml,
municipalidades_2022,P66_2,P66_2,,object,Int64,cast_to_integer_nullable,True,False,Bronze SISMEPRE + silver_rules_sismepre.yaml,
municipalidades_2022,P66_2_1,P66_2_1,,object,Int64,cast_to_integer_nullable,True,False,Bronze SISMEPRE + silver_rules_sismepre.yaml,
municipalidades_2022,P66_3,P66_3,,object,Int64,cast_to_integer_nullable,True,False,Bronze SISMEPRE + silver_rules_sismepre.yaml,
municipalidades_2022,P66_3_1,P66_3_1,,object,Int64,cast_to_integer_nullable,True,False,Bronze SISMEPRE + silver_rules_sismepre.yaml,
municipalidades_2022,P66_4,P66_4,,object,Int64,cast_to_integer_nullable,True,False,Bronze SISMEPRE + silver_rules_sismepre.yaml,
municipalidades_2022,P66_4_1,P66_4_1,,object,Int64,cast_to_integer_nullable,True,False,Bronze SISMEPRE + silver_rules_sismepre.yaml,
municipalidades_2022,P66_5,P66_5,,object,Int64,cast_to_integer_nullable,True,False,Bronze SISMEPRE + silver_rules_sismepre.yaml,
municipalidades_2022,P66_5_1,P66_5_1,,object,Int64,cast_to_integer_nullable,True,False,Bronze SISMEPRE + silver_rules_sismepre.yaml,
municipalidades_2022,P66_6,P66_6,,object,Int64,cast_to_integer_nullable,True,False,Bronze SISMEPRE + silver_rules_sismepre.yaml,
municipalidades_2022,P66_6_1,P66_6_1,,object,object,kept_without_explicit_rule,True,False,Bronze SISMEPRE + silver_rules_sismepre.yaml,
municipalidades_2022,P66_7,P66_7,,object,Int64,cast_to_integer_nullable,True,False,Bronze SISMEPRE + silver_rules_sismepre.yaml,
municipalidades_2022,P66_7_1,P66_7_1,,object,Int64,cast_to_integer_nullable,True,False,Bronze SISMEPRE + silver_rules_sismepre.yaml,
municipalidades_2022,P66_8,P66_8,,object,Int64,cast_to_integer_nullable,True,False,Bronze SISMEPRE + silver_rules_sismepre.yaml,
municipalidades_2022,P66_8_1,P66_8_1,,object,Int64,cast_to_integer_nullable,True,False,Bronze SISMEPRE + silver_rules_sismepre.yaml,
municipalidades_2022,P66_9,P66_9,,object,Int64,cast_to_integer_nullable,True,False,Bronze SISMEPRE + silver_rules_sismepre.yaml,
municipalidades_2022,P66_9_1,P66_9_1,,object,Int64,cast_to_integer_nullable,True,False,Bronze SISMEPRE + silver_rules_sismepre.yaml,
municipalidades_2022,P66_10,P66_10,,object,Int64,cast_to_integer_nullable,True,False,Bronze SISMEPRE + silver_rules_sismepre.yaml,
municipalidades_2022,P66_10_1,P66_10_1,,object,Int64,cast_to_integer_nullable,True,False,Bronze SISMEPRE + silver_rules_sismepre.yaml,
municipalidades_2022,P67_1,P67_1,,object,object,kept_without_explicit_rule,False,False,Bronze SISMEPRE + silver_rules_sismepre.yaml,
municipalidades_2022,P67_2,P67_2,,object,Int64,cast_to_integer_nullable,False,False,Bronze SISMEPRE + silver_rules_sismepre.yaml,
municipalidades_2022,P67_3,P67_3,,object,Int64,cast_to_integer_nullable,False,False,Bronze SISMEPRE + silver_rules_sismepre.yaml,
municipalidades_2022,P67_4,P67_4,,object,Int64,cast_to_integer_nullable,False,False,Bronze SISMEPRE + silver_rules_sismepre.yaml,
municipalidades_2022,P67_5,P67_5,,object,Int64,cast_to_integer_nullable,False,False,Bronze SISMEPRE + silver_rules_sismepre.yaml,
municipalidades_2022,P67_6,P67_6,,object,Int64,cast_to_integer_nullable,False,False,Bronze SISMEPRE + silver_rules_sismepre.yaml,
municipalidades_2022,P67_7,P67_7,,object,Int64,cast_to_integer_nullable,False,False,Bronze SISMEPRE + silver_rules_sismepre.yaml,
municipalidades_2022,P67_8,P67_8,,object,Int64,cast_to_integer_nullable,False,False,Bronze SISMEPRE + silver_rules_sismepre.yaml,
municipalidades_2022,P67_9,P67_9,,object,Int64,cast_to_integer_nullable,False,False,Bronze SISMEPRE + silver_rules_sismepre.yaml,
municipalidades_2022,P67_10,P67_10,,object,Int64,cast_to_integer_nullable,False,False,Bronze SISMEPRE + silver_rules_sismepre.yaml,
municipalidades_2022,P67_11,P67_11,,object,Int64,cast_to_integer_nullable,False,False,Bronze SISMEPRE + silver_rules_sismepre.yaml,
municipalidades_2022,P67_11_O,P67_11_O,,object,object,kept_without_explicit_rule,True,False,Bronze SISMEPRE + silver_rules_sismepre.yaml,
municipalidades_2022,P67_12,P67_12,,object,Int64,cast_to_integer_nullable,False,False,Bronze SISMEPRE + silver_rules_sismepre.yaml,
municipalidades_2022,P68_1,P68_1,,object,object,kept_without_explicit_rule,False,False,Bronze SISMEPRE + silver_rules_sismepre.yaml,
municipalidades_2022,P68_2,P68_2,,object,Int64,cast_to_integer_nullable,False,False,Bronze SISMEPRE + silver_rules_sismepre.yaml,
municipalidades_2022,P68_3,P68_3,,object,Int64,cast_to_integer_nullable,False,False,Bronze SISMEPRE + silver_rules_sismepre.yaml,
municipalidades_2022,P68_4,P68_4,,object,Int64,cast_to_integer_nullable,False,False,Bronze SISMEPRE + silver_rules_sismepre.yaml,
municipalidades_2022,P68_5,P68_5,,object,Int64,cast_to_integer_nullable,False,False,Bronze SISMEPRE + silver_rules_sismepre.yaml,
municipalidades_2022,P68_6,P68_6,,object,Int64,cast_to_integer_nullable,False,False,Bronze SISMEPRE + silver_rules_sismepre.yaml,
municipalidades_2022,P68_7,P68_7,,object,Int64,cast_to_integer_nullable,False,False,Bronze SISMEPRE + silver_rules_sismepre.yaml,
municipalidades_2022,P68_10,P68_10,,object,Int64,cast_to_integer_nullable,False,False,Bronze SISMEPRE + silver_rules_sismepre.yaml,
municipalidades_2022,P68_11,P68_11,,object,Int64,cast_to_integer_nullable,False,False,Bronze SISMEPRE + silver_rules_sismepre.yaml,
municipalidades_2022,P68_8,P68_8,,object,Int64,cast_to_integer_nullable,False,False,Bronze SISMEPRE + silver_rules_sismepre.yaml,
municipalidades_2022,P68_8_O,P68_8_O,,object,object,kept_without_explicit_rule,True,False,Bronze SISMEPRE + silver_rules_sismepre.yaml,
municipalidades_2022,P68_9,P68_9,,object,Int64,cast_to_integer_nullable,False,False,Bronze SISMEPRE + silver_rules_sismepre.yaml,
municipalidades_2022,P69_1,P69_1,,object,Int64,cast_to_integer_nullable,False,False,Bronze SISMEPRE + silver_rules_sismepre.yaml,
municipalidades_2022,P69_1_T,P69_1_T,,object,Int64,cast_to_integer_nullable,True,False,Bronze SISMEPRE + silver_rules_sismepre.yaml,
municipalidades_2022,P69_1_M,P69_1_M,,object,Int64,cast_to_integer_nullable,True,False,Bronze SISMEPRE + silver_rules_sismepre.yaml,
municipalidades_2022,P69_1_H,P69_1_H,,object,Int64,cast_to_integer_nullable,True,False,Bronze SISMEPRE + silver_rules_sismepre.yaml,
municipalidades_2022,P69_2,P69_2,,object,Int64,cast_to_integer_nullable,False,False,Bronze SISMEPRE + silver_rules_sismepre.yaml,
municipalidades_2022,P69_2_T,P69_2_T,,object,Int64,cast_to_integer_nullable,True,False,Bronze SISMEPRE + silver_rules_sismepre.yaml,
municipalidades_2022,P69_2_M,P69_2_M,,object,Int64,cast_to_integer_nullable,True,False,Bronze SISMEPRE + silver_rules_sismepre.yaml,
municipalidades_2022,P69_2_H,P69_2_H,,object,Int64,cast_to_integer_nullable,True,False,Bronze SISMEPRE + silver_rules_sismepre.yaml,
municipalidades_2022,P70_1,P70_1,,object,Int64,cast_to_integer_nullable,True,False,Bronze SISMEPRE + silver_rules_sismepre.yaml,
municipalidades_2022,P70A_1_1,P70A_1_1,,object,Int64,cast_to_integer_nullable,True,False,Bronze SISMEPRE + silver_rules_sismepre.yaml,
municipalidades_2022,P70A_1_2,P70A_1_2,,object,Int64,cast_to_integer_nullable,True,False,Bronze SISMEPRE + silver_rules_sismepre.yaml,
municipalidades_2022,P70A_1_3,P70A_1_3,,object,Int64,cast_to_integer_nullable,True,False,Bronze SISMEPRE + silver_rules_sismepre.yaml,
municipalidades_2022,P70_2,P70_2,,object,Int64,cast_to_integer_nullable,True,False,Bronze SISMEPRE + silver_rules_sismepre.yaml,
municipalidades_2022,P70A_2_1,P70A_2_1,,object,Int64,cast_to_integer_nullable,True,False,Bronze SISMEPRE + silver_rules_sismepre.yaml,
municipalidades_2022,P70A_2_2,P70A_2_2,,object,Int64,cast_to_integer_nullable,True,False,Bronze SISMEPRE + silver_rules_sismepre.yaml,
municipalidades_2022,P70A_2_3,P70A_2_3,,object,Int64,cast_to_integer_nullable,True,False,Bronze SISMEPRE + silver_rules_sismepre.yaml,
municipalidades_2022,P70_3,P70_3,,object,Int64,cast_to_integer_nullable,True,False,Bronze SISMEPRE + silver_rules_sismepre.yaml,
municipalidades_2022,P70A_3_1,P70A_3_1,,object,Int64,cast_to_integer_nullable,True,False,Bronze SISMEPRE + silver_rules_sismepre.yaml,
municipalidades_2022,P70A_3_2,P70A_3_2,,object,Int64,cast_to_integer_nullable,True,False,Bronze SISMEPRE + silver_rules_sismepre.yaml,
municipalidades_2022,P70A_3_3,P70A_3_3,,object,Int64,cast_to_integer_nullable,True,False,Bronze SISMEPRE + silver_rules_sismepre.yaml,
municipalidades_2022,P70_4,P70_4,,object,Int64,cast_to_integer_nullable,True,False,Bronze SISMEPRE + silver_rules_sismepre.yaml,
municipalidades_2022,P70A_4_1,P70A_4_1,,object,Int64,cast_to_integer_nullable,True,False,Bronze SISMEPRE + silver_rules_sismepre.yaml,
municipalidades_2022,P70A_4_2,P70A_4_2,,object,Int64,cast_to_integer_nullable,True,False,Bronze SISMEPRE + silver_rules_sismepre.yaml,
municipalidades_2022,P70A_4_3,P70A_4_3,,object,Int64,cast_to_integer_nullable,True,False,Bronze SISMEPRE + silver_rules_sismepre.yaml,
municipalidades_2022,P70_5,P70_5,,object,Int64,cast_to_integer_nullable,True,False,Bronze SISMEPRE + silver_rules_sismepre.yaml,
municipalidades_2022,P70A_5_1,P70A_5_1,,object,Int64,cast_to_integer_nullable,True,False,Bronze SISMEPRE + silver_rules_sismepre.yaml,
municipalidades_2022,P70A_5_2,P70A_5_2,,object,Int64,cast_to_integer_nullable,True,False,Bronze SISMEPRE + silver_rules_sismepre.yaml,
municipalidades_2022,P70A_5_3,P70A_5_3,,object,Int64,cast_to_integer_nullable,True,False,Bronze SISMEPRE + silver_rules_sismepre.yaml,
municipalidades_2022,P70A_5_O,P70A_5_O,,object,object,kept_without_explicit_rule,True,False,Bronze SISMEPRE + silver_rules_sismepre.yaml,
municipalidades_2022,P70_6,P70_6,,object,Int64,cast_to_integer_nullable,True,False,Bronze SISMEPRE + silver_rules_sismepre.yaml,
municipalidades_2022,P70A_6_1,P70A_6_1,,object,Int64,cast_to_integer_nullable,True,False,Bronze SISMEPRE + silver_rules_sismepre.yaml,
municipalidades_2022,P70A_6_2,P70A_6_2,,object,Int64,cast_to_integer_nullable,True,False,Bronze SISMEPRE + silver_rules_sismepre.yaml,
municipalidades_2022,P70A_6_3,P70A_6_3,,object,Int64,cast_to_integer_nullable,True,False,Bronze SISMEPRE + silver_rules_sismepre.yaml,
municipalidades_2022,P70_7,P70_7,,object,Int64,cast_to_integer_nullable,True,False,Bronze SISMEPRE + silver_rules_sismepre.yaml,
municipalidades_2022,P70A_7_1,P70A_7_1,,object,Int64,cast_to_integer_nullable,True,False,Bronze SISMEPRE + silver_rules_sismepre.yaml,
municipalidades_2022,P70A_7_2,P70A_7_2,,object,Int64,cast_to_integer_nullable,True,False,Bronze SISMEPRE + silver_rules_sismepre.yaml,
municipalidades_2022,P70A_7_3,P70A_7_3,,object,Int64,cast_to_integer_nullable,True,False,Bronze SISMEPRE + silver_rules_sismepre.yaml,
municipalidades_2022,P70_8,P70_8,,object,Int64,cast_to_integer_nullable,True,False,Bronze SISMEPRE + silver_rules_sismepre.yaml,
municipalidades_2022,P70A_8_1,P70A_8_1,,object,Int64,cast_to_integer_nullable,True,False,Bronze SISMEPRE + silver_rules_sismepre.yaml,
municipalidades_2022,P70A_8_2,P70A_8_2,,object,Int64,cast_to_integer_nullable,True,False,Bronze SISMEPRE + silver_rules_sismepre.yaml,
municipalidades_2022,P70A_8_3,P70A_8_3,,object,Int64,cast_to_integer_nullable,True,False,Bronze SISMEPRE + silver_rules_sismepre.yaml,
municipalidades_2022,P70A_8_O,P70A_8_O,,object,object,kept_without_explicit_rule,True,False,Bronze SISMEPRE + silver_rules_sismepre.yaml,
municipalidades_2022,P70_9,P70_9,,object,Int64,cast_to_integer_nullable,True,False,Bronze SISMEPRE + silver_rules_sismepre.yaml,
municipalidades_2022,P70A_9_1,P70A_9_1,,object,Int64,cast_to_integer_nullable,True,False,Bronze SISMEPRE + silver_rules_sismepre.yaml,
municipalidades_2022,P70A_9_2,P70A_9_2,,object,Int64,cast_to_integer_nullable,True,False,Bronze SISMEPRE + silver_rules_sismepre.yaml,
municipalidades_2022,P70A_9_3,P70A_9_3,,object,Int64,cast_to_integer_nullable,True,False,Bronze SISMEPRE + silver_rules_sismepre.yaml,
municipalidades_2022,P70_10,P70_10,,object,Int64,cast_to_integer_nullable,True,False,Bronze SISMEPRE + silver_rules_sismepre.yaml,
municipalidades_2022,P70A_10_1,P70A_10_1,,object,Int64,cast_to_integer_nullable,True,False,Bronze SISMEPRE + silver_rules_sismepre.yaml,
municipalidades_2022,P70A_10_2,P70A_10_2,,object,Int64,cast_to_integer_nullable,True,False,Bronze SISMEPRE + silver_rules_sismepre.yaml,
municipalidades_2022,P70A_10_3,P70A_10_3,,object,Int64,cast_to_integer_nullable,True,False,Bronze SISMEPRE + silver_rules_sismepre.yaml,
municipalidades_2022,P70_11,P70_11,,object,Int64,cast_to_integer_nullable,True,False,Bronze SISMEPRE + silver_rules_sismepre.yaml,
municipalidades_2022,P70A_11_1,P70A_11_1,,object,Int64,cast_to_integer_nullable,True,False,Bronze SISMEPRE + silver_rules_sismepre.yaml,
municipalidades_2022,P70A_11_2,P70A_11_2,,object,Int64,cast_to_integer_nullable,True,False,Bronze SISMEPRE + silver_rules_sismepre.yaml,
municipalidades_2022,P70A_11_3,P70A_11_3,,object,object,kept_without_explicit_rule,True,False,Bronze SISMEPRE + silver_rules_sismepre.yaml,
municipalidades_2022,P70A_11_O,P70A_11_O,,object,object,kept_without_explicit_rule,True,False,Bronze SISMEPRE + silver_rules_sismepre.yaml,
municipalidades_2022,P70_12,P70_12,,object,Int64,cast_to_integer_nullable,True,False,Bronze SISMEPRE + silver_rules_sismepre.yaml,
municipalidades_2022,P70A_12_1,P70A_12_1,,object,Int64,cast_to_integer_nullable,True,False,Bronze SISMEPRE + silver_rules_sismepre.yaml,
municipalidades_2022,P70_13,P70_13,,object,Int64,cast_to_integer_nullable,True,False,Bronze SISMEPRE + silver_rules_sismepre.yaml,
municipalidades_2022,P70A_13_1,P70A_13_1,,object,Int64,cast_to_integer_nullable,True,False,Bronze SISMEPRE + silver_rules_sismepre.yaml,
municipalidades_2022,P70_14,P70_14,,object,Int64,cast_to_integer_nullable,True,False,Bronze SISMEPRE + silver_rules_sismepre.yaml,
municipalidades_2022,P70A_14_1,P70A_14_1,,object,Int64,cast_to_integer_nullable,True,False,Bronze SISMEPRE + silver_rules_sismepre.yaml,
municipalidades_2022,P70_15,P70_15,,object,Int64,cast_to_integer_nullable,True,False,Bronze SISMEPRE + silver_rules_sismepre.yaml,
municipalidades_2022,P70A_15_1,P70A_15_1,,object,Int64,cast_to_integer_nullable,True,False,Bronze SISMEPRE + silver_rules_sismepre.yaml,
municipalidades_2022,P70_16,P70_16,,object,Int64,cast_to_integer_nullable,True,False,Bronze SISMEPRE + silver_rules_sismepre.yaml,
municipalidades_2022,P70A_16_1,P70A_16_1,,object,Int64,cast_to_integer_nullable,True,False,Bronze SISMEPRE + silver_rules_sismepre.yaml,
municipalidades_2022,P70A_16_O,P70A_16_O,,object,object,kept_without_explicit_rule,True,False,Bronze SISMEPRE + silver_rules_sismepre.yaml,
municipalidades_2022,P71,P71,,object,object,kept_without_explicit_rule,True,False,Bronze SISMEPRE + silver_rules_sismepre.yaml,
municipalidades_2022,P71_1,P71_1,,object,Int64,cast_to_integer_nullable,True,False,Bronze SISMEPRE + silver_rules_sismepre.yaml,
municipalidades_2022,P71A_1,P71A_1,,object,Int64,cast_to_integer_nullable,True,False,Bronze SISMEPRE + silver_rules_sismepre.yaml,
municipalidades_2022,P71_2,P71_2,,object,Int64,cast_to_integer_nullable,True,False,Bronze SISMEPRE + silver_rules_sismepre.yaml,
municipalidades_2022,P71A_2,P71A_2,,object,Int64,cast_to_integer_nullable,True,False,Bronze SISMEPRE + silver_rules_sismepre.yaml,
municipalidades_2022,P71_3,P71_3,,object,Int64,cast_to_integer_nullable,True,False,Bronze SISMEPRE + silver_rules_sismepre.yaml,
municipalidades_2022,P71A_3,P71A_3,,object,Int64,cast_to_integer_nullable,True,False,Bronze SISMEPRE + silver_rules_sismepre.yaml,
municipalidades_2022,P71_4,P71_4,,object,Int64,cast_to_integer_nullable,True,False,Bronze SISMEPRE + silver_rules_sismepre.yaml,
municipalidades_2022,P71A_4,P71A_4,,object,Int64,cast_to_integer_nullable,True,False,Bronze SISMEPRE + silver_rules_sismepre.yaml,
municipalidades_2022,P71_5,P71_5,,object,Int64,cast_to_integer_nullable,True,False,Bronze SISMEPRE + silver_rules_sismepre.yaml,
municipalidades_2022,P71A_5,P71A_5,,object,Int64,cast_to_integer_nullable,True,False,Bronze SISMEPRE + silver_rules_sismepre.yaml,
municipalidades_2022,P71_6,P71_6,,object,Int64,cast_to_integer_nullable,True,False,Bronze SISMEPRE + silver_rules_sismepre.yaml,
municipalidades_2022,P71A_6,P71A_6,,object,Int64,cast_to_integer_nullable,True,False,Bronze SISMEPRE + silver_rules_sismepre.yaml,
municipalidades_2022,P71_7,P71_7,,object,Int64,cast_to_integer_nullable,True,False,Bronze SISMEPRE + silver_rules_sismepre.yaml,
municipalidades_2022,P71A_7,P71A_7,,object,Int64,cast_to_integer_nullable,True,False,Bronze SISMEPRE + silver_rules_sismepre.yaml,
municipalidades_2022,P71_8,P71_8,,object,Int64,cast_to_integer_nullable,True,False,Bronze SISMEPRE + silver_rules_sismepre.yaml,
municipalidades_2022,P71A_8,P71A_8,,object,Int64,cast_to_integer_nullable,True,False,Bronze SISMEPRE + silver_rules_sismepre.yaml,
municipalidades_2022,P71_9,P71_9,,object,Int64,cast_to_integer_nullable,True,False,Bronze SISMEPRE + silver_rules_sismepre.yaml,
municipalidades_2022,P71A_9,P71A_9,,object,Int64,cast_to_integer_nullable,True,False,Bronze SISMEPRE + silver_rules_sismepre.yaml,
municipalidades_2022,P71_10,P71_10,,object,Int64,cast_to_integer_nullable,True,False,Bronze SISMEPRE + silver_rules_sismepre.yaml,
municipalidades_2022,P71A_10,P71A_10,,object,Int64,cast_to_integer_nullable,True,False,Bronze SISMEPRE + silver_rules_sismepre.yaml,
municipalidades_2022,P71_11,P71_11,,object,Int64,cast_to_integer_nullable,True,False,Bronze SISMEPRE + silver_rules_sismepre.yaml,
municipalidades_2022,P71A_11,P71A_11,,object,Int64,cast_to_integer_nullable,True,False,Bronze SISMEPRE + silver_rules_sismepre.yaml,
municipalidades_2022,P71_12,P71_12,,object,Int64,cast_to_integer_nullable,True,False,Bronze SISMEPRE + silver_rules_sismepre.yaml,
municipalidades_2022,P71A_12,P71A_12,,object,Int64,cast_to_integer_nullable,True,False,Bronze SISMEPRE + silver_rules_sismepre.yaml,
municipalidades_2022,P71A_12_O,P71A_12_O,,object,object,kept_without_explicit_rule,True,False,Bronze SISMEPRE + silver_rules_sismepre.yaml,
municipalidades_2022,P72A,P72A,,object,Int64,cast_to_integer_nullable,True,False,Bronze SISMEPRE + silver_rules_sismepre.yaml,
municipalidades_2022,P72A_1,P72A_1,,object,Int64,cast_to_integer_nullable,True,False,Bronze SISMEPRE + silver_rules_sismepre.yaml,
municipalidades_2022,P72A_2,P72A_2,,object,Int64,cast_to_integer_nullable,True,False,Bronze SISMEPRE + silver_rules_sismepre.yaml,
municipalidades_2022,P72B,P72B,,object,Int64,cast_to_integer_nullable,True,False,Bronze SISMEPRE + silver_rules_sismepre.yaml,
municipalidades_2022,P72B_1,P72B_1,,object,Int64,cast_to_integer_nullable,True,False,Bronze SISMEPRE + silver_rules_sismepre.yaml,
municipalidades_2022,P73_1,P73_1,,object,object,kept_without_explicit_rule,True,False,Bronze SISMEPRE + silver_rules_sismepre.yaml,
municipalidades_2022,P73_2,P73_2,,object,Int64,cast_to_integer_nullable,True,False,Bronze SISMEPRE + silver_rules_sismepre.yaml,
municipalidades_2022,P73_3,P73_3,,object,Int64,cast_to_integer_nullable,True,False,Bronze SISMEPRE + silver_rules_sismepre.yaml,
municipalidades_2022,P73_4,P73_4,,object,Int64,cast_to_integer_nullable,True,False,Bronze SISMEPRE + silver_rules_sismepre.yaml,
municipalidades_2022,P73_4_O,P73_4_O,,object,object,kept_without_explicit_rule,True,False,Bronze SISMEPRE + silver_rules_sismepre.yaml,
municipalidades_2022,P74,P74,,object,Int64,cast_to_integer_nullable,True,False,Bronze SISMEPRE + silver_rules_sismepre.yaml,
municipalidades_2022,P75,P75,,object,Int64,cast_to_integer_nullable,False,False,Bronze SISMEPRE + silver_rules_sismepre.yaml,
municipalidades_2022,P76_1,P76_1,,object,Int64,cast_to_integer_nullable,True,False,Bronze SISMEPRE + silver_rules_sismepre.yaml,
municipalidades_2022,P76A_1,P76A_1,,object,Int64,cast_to_integer_nullable,True,False,Bronze SISMEPRE + silver_rules_sismepre.yaml,
municipalidades_2022,P76_2,P76_2,,object,Int64,cast_to_integer_nullable,True,False,Bronze SISMEPRE + silver_rules_sismepre.yaml,
municipalidades_2022,P76A_2,P76A_2,,object,Int64,cast_to_integer_nullable,True,False,Bronze SISMEPRE + silver_rules_sismepre.yaml,
municipalidades_2022,P76_3,P76_3,,object,Int64,cast_to_integer_nullable,True,False,Bronze SISMEPRE + silver_rules_sismepre.yaml,
municipalidades_2022,P76A_3,P76A_3,,object,Int64,cast_to_integer_nullable,True,False,Bronze SISMEPRE + silver_rules_sismepre.yaml,
municipalidades_2022,P76_4,P76_4,,object,Int64,cast_to_integer_nullable,True,False,Bronze SISMEPRE + silver_rules_sismepre.yaml,
municipalidades_2022,P76A_4,P76A_4,,object,Int64,cast_to_integer_nullable,True,False,Bronze SISMEPRE + silver_rules_sismepre.yaml,
municipalidades_2022,P76_5,P76_5,,object,Int64,cast_to_integer_nullable,True,False,Bronze SISMEPRE + silver_rules_sismepre.yaml,
municipalidades_2022,P76A_5,P76A_5,,object,Int64,cast_to_integer_nullable,True,False,Bronze SISMEPRE + silver_rules_sismepre.yaml,
municipalidades_2022,P76_6,P76_6,,object,Int64,cast_to_integer_nullable,True,False,Bronze SISMEPRE + silver_rules_sismepre.yaml,
municipalidades_2022,P76_7,P76_7,,object,Int64,cast_to_integer_nullable,True,False,Bronze SISMEPRE + silver_rules_sismepre.yaml,
municipalidades_2022,P77_1,P77_1,,object,object,kept_without_explicit_rule,True,False,Bronze SISMEPRE + silver_rules_sismepre.yaml,
municipalidades_2022,P77_2,P77_2,,object,Int64,cast_to_integer_nullable,True,False,Bronze SISMEPRE + silver_rules_sismepre.yaml,
municipalidades_2022,P77_3,P77_3,,object,Int64,cast_to_integer_nullable,True,False,Bronze SISMEPRE + silver_rules_sismepre.yaml,
municipalidades_2022,P77_4,P77_4,,object,Int64,cast_to_integer_nullable,True,False,Bronze SISMEPRE + silver_rules_sismepre.yaml,
municipalidades_2022,P78_1,P78_1,,object,object,kept_without_explicit_rule,True,False,Bronze SISMEPRE + silver_rules_sismepre.yaml,
municipalidades_2022,P78_2,P78_2,,object,Int64,cast_to_integer_nullable,True,False,Bronze SISMEPRE + silver_rules_sismepre.yaml,
municipalidades_2022,P78_3,P78_3,,object,Int64,cast_to_integer_nullable,True,False,Bronze SISMEPRE + silver_rules_sismepre.yaml,
municipalidades_2022,P78_4,P78_4,,object,Int64,cast_to_integer_nullable,True,False,Bronze SISMEPRE + silver_rules_sismepre.yaml,
municipalidades_2022,P78_4_O,P78_4_O,,object,object,kept_without_explicit_rule,True,False,Bronze SISMEPRE + silver_rules_sismepre.yaml,
municipalidades_2022,P78_5,P78_5,,object,Int64,cast_to_integer_nullable,True,False,Bronze SISMEPRE + silver_rules_sismepre.yaml,
municipalidades_2022,P79_1,P79_1,,object,Int64,cast_to_integer_nullable,False,False,Bronze SISMEPRE + silver_rules_sismepre.yaml,
municipalidades_2022,P79A_1_1,P79A_1_1,,object,Int64,cast_to_integer_nullable,True,False,Bronze SISMEPRE + silver_rules_sismepre.yaml,
municipalidades_2022,P79A_1_2,P79A_1_2,,object,Int64,cast_to_integer_nullable,True,False,Bronze SISMEPRE + silver_rules_sismepre.yaml,
municipalidades_2022,P79_2,P79_2,,object,Int64,cast_to_integer_nullable,False,False,Bronze SISMEPRE + silver_rules_sismepre.yaml,
municipalidades_2022,P79A_2_1,P79A_2_1,,object,Int64,cast_to_integer_nullable,True,False,Bronze SISMEPRE + silver_rules_sismepre.yaml,
municipalidades_2022,P79A_2_2,P79A_2_2,,object,Int64,cast_to_integer_nullable,True,False,Bronze SISMEPRE + silver_rules_sismepre.yaml,
municipalidades_2022,P79_3,P79_3,,object,Int64,cast_to_integer_nullable,False,False,Bronze SISMEPRE + silver_rules_sismepre.yaml,
municipalidades_2022,P79A_3_1,P79A_3_1,,object,Int64,cast_to_integer_nullable,True,False,Bronze SISMEPRE + silver_rules_sismepre.yaml,
municipalidades_2022,P79A_3_2,P79A_3_2,,object,Int64,cast_to_integer_nullable,True,False,Bronze SISMEPRE + silver_rules_sismepre.yaml,
municipalidades_2022,P79_4,P79_4,,object,Int64,cast_to_integer_nullable,False,False,Bronze SISMEPRE + silver_rules_sismepre.yaml,
municipalidades_2022,P79A_4_1,P79A_4_1,,object,Int64,cast_to_integer_nullable,True,False,Bronze SISMEPRE + silver_rules_sismepre.yaml,
municipalidades_2022,P79A_4_2,P79A_4_2,,object,Int64,cast_to_integer_nullable,True,False,Bronze SISMEPRE + silver_rules_sismepre.yaml,
municipalidades_2022,P79_5,P79_5,,object,Int64,cast_to_integer_nullable,False,False,Bronze SISMEPRE + silver_rules_sismepre.yaml,
municipalidades_2022,P79A_5_1,P79A_5_1,,object,Int64,cast_to_integer_nullable,True,False,Bronze SISMEPRE + silver_rules_sismepre.yaml,
municipalidades_2022,P79A_5_2,P79A_5_2,,object,Int64,cast_to_integer_nullable,True,False,Bronze SISMEPRE + silver_rules_sismepre.yaml,
municipalidades_2022,P79A_5_O,P79A_5_O,,object,object,kept_without_explicit_rule,True,False,Bronze SISMEPRE + silver_rules_sismepre.yaml,
municipalidades_2022,P79_6,P79_6,,object,Int64,cast_to_integer_nullable,False,False,Bronze SISMEPRE + silver_rules_sismepre.yaml,
municipalidades_2022,P79A_6_1,P79A_6_1,,object,Int64,cast_to_integer_nullable,True,False,Bronze SISMEPRE + silver_rules_sismepre.yaml,
municipalidades_2022,P79A_6_2,P79A_6_2,,object,Int64,cast_to_integer_nullable,True,False,Bronze SISMEPRE + silver_rules_sismepre.yaml,
municipalidades_2022,P80_1,P80_1,,object,object,kept_without_explicit_rule,False,False,Bronze SISMEPRE + silver_rules_sismepre.yaml,
municipalidades_2022,P80_2,P80_2,,object,Int64,cast_to_integer_nullable,False,False,Bronze SISMEPRE + silver_rules_sismepre.yaml,
municipalidades_2022,P80_3,P80_3,,object,Int64,cast_to_integer_nullable,False,False,Bronze SISMEPRE + silver_rules_sismepre.yaml,
municipalidades_2022,P80_4,P80_4,,object,Int64,cast_to_integer_nullable,False,False,Bronze SISMEPRE + silver_rules_sismepre.yaml,
municipalidades_2022,P80_5,P80_5,,object,Int64,cast_to_integer_nullable,False,False,Bronze SISMEPRE + silver_rules_sismepre.yaml,
municipalidades_2022,P80_6,P80_6,,object,Int64,cast_to_integer_nullable,False,False,Bronze SISMEPRE + silver_rules_sismepre.yaml,
municipalidades_2022,P80_7,P80_7,,object,Int64,cast_to_integer_nullable,False,False,Bronze SISMEPRE + silver_rules_sismepre.yaml,
municipalidades_2022,P80_8,P80_8,,object,Int64,cast_to_integer_nullable,False,False,Bronze SISMEPRE + silver_rules_sismepre.yaml,
municipalidades_2022,P80_9,P80_9,,object,Int64,cast_to_integer_nullable,False,False,Bronze SISMEPRE + silver_rules_sismepre.yaml,
municipalidades_2022,P80_9_O,P80_9_O,,object,object,kept_without_explicit_rule,True,False,Bronze SISMEPRE + silver_rules_sismepre.yaml,
municipalidades_2022,P80_10,P80_10,,object,Int64,cast_to_integer_nullable,False,False,Bronze SISMEPRE + silver_rules_sismepre.yaml,
municipalidades_2022,P84A,P84A,,object,Int64,cast_to_integer_nullable,False,False,Bronze SISMEPRE + silver_rules_sismepre.yaml,
municipalidades_2022,P84A_1A,P84A_1A,,object,Int64,cast_to_integer_nullable,True,False,Bronze SISMEPRE + silver_rules_sismepre.yaml,
municipalidades_2022,P85_1,P85_1,,object,Int64,cast_to_integer_nullable,False,False,Bronze SISMEPRE + silver_rules_sismepre.yaml,
municipalidades_2022,P86_1,P86_1,,object,Int64,cast_to_integer_nullable,True,False,Bronze SISMEPRE + silver_rules_sismepre.yaml,
municipalidades_2022,P87_1,P87_1,,object,Int64,cast_to_integer_nullable,True,False,Bronze SISMEPRE + silver_rules_sismepre.yaml,
municipalidades_2022,P87_2,P87_2,,object,Int64,cast_to_integer_nullable,True,False,Bronze SISMEPRE + silver_rules_sismepre.yaml,
municipalidades_2022,P87_3,P87_3,,object,Int64,cast_to_integer_nullable,True,False,Bronze SISMEPRE + silver_rules_sismepre.yaml,
municipalidades_2022,P87_4,P87_4,,object,Int64,cast_to_integer_nullable,True,False,Bronze SISMEPRE + silver_rules_sismepre.yaml,
municipalidades_2022,P87_5,P87_5,,object,Int64,cast_to_integer_nullable,True,False,Bronze SISMEPRE + silver_rules_sismepre.yaml,
municipalidades_2022,P87_6,P87_6,,object,Int64,cast_to_integer_nullable,True,False,Bronze SISMEPRE + silver_rules_sismepre.yaml,
municipalidades_2022,P87_6_O,P87_6_O,,object,object,kept_without_explicit_rule,True,False,Bronze SISMEPRE + silver_rules_sismepre.yaml,
municipalidades_2022,P87A,P87A,,object,Int64,cast_to_integer_nullable,False,False,Bronze SISMEPRE + silver_rules_sismepre.yaml,
municipalidades_2022,P87A_1A,P87A_1A,,object,Int64,cast_to_integer_nullable,True,False,Bronze SISMEPRE + silver_rules_sismepre.yaml,
municipalidades_2022,P88,P88,,object,Int64,cast_to_integer_nullable,False,False,Bronze SISMEPRE + silver_rules_sismepre.yaml,
municipalidades_2022,P88_1,P88_1,,object,object,kept_without_explicit_rule,True,False,Bronze SISMEPRE + silver_rules_sismepre.yaml,
municipalidades_2022,P88_2,P88_2,,object,Int64,cast_to_integer_nullable,True,False,Bronze SISMEPRE + silver_rules_sismepre.yaml,
municipalidades_2022,P88_3,P88_3,,object,Int64,cast_to_integer_nullable,True,False,Bronze SISMEPRE + silver_rules_sismepre.yaml,
municipalidades_2022,P88_4,P88_4,,object,Int64,cast_to_integer_nullable,True,False,Bronze SISMEPRE + silver_rules_sismepre.yaml,
municipalidades_2022,P88_5,P88_5,,object,Int64,cast_to_integer_nullable,True,False,Bronze SISMEPRE + silver_rules_sismepre.yaml,
municipalidades_2022,P88_6,P88_6,,object,Int64,cast_to_integer_nullable,True,False,Bronze SISMEPRE + silver_rules_sismepre.yaml,
municipalidades_2022,P88_7,P88_7,,object,Int64,cast_to_integer_nullable,True,False,Bronze SISMEPRE + silver_rules_sismepre.yaml,
municipalidades_2022,P88_8,P88_8,,object,Int64,cast_to_integer_nullable,True,False,Bronze SISMEPRE + silver_rules_sismepre.yaml,
municipalidades_2022,P88_8_O,P88_8_O,,object,object,kept_without_explicit_rule,True,False,Bronze SISMEPRE + silver_rules_sismepre.yaml,
municipalidades_2022,P88_9,P88_9,,object,Int64,cast_to_integer_nullable,True,False,Bronze SISMEPRE + silver_rules_sismepre.yaml,
municipalidades_2022,P89,P89,,object,Int64,cast_to_integer_nullable,False,False,Bronze SISMEPRE + silver_rules_sismepre.yaml,
municipalidades_2022,P89_1,P89_1,,object,object,kept_without_explicit_rule,True,False,Bronze SISMEPRE + silver_rules_sismepre.yaml,
municipalidades_2022,P89_2,P89_2,,object,Int64,cast_to_integer_nullable,True,False,Bronze SISMEPRE + silver_rules_sismepre.yaml,
municipalidades_2022,P89_3,P89_3,,object,Int64,cast_to_integer_nullable,True,False,Bronze SISMEPRE + silver_rules_sismepre.yaml,
municipalidades_2022,P89_4,P89_4,,object,Int64,cast_to_integer_nullable,True,False,Bronze SISMEPRE + silver_rules_sismepre.yaml,
municipalidades_2022,P89_5,P89_5,,object,Int64,cast_to_integer_nullable,True,False,Bronze SISMEPRE + silver_rules_sismepre.yaml,
municipalidades_2022,P89_5_O,P89_5_O,,object,object,kept_without_explicit_rule,True,False,Bronze SISMEPRE + silver_rules_sismepre.yaml,
municipalidades_2022,P89_6,P89_6,,object,Int64,cast_to_integer_nullable,True,False,Bronze SISMEPRE + silver_rules_sismepre.yaml,
municipalidades_2022,P90_1,P90_1,,object,object,kept_without_explicit_rule,True,False,Bronze SISMEPRE + silver_rules_sismepre.yaml,
municipalidades_2022,P90_2,P90_2,,object,Int64,cast_to_integer_nullable,True,False,Bronze SISMEPRE + silver_rules_sismepre.yaml,
municipalidades_2022,P90A_2,P90A_2,,object,Int64,cast_to_integer_nullable,True,False,Bronze SISMEPRE + silver_rules_sismepre.yaml,
municipalidades_2022,P90_3,P90_3,,object,Int64,cast_to_integer_nullable,True,False,Bronze SISMEPRE + silver_rules_sismepre.yaml,
municipalidades_2022,P90_4,P90_4,,object,Int64,cast_to_integer_nullable,True,False,Bronze SISMEPRE + silver_rules_sismepre.yaml,
municipalidades_2022,P90_5,P90_5,,object,Int64,cast_to_integer_nullable,True,False,Bronze SISMEPRE + silver_rules_sismepre.yaml,
municipalidades_2022,P90_6,P90_6,,object,Int64,cast_to_integer_nullable,True,False,Bronze SISMEPRE + silver_rules_sismepre.yaml,
municipalidades_2022,P90_6_O,P90_6_O,,object,object,kept_without_explicit_rule,True,False,Bronze SISMEPRE + silver_rules_sismepre.yaml,
municipalidades_2022,P90_7,P90_7,,object,Int64,cast_to_integer_nullable,True,False,Bronze SISMEPRE + silver_rules_sismepre.yaml,
municipalidades_2022,P94_1,P94_1,,object,object,kept_without_explicit_rule,False,False,Bronze SISMEPRE + silver_rules_sismepre.yaml,
municipalidades_2022,P94_2,P94_2,,object,Int64,cast_to_integer_nullable,False,False,Bronze SISMEPRE + silver_rules_sismepre.yaml,
municipalidades_2022,P94_3,P94_3,,object,Int64,cast_to_integer_nullable,False,False,Bronze SISMEPRE + silver_rules_sismepre.yaml,
municipalidades_2022,P94_4,P94_4,,object,Int64,cast_to_integer_nullable,False,False,Bronze SISMEPRE + silver_rules_sismepre.yaml,
municipalidades_2022,P94_5,P94_5,,object,Int64,cast_to_integer_nullable,False,False,Bronze SISMEPRE + silver_rules_sismepre.yaml,
municipalidades_2022,P94_6,P94_6,,object,Int64,cast_to_integer_nullable,False,False,Bronze SISMEPRE + silver_rules_sismepre.yaml,
municipalidades_2022,P94_7,P94_7,,object,Int64,cast_to_integer_nullable,False,False,Bronze SISMEPRE + silver_rules_sismepre.yaml,
municipalidades_2022,P94_7_O,P94_7_O,,object,object,kept_without_explicit_rule,True,False,Bronze SISMEPRE + silver_rules_sismepre.yaml,
municipalidades_2022,P94_8,P94_8,,object,Int64,cast_to_integer_nullable,False,False,Bronze SISMEPRE + silver_rules_sismepre.yaml,
municipalidades_2022,P94_9,P94_9,,object,Int64,cast_to_integer_nullable,False,False,Bronze SISMEPRE + silver_rules_sismepre.yaml,
municipalidades_2022,P95_1,P95_1,,object,object,kept_without_explicit_rule,False,False,Bronze SISMEPRE + silver_rules_sismepre.yaml,
municipalidades_2022,P95_2,P95_2,,object,Int64,cast_to_integer_nullable,False,False,Bronze SISMEPRE + silver_rules_sismepre.yaml,
municipalidades_2022,P95_3,P95_3,,object,Int64,cast_to_integer_nullable,False,False,Bronze SISMEPRE + silver_rules_sismepre.yaml,
municipalidades_2022,P95_4,P95_4,,object,Int64,cast_to_integer_nullable,False,False,Bronze SISMEPRE + silver_rules_sismepre.yaml,
municipalidades_2022,P95_5,P95_5,,object,Int64,cast_to_integer_nullable,False,False,Bronze SISMEPRE + silver_rules_sismepre.yaml,
municipalidades_2022,P95_5_O,P95_5_O,,object,object,kept_without_explicit_rule,True,False,Bronze SISMEPRE + silver_rules_sismepre.yaml,
municipalidades_2022,P95_6,P95_6,,object,Int64,cast_to_integer_nullable,False,False,Bronze SISMEPRE + silver_rules_sismepre.yaml,
municipalidades_2022,P95_7,P95_7,,object,Int64,cast_to_integer_nullable,False,False,Bronze SISMEPRE + silver_rules_sismepre.yaml,
municipalidades_2022,P96,P96,,object,Int64,cast_to_integer_nullable,False,False,Bronze SISMEPRE + silver_rules_sismepre.yaml,
municipalidades_2022,P97_1,P97_1,,object,object,kept_without_explicit_rule,False,False,Bronze SISMEPRE + silver_rules_sismepre.yaml,
municipalidades_2022,P97_2,P97_2,,object,Int64,cast_to_integer_nullable,False,False,Bronze SISMEPRE + silver_rules_sismepre.yaml,
municipalidades_2022,P97_3,P97_3,,object,Int64,cast_to_integer_nullable,False,False,Bronze SISMEPRE + silver_rules_sismepre.yaml,
municipalidades_2022,P97_4,P97_4,,object,Int64,cast_to_integer_nullable,False,False,Bronze SISMEPRE + silver_rules_sismepre.yaml,
municipalidades_2022,P97_5,P97_5,,object,Int64,cast_to_integer_nullable,False,False,Bronze SISMEPRE + silver_rules_sismepre.yaml,
municipalidades_2022,P97_6,P97_6,,object,Int64,cast_to_integer_nullable,False,False,Bronze SISMEPRE + silver_rules_sismepre.yaml,
municipalidades_2022,P97_7,P97_7,,object,Int64,cast_to_integer_nullable,False,False,Bronze SISMEPRE + silver_rules_sismepre.yaml,
municipalidades_2022,P97_8,P97_8,,object,Int64,cast_to_integer_nullable,False,False,Bronze SISMEPRE + silver_rules_sismepre.yaml,
municipalidades_2022,P97_9,P97_9,,object,Int64,cast_to_integer_nullable,False,False,Bronze SISMEPRE + silver_rules_sismepre.yaml,
municipalidades_2022,P97_9_O,P97_9_O,,object,object,kept_without_explicit_rule,True,False,Bronze SISMEPRE + silver_rules_sismepre.yaml,
municipalidades_2022,P97_10,P97_10,,object,Int64,cast_to_integer_nullable,False,False,Bronze SISMEPRE + silver_rules_sismepre.yaml,
municipalidades_2022,P98_1,P98_1,,object,object,kept_without_explicit_rule,False,False,Bronze SISMEPRE + silver_rules_sismepre.yaml,
municipalidades_2022,P98_2,P98_2,,object,Int64,cast_to_integer_nullable,False,False,Bronze SISMEPRE + silver_rules_sismepre.yaml,
municipalidades_2022,P98_3,P98_3,,object,Int64,cast_to_integer_nullable,False,False,Bronze SISMEPRE + silver_rules_sismepre.yaml,
municipalidades_2022,P98_4,P98_4,,object,Int64,cast_to_integer_nullable,False,False,Bronze SISMEPRE + silver_rules_sismepre.yaml,
municipalidades_2022,P98_5,P98_5,,object,Int64,cast_to_integer_nullable,False,False,Bronze SISMEPRE + silver_rules_sismepre.yaml,
municipalidades_2022,P98_6,P98_6,,object,Int64,cast_to_integer_nullable,False,False,Bronze SISMEPRE + silver_rules_sismepre.yaml,
municipalidades_2022,P98_7,P98_7,,object,Int64,cast_to_integer_nullable,False,False,Bronze SISMEPRE + silver_rules_sismepre.yaml,
municipalidades_2022,P98_8,P98_8,,object,Int64,cast_to_integer_nullable,False,False,Bronze SISMEPRE + silver_rules_sismepre.yaml,
municipalidades_2022,P98_9,P98_9,,object,Int64,cast_to_integer_nullable,False,False,Bronze SISMEPRE + silver_rules_sismepre.yaml,
municipalidades_2022,P98_10,P98_10,,object,Int64,cast_to_integer_nullable,False,False,Bronze SISMEPRE + silver_rules_sismepre.yaml,
municipalidades_2022,P98_10_O,P98_10_O,,object,object,kept_without_explicit_rule,True,False,Bronze SISMEPRE + silver_rules_sismepre.yaml,
municipalidades_2022,P98_11,P98_11,,object,Int64,cast_to_integer_nullable,False,False,Bronze SISMEPRE + silver_rules_sismepre.yaml,
municipalidades_2022,P99_1,P99_1,,object,object,kept_without_explicit_rule,False,False,Bronze SISMEPRE + silver_rules_sismepre.yaml,
municipalidades_2022,P99_2,P99_2,,object,Int64,cast_to_integer_nullable,False,False,Bronze SISMEPRE + silver_rules_sismepre.yaml,
municipalidades_2022,P99_3,P99_3,,object,Int64,cast_to_integer_nullable,False,False,Bronze SISMEPRE + silver_rules_sismepre.yaml,
municipalidades_2022,P99_4,P99_4,,object,Int64,cast_to_integer_nullable,False,False,Bronze SISMEPRE + silver_rules_sismepre.yaml,
municipalidades_2022,P99_5,P99_5,,object,Int64,cast_to_integer_nullable,False,False,Bronze SISMEPRE + silver_rules_sismepre.yaml,
municipalidades_2022,P99_6,P99_6,,object,Int64,cast_to_integer_nullable,False,False,Bronze SISMEPRE + silver_rules_sismepre.yaml,
municipalidades_2022,P99_7,P99_7,,object,Int64,cast_to_integer_nullable,False,False,Bronze SISMEPRE + silver_rules_sismepre.yaml,
municipalidades_2022,P99_8,P99_8,,object,Int64,cast_to_integer_nullable,False,False,Bronze SISMEPRE + silver_rules_sismepre.yaml,
municipalidades_2022,P99_9,P99_9,,object,Int64,cast_to_integer_nullable,False,False,Bronze SISMEPRE + silver_rules_sismepre.yaml,
municipalidades_2022,P99_10,P99_10,,object,Int64,cast_to_integer_nullable,False,False,Bronze SISMEPRE + silver_rules_sismepre.yaml,
municipalidades_2022,P99_10_O,P99_10_O,,object,object,kept_without_explicit_rule,True,False,Bronze SISMEPRE + silver_rules_sismepre.yaml,
municipalidades_2022,P99_11,P99_11,,object,Int64,cast_to_integer_nullable,False,False,Bronze SISMEPRE + silver_rules_sismepre.yaml,
municipalidades_2022,P100_1,P100_1,,object,object,kept_without_explicit_rule,False,False,Bronze SISMEPRE + silver_rules_sismepre.yaml,
municipalidades_2022,P100_2,P100_2,,object,Int64,cast_to_integer_nullable,False,False,Bronze SISMEPRE + silver_rules_sismepre.yaml,
municipalidades_2022,P100_3,P100_3,,object,Int64,cast_to_integer_nullable,False,False,Bronze SISMEPRE + silver_rules_sismepre.yaml,
municipalidades_2022,P100_4,P100_4,,object,Int64,cast_to_integer_nullable,False,False,Bronze SISMEPRE + silver_rules_sismepre.yaml,
municipalidades_2022,P100_5,P100_5,,object,Int64,cast_to_integer_nullable,False,False,Bronze SISMEPRE + silver_rules_sismepre.yaml,
municipalidades_2022,P100_6,P100_6,,object,Int64,cast_to_integer_nullable,False,False,Bronze SISMEPRE + silver_rules_sismepre.yaml,
municipalidades_2022,P100_7,P100_7,,object,Int64,cast_to_integer_nullable,False,False,Bronze SISMEPRE + silver_rules_sismepre.yaml,
municipalidades_2022,P100_8,P100_8,,object,Int64,cast_to_integer_nullable,False,False,Bronze SISMEPRE + silver_rules_sismepre.yaml,
municipalidades_2022,P100_9,P100_9,,object,Int64,cast_to_integer_nullable,False,False,Bronze SISMEPRE + silver_rules_sismepre.yaml,
municipalidades_2022,P100_10,P100_10,,object,Int64,cast_to_integer_nullable,False,False,Bronze SISMEPRE + silver_rules_sismepre.yaml,
municipalidades_2022,P100_11,P100_11,,object,Int64,cast_to_integer_nullable,False,False,Bronze SISMEPRE + silver_rules_sismepre.yaml,
municipalidades_2022,P100_11_O,P100_11_O,,object,object,kept_without_explicit_rule,True,False,Bronze SISMEPRE + silver_rules_sismepre.yaml,
municipalidades_2022,P100_12,P100_12,,object,Int64,cast_to_integer_nullable,False,False,Bronze SISMEPRE + silver_rules_sismepre.yaml,
municipalidades_2022,P101_1,P101_1,,object,object,kept_without_explicit_rule,False,False,Bronze SISMEPRE + silver_rules_sismepre.yaml,
municipalidades_2022,P101_2,P101_2,,object,Int64,cast_to_integer_nullable,False,False,Bronze SISMEPRE + silver_rules_sismepre.yaml,
municipalidades_2022,P101_3,P101_3,,object,Int64,cast_to_integer_nullable,False,False,Bronze SISMEPRE + silver_rules_sismepre.yaml,
municipalidades_2022,P101_4,P101_4,,object,Int64,cast_to_integer_nullable,False,False,Bronze SISMEPRE + silver_rules_sismepre.yaml,
municipalidades_2022,P101_5,P101_5,,object,Int64,cast_to_integer_nullable,False,False,Bronze SISMEPRE + silver_rules_sismepre.yaml,
municipalidades_2022,P101_5_O,P101_5_O,,object,object,kept_without_explicit_rule,True,False,Bronze SISMEPRE + silver_rules_sismepre.yaml,
municipalidades_2022,P101_6,P101_6,,object,Int64,cast_to_integer_nullable,False,False,Bronze SISMEPRE + silver_rules_sismepre.yaml,
municipalidades_2022,P102,P102,,object,Int64,cast_to_integer_nullable,False,False,Bronze SISMEPRE + silver_rules_sismepre.yaml,
municipalidades_2022,P102_1_T,P102_1_T,,object,Int64,cast_to_integer_nullable,True,False,Bronze SISMEPRE + silver_rules_sismepre.yaml,
municipalidades_2022,P102_1_M,P102_1_M,,object,Int64,cast_to_integer_nullable,True,False,Bronze SISMEPRE + silver_rules_sismepre.yaml,
municipalidades_2022,P102_1_H,P102_1_H,,object,Int64,cast_to_integer_nullable,True,False,Bronze SISMEPRE + silver_rules_sismepre.yaml,
municipalidades_2022,P102_2,P102_2,,object,Int64,cast_to_integer_nullable,True,False,Bronze SISMEPRE + silver_rules_sismepre.yaml,
municipalidades_2022,C96,C96,,object,object,kept_without_explicit_rule,False,False,Bronze SISMEPRE + silver_rules_sismepre.yaml,
municipalidades_2022,C96_1,C96_1,,object,object,kept_without_explicit_rule,False,False,Bronze SISMEPRE + silver_rules_sismepre.yaml,
municipalidades_2022,C96_1_1,C96_1_1,,object,object,kept_without_explicit_rule,False,False,Bronze SISMEPRE + silver_rules_sismepre.yaml,
municipalidades_2022,C96_1_1_1,C96_1_1_1,,object,object,kept_without_explicit_rule,False,False,Bronze SISMEPRE + silver_rules_sismepre.yaml,
municipalidades_2022,C96_1_1_2,C96_1_1_2,,object,object,kept_without_explicit_rule,False,False,Bronze SISMEPRE + silver_rules_sismepre.yaml,
municipalidades_2022,C96_1_1_3,C96_1_1_3,,object,object,kept_without_explicit_rule,False,False,Bronze SISMEPRE + silver_rules_sismepre.yaml,
municipalidades_2022,C96_1_1_4,C96_1_1_4,,object,Int64,cast_to_integer_nullable,True,False,Bronze SISMEPRE + silver_rules_sismepre.yaml,
municipalidades_2022,C96_1_1_5,C96_1_1_5,,object,Int64,cast_to_integer_nullable,True,False,Bronze SISMEPRE + silver_rules_sismepre.yaml,
municipalidades_2022,C96_1_1_6,C96_1_1_6,,object,object,kept_without_explicit_rule,False,False,Bronze SISMEPRE + silver_rules_sismepre.yaml,
municipalidades_2022,C96_1_1_7,C96_1_1_7,,object,object,kept_without_explicit_rule,False,False,Bronze SISMEPRE + silver_rules_sismepre.yaml,
municipalidades_2022,C96_1_1_8,C96_1_1_8,,object,object,kept_without_explicit_rule,False,False,Bronze SISMEPRE + silver_rules_sismepre.yaml,
municipalidades_2022,C96_1_2,C96_1_2,,object,object,kept_without_explicit_rule,False,False,Bronze SISMEPRE + silver_rules_sismepre.yaml,
municipalidades_2022,C96_1_2_1,C96_1_2_1,,object,object,kept_without_explicit_rule,False,False,Bronze SISMEPRE + silver_rules_sismepre.yaml,
municipalidades_2022,C96_1_2_2,C96_1_2_2,,object,object,kept_without_explicit_rule,False,False,Bronze SISMEPRE + silver_rules_sismepre.yaml,
municipalidades_2022,C96_1_2_3,C96_1_2_3,,object,object,kept_without_explicit_rule,False,False,Bronze SISMEPRE + silver_rules_sismepre.yaml,
municipalidades_2022,C96_1_2_4,C96_1_2_4,,object,object,kept_without_explicit_rule,False,False,Bronze SISMEPRE + silver_rules_sismepre.yaml,
municipalidades_2022,C96_1_2_5,C96_1_2_5,,object,object,kept_without_explicit_rule,False,False,Bronze SISMEPRE + silver_rules_sismepre.yaml,
municipalidades_2022,C96_1_2_6,C96_1_2_6,,object,object,kept_without_explicit_rule,False,False,Bronze SISMEPRE + silver_rules_sismepre.yaml,
municipalidades_2022,C96_1_2_7,C96_1_2_7,,object,object,kept_without_explicit_rule,False,False,Bronze SISMEPRE + silver_rules_sismepre.yaml,
municipalidades_2022,C96_1_2_8,C96_1_2_8,,object,object,kept_without_explicit_rule,False,False,Bronze SISMEPRE + silver_rules_sismepre.yaml,
municipalidades_2022,C96_1_2_9,C96_1_2_9,,object,object,kept_without_explicit_rule,False,False,Bronze SISMEPRE + silver_rules_sismepre.yaml,
municipalidades_2022,C96_1_2_10,C96_1_2_10,,object,Int64,cast_to_integer_nullable,True,False,Bronze SISMEPRE + silver_rules_sismepre.yaml,
municipalidades_2022,C96_1_2_11,C96_1_2_11,,object,Int64,cast_to_integer_nullable,True,False,Bronze SISMEPRE + silver_rules_sismepre.yaml,
municipalidades_2022,C96_1_2_12,C96_1_2_12,,object,object,kept_without_explicit_rule,False,False,Bronze SISMEPRE + silver_rules_sismepre.yaml,
municipalidades_2022,C96_1_2_13,C96_1_2_13,,object,object,kept_without_explicit_rule,False,False,Bronze SISMEPRE + silver_rules_sismepre.yaml,
municipalidades_2022,C96_1_2_14,C96_1_2_14,,object,object,kept_without_explicit_rule,False,False,Bronze SISMEPRE + silver_rules_sismepre.yaml,
municipalidades_2022,C96_1_2_15,C96_1_2_15,,object,object,kept_without_explicit_rule,False,False,Bronze SISMEPRE + silver_rules_sismepre.yaml,
municipalidades_2022,C96_1_2_16,C96_1_2_16,,object,object,kept_without_explicit_rule,False,False,Bronze SISMEPRE + silver_rules_sismepre.yaml,
municipalidades_2022,C96_1_2_17,C96_1_2_17,,object,object,kept_without_explicit_rule,False,False,Bronze SISMEPRE + silver_rules_sismepre.yaml,
municipalidades_2022,C96_1_2_18,C96_1_2_18,,object,object,kept_without_explicit_rule,False,False,Bronze SISMEPRE + silver_rules_sismepre.yaml,
municipalidades_2022,C96_1_2_19,C96_1_2_19,,object,object,kept_without_explicit_rule,False,False,Bronze SISMEPRE + silver_rules_sismepre.yaml,
municipalidades_2022,C96_1_3,C96_1_3,,object,object,kept_without_explicit_rule,False,False,Bronze SISMEPRE + silver_rules_sismepre.yaml,
municipalidades_2022,C96_1_3_1,C96_1_3_1,,object,object,kept_without_explicit_rule,False,False,Bronze SISMEPRE + silver_rules_sismepre.yaml,
municipalidades_2022,C96_1_3_2,C96_1_3_2,,object,object,kept_without_explicit_rule,False,False,Bronze SISMEPRE + silver_rules_sismepre.yaml,
municipalidades_2022,C96_1_4,C96_1_4,,object,object,kept_without_explicit_rule,False,False,Bronze SISMEPRE + silver_rules_sismepre.yaml,
municipalidades_2022,C96_1_5,C96_1_5,,object,object,kept_without_explicit_rule,False,False,Bronze SISMEPRE + silver_rules_sismepre.yaml,
municipalidades_2022,C96_2,C96_2,,object,object,kept_without_explicit_rule,False,False,Bronze SISMEPRE + silver_rules_sismepre.yaml,
municipalidades_2022,C96_2_1,C96_2_1,,object,object,kept_without_explicit_rule,False,False,Bronze SISMEPRE + silver_rules_sismepre.yaml,
municipalidades_2022,C96_2_2,C96_2_2,,object,Int64,cast_to_integer_nullable,True,False,Bronze SISMEPRE + silver_rules_sismepre.yaml,
municipalidades_2022,C96_3,C96_3,,object,object,kept_without_explicit_rule,False,False,Bronze SISMEPRE + silver_rules_sismepre.yaml,
municipalidades_2022,C96_3_1,C96_3_1,,object,object,kept_without_explicit_rule,False,False,Bronze SISMEPRE + silver_rules_sismepre.yaml,
municipalidades_2022,C96_3_1_1,C96_3_1_1,,object,object,kept_without_explicit_rule,False,False,Bronze SISMEPRE + silver_rules_sismepre.yaml,
municipalidades_2022,C96_3_1_2,C96_3_1_2,,object,object,kept_without_explicit_rule,False,False,Bronze SISMEPRE + silver_rules_sismepre.yaml,
municipalidades_2022,C96_3_1_3,C96_3_1_3,,object,object,kept_without_explicit_rule,False,False,Bronze SISMEPRE + silver_rules_sismepre.yaml,
municipalidades_2022,C96_3_1_4,C96_3_1_4,,object,object,kept_without_explicit_rule,False,False,Bronze SISMEPRE + silver_rules_sismepre.yaml,
municipalidades_2022,C96_3_1_5,C96_3_1_5,,object,object,kept_without_explicit_rule,False,False,Bronze SISMEPRE + silver_rules_sismepre.yaml,
municipalidades_2022,C96_3_1_6,C96_3_1_6,,object,object,kept_without_explicit_rule,False,False,Bronze SISMEPRE + silver_rules_sismepre.yaml,
municipalidades_2022,C96_3_1_7,C96_3_1_7,,object,object,kept_without_explicit_rule,False,False,Bronze SISMEPRE + silver_rules_sismepre.yaml,
municipalidades_2022,C96_3_2,C96_3_2,,object,object,kept_without_explicit_rule,False,False,Bronze SISMEPRE + silver_rules_sismepre.yaml,
municipalidades_2022,C96_3_2_1,C96_3_2_1,,object,object,kept_without_explicit_rule,False,False,Bronze SISMEPRE + silver_rules_sismepre.yaml,
municipalidades_2022,C96_3_2_2,C96_3_2_2,,object,object,kept_without_explicit_rule,False,False,Bronze SISMEPRE + silver_rules_sismepre.yaml,
municipalidades_2022,C96_3_3,C96_3_3,,object,object,kept_without_explicit_rule,False,False,Bronze SISMEPRE + silver_rules_sismepre.yaml,
municipalidades_2022,C96_3_4,C96_3_4,,object,Int64,cast_to_integer_nullable,True,False,Bronze SISMEPRE + silver_rules_sismepre.yaml,
municipalidades_2022,C96_3_5,C96_3_5,,object,object,kept_without_explicit_rule,False,False,Bronze SISMEPRE + silver_rules_sismepre.yaml,
municipalidades_2022,C96_4,C96_4,,object,object,kept_without_explicit_rule,False,False,Bronze SISMEPRE + silver_rules_sismepre.yaml,
municipalidades_2022,C96_4_1,C96_4_1,,object,object,kept_without_explicit_rule,False,False,Bronze SISMEPRE + silver_rules_sismepre.yaml,
municipalidades_2022,C96_4_2,C96_4_2,,object,object,kept_without_explicit_rule,False,False,Bronze SISMEPRE + silver_rules_sismepre.yaml,
municipalidades_2022,C97,C97,,object,object,kept_without_explicit_rule,False,False,Bronze SISMEPRE + silver_rules_sismepre.yaml,
municipalidades_2022,C97_1,C97_1,,object,object,kept_without_explicit_rule,False,False,Bronze SISMEPRE + silver_rules_sismepre.yaml,
municipalidades_2022,C97_1_1,C97_1_1,,object,object,kept_without_explicit_rule,False,False,Bronze SISMEPRE + silver_rules_sismepre.yaml,
municipalidades_2022,C97_1_2,C97_1_2,,object,object,kept_without_explicit_rule,False,False,Bronze SISMEPRE + silver_rules_sismepre.yaml,
municipalidades_2022,C97_1_3,C97_1_3,,object,object,kept_without_explicit_rule,False,False,Bronze SISMEPRE + silver_rules_sismepre.yaml,
municipalidades_2022,C97_1_4,C97_1_4,,object,object,kept_without_explicit_rule,False,False,Bronze SISMEPRE + silver_rules_sismepre.yaml,
municipalidades_2022,C97_1_5,C97_1_5,,object,object,kept_without_explicit_rule,False,False,Bronze SISMEPRE + silver_rules_sismepre.yaml,
municipalidades_2022,C97_2,C97_2,,object,object,kept_without_explicit_rule,False,False,Bronze SISMEPRE + silver_rules_sismepre.yaml,
municipalidades_2022,C97_2_2,C97_2_2,,object,object,kept_without_explicit_rule,False,False,Bronze SISMEPRE + silver_rules_sismepre.yaml,
municipalidades_2022,C97_2_2_1,C97_2_2_1,,object,Int64,cast_to_integer_nullable,True,False,Bronze SISMEPRE + silver_rules_sismepre.yaml,
municipalidades_2022,C97_2_2_2,C97_2_2_2,,object,object,kept_without_explicit_rule,False,False,Bronze SISMEPRE + silver_rules_sismepre.yaml,
municipalidades_2022,C97_2_2_3,C97_2_2_3,,object,object,kept_without_explicit_rule,False,False,Bronze SISMEPRE + silver_rules_sismepre.yaml,
municipalidades_2022,C97_2_2_3_1,C97_2_2_3_1,,object,object,kept_without_explicit_rule,False,False,Bronze SISMEPRE + silver_rules_sismepre.yaml,
municipalidades_2022,C97_2_2_3_2,C97_2_2_3_2,,object,object,kept_without_explicit_rule,False,False,Bronze SISMEPRE + silver_rules_sismepre.yaml,
municipalidades_2022,C97_2_2_3_3,C97_2_2_3_3,,object,object,kept_without_explicit_rule,False,False,Bronze SISMEPRE + silver_rules_sismepre.yaml,
municipalidades_2022,C97_2_2_3_4,C97_2_2_3_4,,object,object,kept_without_explicit_rule,False,False,Bronze SISMEPRE + silver_rules_sismepre.yaml,
municipalidades_2022,C97_2_2_3_5,C97_2_2_3_5,,object,object,kept_without_explicit_rule,False,False,Bronze SISMEPRE + silver_rules_sismepre.yaml,
municipalidades_2022,C97_2_2_3_6,C97_2_2_3_6,,object,object,kept_without_explicit_rule,False,False,Bronze SISMEPRE + silver_rules_sismepre.yaml,
municipalidades_2022,C97_2_2_3_7,C97_2_2_3_7,,object,object,kept_without_explicit_rule,False,False,Bronze SISMEPRE + silver_rules_sismepre.yaml,
municipalidades_2022,C97_2_2_3_8,C97_2_2_3_8,,object,object,kept_without_explicit_rule,False,False,Bronze SISMEPRE + silver_rules_sismepre.yaml,
municipalidades_2022,C97_2_2_3_9,C97_2_2_3_9,,object,object,kept_without_explicit_rule,False,False,Bronze SISMEPRE + silver_rules_sismepre.yaml,
municipalidades_2022,C97_2_2_3_10,C97_2_2_3_10,,object,object,kept_without_explicit_rule,False,False,Bronze SISMEPRE + silver_rules_sismepre.yaml,
municipalidades_2022,C97_2_2_3_11,C97_2_2_3_11,,object,object,kept_without_explicit_rule,False,False,Bronze SISMEPRE + silver_rules_sismepre.yaml,
municipalidades_2022,C97_2_2_4,C97_2_2_4,,object,object,kept_without_explicit_rule,False,False,Bronze SISMEPRE + silver_rules_sismepre.yaml,
municipalidades_2022,C97_2_3,C97_2_3,,object,Int64,cast_to_integer_nullable,True,False,Bronze SISMEPRE + silver_rules_sismepre.yaml,
municipalidades_2022,C97_2_4,C97_2_4,,object,Int64,cast_to_integer_nullable,True,False,Bronze SISMEPRE + silver_rules_sismepre.yaml,
municipalidades_2022,C97_3,C97_3,,object,object,kept_without_explicit_rule,False,False,Bronze SISMEPRE + silver_rules_sismepre.yaml,
municipalidades_2022,source_system,source_system,Sistema de origen (Registro Nacional de Municipalidades — INEI).,not_in_bronze,technical,added_technical_column,False,True,silver_pipeline,Sistema de origen (Registro Nacional de Municipalidades — INEI).
municipalidades_2022,source_dataset,source_dataset,Nombre del dataset de origen.,not_in_bronze,technical,added_technical_column,False,True,silver_pipeline,Nombre del dataset de origen.
municipalidades_2022,silver_processed_at,silver_processed_at,Fecha y hora en que el registro fue procesado hacia Silver.,not_in_bronze,technical,added_technical_column,False,True,silver_pipeline,Fecha y hora en que el registro fue procesado hacia Silver.
municipalidades_2022,anio_periodo_key,anio_periodo_key,No aplica para RENAMU (disabled via derived_columns.anio_periodo_key.enabled=false).,not_in_bronze,technical,added_technical_column,True,True,silver_pipeline,No aplica para RENAMU (disabled via derived_columns.anio_periodo_key.enabled=false).
municipalidades_2022,record_hash,record_hash,Huella SHA-256 del registro para trazabilidad y detección de cambios.,not_in_bronze,technical,added_technical_column,False,True,silver_pipeline,Huella SHA-256 del registro para trazabilidad y detección de cambios.
