nombre_campo;descripcion;modulo;valores_permitidos;numero_pregunta;tema_pregunta;pagina_pdf;estado_extraccion;asignacion_valores
Año;Año en que se ejecuta el estudio;DEFINICIÓN DE VARIABLES GLOBALES;;;;1;ok;sin_valores
idmunici;Código de la Municipalidad;DEFINICIÓN DE VARIABLES GLOBALES;;;;1;ok;sin_valores
ccdd;Código del Departamento;DEFINICIÓN DE VARIABLES GLOBALES;;;;1;ok;sin_valores
ccpp;Código de la Provincia;DEFINICIÓN DE VARIABLES GLOBALES;;;;1;ok;sin_valores
ccdi;Código del Distrito;DEFINICIÓN DE VARIABLES GLOBALES;;;;1;ok;sin_valores
Ubigeo;Ubigeo;DEFINICIÓN DE VARIABLES GLOBALES;;;;1;ok;sin_valores
Departamento;Nombre del Departamento;DEFINICIÓN DE VARIABLES GLOBALES;;;;1;ok;sin_valores
Provincia;Nombre de la Provincia;DEFINICIÓN DE VARIABLES GLOBALES;;;;1;ok;sin_valores
Distrito;Nombre del Distrito;DEFINICIÓN DE VARIABLES GLOBALES;;;;1;ok;sin_valores
Tipomuni;Tipo de Municipalidad;DEFINICIÓN DE VARIABLES GLOBALES;1: Provincial | 2: Distrital | 3: Centro Poblado;;;1;ok;asignado_por_posicion
VFI;Municipalidad informante;MÓDULO I: DATOS GENERALES DE LA MUNICIPALIDAD;0: No informó | 1: Informó;;;1;ok;asignado_por_posicion
P04_1;Dirección de la Municipalidad / Tipo de Vía;MÓDULO I: DATOS GENERALES DE LA MUNICIPALIDAD;1: Avenida | 2: Jirón | 3: Calle | 4: Pasaje | 5: Carretera | 6: Otro;;;1;ok;asignado_por_posicion
P04_2;Dirección de la Municipalidad / Nombre de Vía;MÓDULO I: DATOS GENERALES DE LA MUNICIPALIDAD;;;;1;ok;sin_valores
P04_3;Dirección de la Municipalidad / Número;MÓDULO I: DATOS GENERALES DE LA MUNICIPALIDAD;;;;1;ok;sin_valores
P04_4;Dirección de la Municipalidad / Manzana;MÓDULO I: DATOS GENERALES DE LA MUNICIPALIDAD;;;;1;ok;sin_valores
P04_5;Dirección de la Municipalidad / Lote;MÓDULO I: DATOS GENERALES DE LA MUNICIPALIDAD;;;;1;ok;sin_valores
P04_6;Dirección de la Municipalidad / Km.;MÓDULO I: DATOS GENERALES DE LA MUNICIPALIDAD;;;Directorio de las;1;ok;sin_valores
P05_CC;Teléfono / Código de la ciudad;MÓDULO I: DATOS GENERALES DE LA MUNICIPALIDAD;;;Municipalidades;1;ok;sin_valores
P05_1;Teléfonos de la Municipalidad / Teléfono 1;MÓDULO I: DATOS GENERALES DE LA MUNICIPALIDAD;;;Provinciales y;1;ok;sin_valores
P05_2;Teléfonos de la Municipalidad / Teléfono 2;MÓDULO I: DATOS GENERALES DE LA MUNICIPALIDAD;;;Distritales;1;ok;sin_valores
P05_3;Teléfonos de la Municipalidad / Teléfono 3;MÓDULO I: DATOS GENERALES DE LA MUNICIPALIDAD;;;Distritales;1;ok;sin_valores
P06_CC;Otro teléfono de referencia / Código de la ciudad;MÓDULO I: DATOS GENERALES DE LA MUNICIPALIDAD;;;Distritales;1;ok;sin_valores
P06;Otro teléfono de referencia / Teléfono;MÓDULO I: DATOS GENERALES DE LA MUNICIPALIDAD;;;Distritales;1;ok;sin_valores
P07;Facebook de la Municipalidad;MÓDULO I: DATOS GENERALES DE LA MUNICIPALIDAD;;;Distritales;1;ok;sin_valores
P08;Correo Electrónico de la Municipalidad;MÓDULO I: DATOS GENERALES DE LA MUNICIPALIDAD;;;Distritales;1;ok;sin_valores
P09;Página Web de la Municipalidad;MÓDULO I: DATOS GENERALES DE LA MUNICIPALIDAD;;;Distritales;1;ok;sin_valores
P10_1;Alcalde de la Municipalidad / Nombres;MÓDULO I: DATOS GENERALES DE LA MUNICIPALIDAD;;;Distritales;1;ok;sin_valores
P10_2;Alcalde de la Municipalidad / Apellido Paterno;MÓDULO I: DATOS GENERALES DE LA MUNICIPALIDAD;;;Distritales;1;ok;sin_valores
P10_3;Alcalde de la Municipalidad / Apellido Materno;MÓDULO I: DATOS GENERALES DE LA MUNICIPALIDAD;;;Distritales;1;ok;sin_valores
P10_4;Alcalde de la Municipalidad / Sexo;MÓDULO I: DATOS GENERALES DE LA MUNICIPALIDAD;1: Mujer | 2: Hombre;;Distritales;1;ok;asignado_por_posicion
VFI_P11A;Municipalidad informante;MÓDULO II: EQUIPAMIENTO Y TECNOLOGÍAS DE LA INFORMACIÓN Y COMUNICACIONES;0: No informó | 1: Informó;;Distritales;2;ok;asignado_por_posicion
P11A_1;¿La municipalidad cuenta con auto y/o camioneta?;MÓDULO II: EQUIPAMIENTO Y TECNOLOGÍAS DE LA INFORMACIÓN Y COMUNICACIONES;1: Si | 2: No;;Distritales;2;ok;asignado_por_posicion
P11A_1_1;Número de bienes / Auto y/o camioneta / Operativos;MÓDULO II: EQUIPAMIENTO Y TECNOLOGÍAS DE LA INFORMACIÓN Y COMUNICACIONES;;;Distritales;2;ok;sin_valores
P11A_1_2;Número de bienes / Auto y/o camioneta / No operativos;MÓDULO II: EQUIPAMIENTO Y TECNOLOGÍAS DE LA INFORMACIÓN Y COMUNICACIONES;;;Distritales;2;ok;sin_valores
P11A_2;¿La municipalidad cuenta con motocicleta?;MÓDULO II: EQUIPAMIENTO Y TECNOLOGÍAS DE LA INFORMACIÓN Y COMUNICACIONES;1: Si | 2: No;;Distritales;2;ok;asignado_por_posicion
P11A_2_1;Número de bienes / Motocicleta / Operativos;MÓDULO II: EQUIPAMIENTO Y TECNOLOGÍAS DE LA INFORMACIÓN Y COMUNICACIONES;;;Distritales;2;ok;sin_valores
P11A_2_2;Número de bienes / Motocicleta / No operativos;MÓDULO II: EQUIPAMIENTO Y TECNOLOGÍAS DE LA INFORMACIÓN Y COMUNICACIONES;;;Distritales;2;ok;sin_valores
P11A_3;¿La municipalidad cuenta con ambulancia?;MÓDULO II: EQUIPAMIENTO Y TECNOLOGÍAS DE LA INFORMACIÓN Y COMUNICACIONES;1: Si | 2: No;;Distritales;2;ok;asignado_por_posicion
P11A_3_1;Número de bienes / Ambulancia / Operativos;MÓDULO II: EQUIPAMIENTO Y TECNOLOGÍAS DE LA INFORMACIÓN Y COMUNICACIONES;;;Distritales;2;ok;sin_valores
P11A_3_2;Número de bienes / Ambulancia / No operativos;MÓDULO II: EQUIPAMIENTO Y TECNOLOGÍAS DE LA INFORMACIÓN Y COMUNICACIONES;;;Distritales;2;ok;sin_valores
P11A_4;¿La municipalidad cuenta con volquete?;MÓDULO II: EQUIPAMIENTO Y TECNOLOGÍAS DE LA INFORMACIÓN Y COMUNICACIONES;1: Si | 2: No;;Distritales;2;ok;asignado_por_posicion
P11A_4_1;Número de bienes / Volquete / Operativos;MÓDULO II: EQUIPAMIENTO Y TECNOLOGÍAS DE LA INFORMACIÓN Y COMUNICACIONES;;;Distritales;2;ok;sin_valores
P11A_4_2;Número de bienes / Volquete / No operativos;MÓDULO II: EQUIPAMIENTO Y TECNOLOGÍAS DE LA INFORMACIÓN Y COMUNICACIONES;;;Distritales;2;ok;sin_valores
P11A_5;¿La municipalidad cuenta con camión recolector de basura (camión compactador y otros)?;MÓDULO II: EQUIPAMIENTO Y TECNOLOGÍAS DE LA INFORMACIÓN Y COMUNICACIONES;1: Si | 2: No;;Distritales;2;ok;asignado_por_posicion
P11A_5_1;Número de bienes / Camión recolector de basura / Operativos;MÓDULO II: EQUIPAMIENTO Y TECNOLOGÍAS DE LA INFORMACIÓN Y COMUNICACIONES;;;cuenta con bienes;2;ok;sin_valores
P11A_5_2;Número de bienes / Camión recolector de basura / No operativos;MÓDULO II: EQUIPAMIENTO Y TECNOLOGÍAS DE LA INFORMACIÓN Y COMUNICACIONES;;11A;muebles propios;2;ok;sin_valores
P11A_6;¿La municipalidad cuenta con Camión cisterna?;MÓDULO II: EQUIPAMIENTO Y TECNOLOGÍAS DE LA INFORMACIÓN Y COMUNICACIONES;1: Si | 2: No;11A;(vehículos y;2;ok;asignado_por_posicion
P11A_6_1;Número de bienes / Camión cisterna / Operativos;MÓDULO II: EQUIPAMIENTO Y TECNOLOGÍAS DE LA INFORMACIÓN Y COMUNICACIONES;;11A;equipos), 2022;2;ok;sin_valores
P11A_6_2;Número de bienes / Camión cisterna / No operativos;MÓDULO II: EQUIPAMIENTO Y TECNOLOGÍAS DE LA INFORMACIÓN Y COMUNICACIONES;;11A;equipos), 2022;2;ok;sin_valores
P11A_7;¿La municipalidad cuenta con camión (No incluye camiones recolectores de basura ni camiones cisterna)?;MÓDULO II: EQUIPAMIENTO Y TECNOLOGÍAS DE LA INFORMACIÓN Y COMUNICACIONES;1: Si | 2: No;11A;equipos), 2022;2;ok;asignado_por_posicion
P11A_7_1;Número de bienes / Camión / Operativos;MÓDULO II: EQUIPAMIENTO Y TECNOLOGÍAS DE LA INFORMACIÓN Y COMUNICACIONES;;11A;equipos), 2022;2;ok;sin_valores
P11A_7_2;Número de bienes / Camión / No operativos;MÓDULO II: EQUIPAMIENTO Y TECNOLOGÍAS DE LA INFORMACIÓN Y COMUNICACIONES;;11A;equipos), 2022;2;ok;sin_valores
P11A_8;¿La municipalidad cuenta con grupo electrógeno?;MÓDULO II: EQUIPAMIENTO Y TECNOLOGÍAS DE LA INFORMACIÓN Y COMUNICACIONES;1: Si | 2: No;11A;equipos), 2022;2;ok;asignado_por_posicion
P11A_8_1;Número de bienes / Grupo electrógeno / Operativos;MÓDULO II: EQUIPAMIENTO Y TECNOLOGÍAS DE LA INFORMACIÓN Y COMUNICACIONES;;11A;equipos), 2022;2;ok;sin_valores
P11A_8_2;Número de bienes / Grupo electrógeno / No operativos;MÓDULO II: EQUIPAMIENTO Y TECNOLOGÍAS DE LA INFORMACIÓN Y COMUNICACIONES;;11A;equipos), 2022;2;ok;sin_valores
P11A_9;¿La municipalidad cuenta con panel solar?;MÓDULO II: EQUIPAMIENTO Y TECNOLOGÍAS DE LA INFORMACIÓN Y COMUNICACIONES;1: Si | 2: No;11A;equipos), 2022;2;ok;asignado_por_posicion
P11A_9_1;Número de bienes / Panel solar / Operativos;MÓDULO II: EQUIPAMIENTO Y TECNOLOGÍAS DE LA INFORMACIÓN Y COMUNICACIONES;;11A;equipos), 2022;2;ok;sin_valores
P11A_9_2;Número de bienes / Panel solar / No operativos;MÓDULO II: EQUIPAMIENTO Y TECNOLOGÍAS DE LA INFORMACIÓN Y COMUNICACIONES;;11A;equipos), 2022;2;ok;sin_valores
P11A_10;¿La municipalidad cuenta con otro vehículo y/o equipo?;MÓDULO II: EQUIPAMIENTO Y TECNOLOGÍAS DE LA INFORMACIÓN Y COMUNICACIONES;1: Si | 2: No;11A;equipos), 2022;2;ok;asignado_por_posicion
P11A_10_1;Número de bienes / Otro vehículo y/o equipo / Operativos;MÓDULO II: EQUIPAMIENTO Y TECNOLOGÍAS DE LA INFORMACIÓN Y COMUNICACIONES;;11A;equipos), 2022;2;ok;sin_valores
P11A_10_2;Número de bienes / Otro vehículo y/o equipo / No operativos;MÓDULO II: EQUIPAMIENTO Y TECNOLOGÍAS DE LA INFORMACIÓN Y COMUNICACIONES;;11A;equipos), 2022;2;ok;sin_valores
P11A_10_O;¿La municipalidad cuenta con otro vehículo y/o equipo? / Especifique;MÓDULO II: EQUIPAMIENTO Y TECNOLOGÍAS DE LA INFORMACIÓN Y COMUNICACIONES;;11A;equipos), 2022;2;ok;sin_valores
VFI_P11B;Municipalidad informante;MÓDULO II: EQUIPAMIENTO Y TECNOLOGÍAS DE LA INFORMACIÓN Y COMUNICACIONES;0: No informó | 1: Informó;11A;equipos), 2022;2;ok;asignado_por_posicion
P11B_11;¿La municipalidad cuenta con excavadora?;MÓDULO II: EQUIPAMIENTO Y TECNOLOGÍAS DE LA INFORMACIÓN Y COMUNICACIONES;1: Si | 2: No;11A;cuenta con bienes;2;ok;asignado_por_posicion
P11B_11_1;Número de bienes / Excavadoras / Operativos;MÓDULO II: EQUIPAMIENTO Y TECNOLOGÍAS DE LA INFORMACIÓN Y COMUNICACIONES;;11B;muebles propios;2;ok;sin_valores
P11B_11_2;Número de bienes / Excavadoras / No operativos;MÓDULO II: EQUIPAMIENTO Y TECNOLOGÍAS DE LA INFORMACIÓN Y COMUNICACIONES;;11B;(maquinaria;2;ok;sin_valores
P11B_12;¿La municipalidad cuenta con Retroexcavadora?;MÓDULO II: EQUIPAMIENTO Y TECNOLOGÍAS DE LA INFORMACIÓN Y COMUNICACIONES;1: Si | 2: No;11B;pesada), 2022;2;ok;asignado_por_posicion
P11B_12_1;Número de bienes / Retroexcavadora / Operativos;MÓDULO II: EQUIPAMIENTO Y TECNOLOGÍAS DE LA INFORMACIÓN Y COMUNICACIONES;;11B;pesada), 2022;3;ok;sin_valores
P11B_12_2;Número de bienes / Retroexcavadora / No operativos;MÓDULO II: EQUIPAMIENTO Y TECNOLOGÍAS DE LA INFORMACIÓN Y COMUNICACIONES;;11B;pesada), 2022;3;ok;sin_valores
P11B_13;¿La municipalidad cuenta con motoniveladora?;MÓDULO II: EQUIPAMIENTO Y TECNOLOGÍAS DE LA INFORMACIÓN Y COMUNICACIONES;1: Si | 2: No;11B;pesada), 2022;3;ok;asignado_por_posicion
P11B_13_1;Número de bienes / Motoniveladora / Operativos;MÓDULO II: EQUIPAMIENTO Y TECNOLOGÍAS DE LA INFORMACIÓN Y COMUNICACIONES;;11B;pesada), 2022;3;ok;sin_valores
P11B_13_2;Número de bienes / Motoniveladora / No operativos;MÓDULO II: EQUIPAMIENTO Y TECNOLOGÍAS DE LA INFORMACIÓN Y COMUNICACIONES;;11B;pesada), 2022;3;ok;sin_valores
P11B_14;¿La municipalidad cuenta con cargador frontal?;MÓDULO II: EQUIPAMIENTO Y TECNOLOGÍAS DE LA INFORMACIÓN Y COMUNICACIONES;1: Si | 2: No;11B;pesada), 2022;3;ok;asignado_por_posicion
P11B_14_1;Número de bienes / Cargador frontal / Operativos;MÓDULO II: EQUIPAMIENTO Y TECNOLOGÍAS DE LA INFORMACIÓN Y COMUNICACIONES;;11B;pesada), 2022;3;ok;sin_valores
P11B_14_2;Número de bienes / Cargador frontal / No operativos;MÓDULO II: EQUIPAMIENTO Y TECNOLOGÍAS DE LA INFORMACIÓN Y COMUNICACIONES;;11B;pesada), 2022;3;ok;sin_valores
P11B_15;¿La municipalidad cuenta con tractor oruga?;MÓDULO II: EQUIPAMIENTO Y TECNOLOGÍAS DE LA INFORMACIÓN Y COMUNICACIONES;1: Si | 2: No;11B;pesada), 2022;3;ok;asignado_por_posicion
P11B_15_1;Número de bienes / Tractor oruga / Operativos;MÓDULO II: EQUIPAMIENTO Y TECNOLOGÍAS DE LA INFORMACIÓN Y COMUNICACIONES;;11B;pesada), 2022;3;ok;sin_valores
P11B_15_2;Número de bienes / Tractor oruga / No operativos;MÓDULO II: EQUIPAMIENTO Y TECNOLOGÍAS DE LA INFORMACIÓN Y COMUNICACIONES;;11B;cuenta con bienes;3;ok;sin_valores
P11B_16;¿La municipalidad cuenta con tractor agrícola?;MÓDULO II: EQUIPAMIENTO Y TECNOLOGÍAS DE LA INFORMACIÓN Y COMUNICACIONES;1: Si | 2: No;11B;muebles propios;3;ok;asignado_por_posicion
P11B_16_1;Número de bienes / Tractor agrícola / Operativos;MÓDULO II: EQUIPAMIENTO Y TECNOLOGÍAS DE LA INFORMACIÓN Y COMUNICACIONES;;11B;pesada), 2022;3;ok;sin_valores
P11B_16_2;Número de bienes / Tractor agrícola / No operativos;MÓDULO II: EQUIPAMIENTO Y TECNOLOGÍAS DE LA INFORMACIÓN Y COMUNICACIONES;;11B;pesada), 2022;3;ok;sin_valores
P11B_17;¿La municipalidad cuenta con compactadora de suelo con rodillo liso vibratorio y/o neumático?;MÓDULO II: EQUIPAMIENTO Y TECNOLOGÍAS DE LA INFORMACIÓN Y COMUNICACIONES;1: Si | 2: No;11B;pesada), 2022;3;ok;asignado_por_posicion
P11B_17_1;Número de bienes / Compactadora de suelo con rodillo liso vibratorio y/o neumático / Operativos;MÓDULO II: EQUIPAMIENTO Y TECNOLOGÍAS DE LA INFORMACIÓN Y COMUNICACIONES;;11B;pesada), 2022;3;ok;sin_valores
P11B_17_2;Número de bienes / Compactadora de suelo con rodillo liso vibratorio y/o neumático / No Operativos;MÓDULO II: EQUIPAMIENTO Y TECNOLOGÍAS DE LA INFORMACIÓN Y COMUNICACIONES;;11B;pesada), 2022;3;ok;sin_valores
P11B_18;¿La municipalidad cuenta con otra maquinaria pesada?;MÓDULO II: EQUIPAMIENTO Y TECNOLOGÍAS DE LA INFORMACIÓN Y COMUNICACIONES;1: Si | 2: No;11B;pesada), 2022;3;ok;asignado_por_posicion
P11B_18_1;Número de bienes / Otra maquinaria pesada / Operativos;MÓDULO II: EQUIPAMIENTO Y TECNOLOGÍAS DE LA INFORMACIÓN Y COMUNICACIONES;;11B;pesada), 2022;3;ok;sin_valores
P11B_18_2;Número de bienes / Otra maquinaria pesada / No operativos;MÓDULO II: EQUIPAMIENTO Y TECNOLOGÍAS DE LA INFORMACIÓN Y COMUNICACIONES;;11B;pesada), 2022;3;ok;sin_valores
P11B_18_O;¿La municipalidad cuenta con otra maquinaria pesada? / Especifique;MÓDULO II: EQUIPAMIENTO Y TECNOLOGÍAS DE LA INFORMACIÓN Y COMUNICACIONES;;11B;pesada), 2022;3;ok;sin_valores
VFI_P12;Municipalidad informante;MÓDULO II: EQUIPAMIENTO Y TECNOLOGÍAS DE LA INFORMACIÓN Y COMUNICACIONES;0: No informó | 1: Informó;11B;pesada), 2022;3;ok;asignado_por_posicion
P12_1;¿La municipalidad cuenta con línea de telefonía fija instalada y en servicio (no incluye anexos)?;MÓDULO II: EQUIPAMIENTO Y TECNOLOGÍAS DE LA INFORMACIÓN Y COMUNICACIONES;1: Si | 2: No;11B;Municipalidad;3;ok;asignado_por_posicion
P12A_1;Número de líneas de telefonía fija;MÓDULO II: EQUIPAMIENTO Y TECNOLOGÍAS DE LA INFORMACIÓN Y COMUNICACIONES;;12;telefonía instaladas;3;ok;sin_valores
P12_2;¿La municipalidad cuenta con línea de telefonía móvil instalada y en servicio (telefonía celular)?;MÓDULO II: EQUIPAMIENTO Y TECNOLOGÍAS DE LA INFORMACIÓN Y COMUNICACIONES;1: Si | 2: No;12;y en servicio, 2022;3;ok;asignado_por_posicion
P12A_2;Número de líneas de telefonía móviles;MÓDULO II: EQUIPAMIENTO Y TECNOLOGÍAS DE LA INFORMACIÓN Y COMUNICACIONES;;12;y en servicio, 2022;3;ok;sin_valores
VFI_P13;Municipalidad informante;MÓDULO II: EQUIPAMIENTO Y TECNOLOGÍAS DE LA INFORMACIÓN Y COMUNICACIONES;0: No informó | 1: Informó;12;y en servicio, 2022;3;ok;asignado_por_posicion
P13_1;¿La Municipalidad cuenta con computadoras con procesador: Pentium (I, II, III y IV) ?;MÓDULO II: EQUIPAMIENTO Y TECNOLOGÍAS DE LA INFORMACIÓN Y COMUNICACIONES;1: Sí | 2: No;12;y en servicio, 2022;3;ok;asignado_por_posicion
P13A_1;Pentium (I, II, III y IV) / Número de computadoras operativas;MÓDULO II: EQUIPAMIENTO Y TECNOLOGÍAS DE LA INFORMACIÓN Y COMUNICACIONES;;12;y en servicio, 2022;3;ok;sin_valores
P13_2;¿La Municipalidad cuenta con computadoras con procesador: Pentium D y/o Celeron ?;MÓDULO II: EQUIPAMIENTO Y TECNOLOGÍAS DE LA INFORMACIÓN Y COMUNICACIONES;1: Sí | 2: No;12;operativas de la;3;ok;asignado_por_posicion
P13A_2;Pentium D y/o Celeron / Número de computadoras operativas;MÓDULO II: EQUIPAMIENTO Y TECNOLOGÍAS DE LA INFORMACIÓN Y COMUNICACIONES;;13;municipalidad por;3;ok;sin_valores
P13_3;¿La Municipalidad cuenta con computadoras con procesador: Core Duo y/o Core 2 Duo ?;MÓDULO II: EQUIPAMIENTO Y TECNOLOGÍAS DE LA INFORMACIÓN Y COMUNICACIONES;1: Sí | 2: No;13;2022;3;ok;asignado_por_posicion
P13A_3;Core Duo y/o Core 2 Duo / Número de computadoras operativas;MÓDULO II: EQUIPAMIENTO Y TECNOLOGÍAS DE LA INFORMACIÓN Y COMUNICACIONES;;13;2022;3;ok;sin_valores
P13_4;¿La Municipalidad cuenta con computadoras con procesador: Core 2 Quad ?;MÓDULO II: EQUIPAMIENTO Y TECNOLOGÍAS DE LA INFORMACIÓN Y COMUNICACIONES;1: Sí | 2: No;13;2022;3;ok;asignado_por_posicion
P13A_4;Core 2 Quad / Número de computadoras operativas;MÓDULO II: EQUIPAMIENTO Y TECNOLOGÍAS DE LA INFORMACIÓN Y COMUNICACIONES;;13;2022;3;ok;sin_valores
P13_5;¿La Municipalidad cuenta con computadoras con procesador: Core i3 ?;MÓDULO II: EQUIPAMIENTO Y TECNOLOGÍAS DE LA INFORMACIÓN Y COMUNICACIONES;1: Sí | 2: No;13;2022;4;ok;asignado_por_posicion
P13A_5;Core i3 / Número de computadoras operativas;MÓDULO II: EQUIPAMIENTO Y TECNOLOGÍAS DE LA INFORMACIÓN Y COMUNICACIONES;;13;2022;4;ok;sin_valores
P13_6;¿La Municipalidad cuenta con computadoras con procesador: Core i5 ?;MÓDULO II: EQUIPAMIENTO Y TECNOLOGÍAS DE LA INFORMACIÓN Y COMUNICACIONES;1: Sí | 2: No;13;2022;4;ok;asignado_por_posicion
P13A_6;Core i5 / Número de computadoras operativas;MÓDULO II: EQUIPAMIENTO Y TECNOLOGÍAS DE LA INFORMACIÓN Y COMUNICACIONES;;13;2022;4;ok;sin_valores
P13_7;¿La Municipalidad cuenta con computadoras con procesador: Core i7 ?;MÓDULO II: EQUIPAMIENTO Y TECNOLOGÍAS DE LA INFORMACIÓN Y COMUNICACIONES;1: Sí | 2: No;13;operativas de la;4;ok;asignado_por_posicion
P13A_7;Core i7 / Número de computadoras operativas;MÓDULO II: EQUIPAMIENTO Y TECNOLOGÍAS DE LA INFORMACIÓN Y COMUNICACIONES;;13;municipalidad por;4;ok;sin_valores
P13_8;¿La Municipalidad cuenta con computadoras con procesador: AMD (Advanced Micro Device) ?;MÓDULO II: EQUIPAMIENTO Y TECNOLOGÍAS DE LA INFORMACIÓN Y COMUNICACIONES;1: Sí | 2: No;13;2022;4;ok;asignado_por_posicion
P13A_8;ADM (Advanced Micro Device) / Número de computadoras operativas;MÓDULO II: EQUIPAMIENTO Y TECNOLOGÍAS DE LA INFORMACIÓN Y COMUNICACIONES;;13;2022;4;ok;sin_valores
P13_9;¿La Municipalidad cuenta con computadores con procesador: Otro ?;MÓDULO II: EQUIPAMIENTO Y TECNOLOGÍAS DE LA INFORMACIÓN Y COMUNICACIONES;1: Sí | 2: No;13;2022;4;ok;asignado_por_posicion
P13A_9;Otro / Número de computadoras operativas;MÓDULO II: EQUIPAMIENTO Y TECNOLOGÍAS DE LA INFORMACIÓN Y COMUNICACIONES;;13;2022;4;ok;sin_valores
P13A_9_O;Otro / Especifique;MÓDULO II: EQUIPAMIENTO Y TECNOLOGÍAS DE LA INFORMACIÓN Y COMUNICACIONES;;13;2022;4;ok;sin_valores
VFI_P14;Municipalidad informante;MÓDULO II: EQUIPAMIENTO Y TECNOLOGÍAS DE LA INFORMACIÓN Y COMUNICACIONES;0: No informó | 1: Informó;13;2022;4;ok;asignado_por_posicion
P14;¿La municipalidad cuenta con servicio de internet?;MÓDULO II: EQUIPAMIENTO Y TECNOLOGÍAS DE LA INFORMACIÓN Y COMUNICACIONES;1: Cuenta | 2: No cuenta;13;2022;4;ok;asignado_por_posicion
P14A_1;Número de computadoras con acceso a internet;MÓDULO II: EQUIPAMIENTO Y TECNOLOGÍAS DE LA INFORMACIÓN Y COMUNICACIONES;;13;2022;4;ok;sin_valores
P14A_2;Tipo de conexión a internet;MÓDULO II: EQUIPAMIENTO Y TECNOLOGÍAS DE LA INFORMACIÓN Y COMUNICACIONES;1: Banda ancha inalámbrica (Wi-fi) | 2: Banda ancha móvil (Modem, USB) | 3: Línea digital (ADSL,DSL) | 4: Satelital | 5: Cable de fibra óptica;14;2022;4;ok;asignado_por_posicion
VFI_P15;Municipalidad informante;MÓDULO II: EQUIPAMIENTO Y TECNOLOGÍAS DE LA INFORMACIÓN Y COMUNICACIONES;0: No informó | 1: Informó;14;2022;4;ok;asignado_por_posicion
P15_1;¿La municipalidad cuenta con fotocopiadora?;MÓDULO II: EQUIPAMIENTO Y TECNOLOGÍAS DE LA INFORMACIÓN Y COMUNICACIONES;1: Sí | 2: No;14;2022;4;ok;asignado_por_posicion
P15A_1;Fotocopiadoras / Número de equipos operativos;MÓDULO II: EQUIPAMIENTO Y TECNOLOGÍAS DE LA INFORMACIÓN Y COMUNICACIONES;;14;2022;4;ok;sin_valores
P15_2;¿La municipalidad cuenta con escáner?;MÓDULO II: EQUIPAMIENTO Y TECNOLOGÍAS DE LA INFORMACIÓN Y COMUNICACIONES;1: Sí | 2: No;14;2022;4;ok;asignado_por_posicion
P15A_2;Escáner / Número de equipos operativos;MÓDULO II: EQUIPAMIENTO Y TECNOLOGÍAS DE LA INFORMACIÓN Y COMUNICACIONES;;14;2022;4;ok;sin_valores
P15_3;¿La municipalidad cuenta con impresora básica?;MÓDULO II: EQUIPAMIENTO Y TECNOLOGÍAS DE LA INFORMACIÓN Y COMUNICACIONES;1: Sí | 2: No;14;2022;4;ok;asignado_por_posicion
P15A_3;Impresora básica / Número de equipos operativos;MÓDULO II: EQUIPAMIENTO Y TECNOLOGÍAS DE LA INFORMACIÓN Y COMUNICACIONES;;15;cuenta con equipos;4;ok;sin_valores
P15_4;¿La municipalidad cuenta con impresora multifuncional?;MÓDULO II: EQUIPAMIENTO Y TECNOLOGÍAS DE LA INFORMACIÓN Y COMUNICACIONES;1: Sí | 2: No;15;operativos, 2022;4;ok;asignado_por_posicion
P15A_4;Impresora multifuncional / Número de equipos operativos;MÓDULO II: EQUIPAMIENTO Y TECNOLOGÍAS DE LA INFORMACIÓN Y COMUNICACIONES;;15;operativos, 2022;4;ok;sin_valores
P15_5;¿La municipalidad cuenta con proyector multimedia?;MÓDULO II: EQUIPAMIENTO Y TECNOLOGÍAS DE LA INFORMACIÓN Y COMUNICACIONES;1: Sí | 2: No;15;operativos, 2022;4;ok;asignado_por_posicion
P15A_5;Proyector multimedia / Número de equipos operativos;MÓDULO II: EQUIPAMIENTO Y TECNOLOGÍAS DE LA INFORMACIÓN Y COMUNICACIONES;;15;operativos, 2022;4;ok;sin_valores
P15_6;¿La municipalidad cuenta con otro equipo de oficina?;MÓDULO II: EQUIPAMIENTO Y TECNOLOGÍAS DE LA INFORMACIÓN Y COMUNICACIONES;1: Sí | 2: No;15;operativos, 2022;4;ok;asignado_por_posicion
P15A_6;Otro / Número de equipos operativos;MÓDULO II: EQUIPAMIENTO Y TECNOLOGÍAS DE LA INFORMACIÓN Y COMUNICACIONES;;15;operativos, 2022;4;ok;sin_valores
P15A_6_O;Otro / Especifique;MÓDULO II: EQUIPAMIENTO Y TECNOLOGÍAS DE LA INFORMACIÓN Y COMUNICACIONES;;15;operativos, 2022;4;ok;sin_valores
VFI_P16;Municipalidad informante;MÓDULO II: EQUIPAMIENTO Y TECNOLOGÍAS DE LA INFORMACIÓN Y COMUNICACIONES;0: No informó | 1: Informó;15;operativos, 2022;5;ok;asignado_por_posicion
P16_1;Sistema informático implementado por el Estado que utiliza la municipalidad / Registro Unificado de Entidades del Estado Peruano (RUEEP);MÓDULO II: EQUIPAMIENTO Y TECNOLOGÍAS DE LA INFORMACIÓN Y COMUNICACIONES;0: No | 1: Sí;15;operativos, 2022;5;ok;asignado_por_posicion
P16_2;Sistema informático implementado por el Estado que utiliza la municipalidad / Sistema Único deTrámites (SUT);MÓDULO II: EQUIPAMIENTO Y TECNOLOGÍAS DE LA INFORMACIÓN Y COMUNICACIONES;0: No | 2: Sí;15;operativos, 2022;5;ok;asignado_por_posicion
P16_3;Sistema informático implementado por el Estado que utiliza la municipalidad / Sistema Integrado de Gestión Administrativa (SIGA);MÓDULO II: EQUIPAMIENTO Y TECNOLOGÍAS DE LA INFORMACIÓN Y COMUNICACIONES;0: No | 3: Sí;15;operativos, 2022;5;ok;asignado_por_posicion
P16_4;Sistema informático implementado por el Estado que utiliza la municipalidad / Sistema Integrado de Administración Financiera (SIAF);MÓDULO II: EQUIPAMIENTO Y TECNOLOGÍAS DE LA INFORMACIÓN Y COMUNICACIONES;0: No | 4: Sí;15;operativos, 2022;5;ok;asignado_por_posicion
P16_5;Sistema informático implementado por el Estado que utiliza la municipalidad / Sistema de Recaudación Tributaria Municipal (SRTM);MÓDULO II: EQUIPAMIENTO Y TECNOLOGÍAS DE LA INFORMACIÓN Y COMUNICACIONES;0: No | 5: Sí;15;informáticos;5;ok;asignado_por_posicion
P16_6;Sistema informático que utiliza la municipalidad / Saldos de Fondos Públicos (SAFOP);MÓDULO II: EQUIPAMIENTO Y TECNOLOGÍAS DE LA INFORMACIÓN Y COMUNICACIONES;0: No | 6: Sí;16;la municipalidad,;5;ok;asignado_por_posicion
P16_7;Sistema informático implementado por el Estado que utiliza la municipalidad / Sistema de Saneamiento Contable (SISCO);MÓDULO II: EQUIPAMIENTO Y TECNOLOGÍAS DE LA INFORMACIÓN Y COMUNICACIONES;0: No | 7: Sí;16;2022;5;ok;asignado_por_posicion
P16_8;Aplicativo informático para el Registro Centralizado de Planillas y de Datos de los Sistema informático implementado por el Estado que utiliza la municipalidad / Recursos Humanos del Sector Público (AIRHSP);MÓDULO II: EQUIPAMIENTO Y TECNOLOGÍAS DE LA INFORMACIÓN Y COMUNICACIONES;0: No | 8: Sí;16;2022;5;ok;asignado_por_posicion
P16_9;Sistema informático implementado por el Estado que utiliza la municipalidad / Otro aplicativo;MÓDULO II: EQUIPAMIENTO Y TECNOLOGÍAS DE LA INFORMACIÓN Y COMUNICACIONES;0: No | 9: Sí;16;2022;5;ok;asignado_por_posicion
P16_9_O;Sistema informático implementado por el Estado que utiliza la municipalidad / Otro aplicativo / Especifique;MÓDULO II: EQUIPAMIENTO Y TECNOLOGÍAS DE LA INFORMACIÓN Y COMUNICACIONES;;16;2022;5;ok;sin_valores
VFI_P17;Municipalidad informante;MÓDULO II: EQUIPAMIENTO Y TECNOLOGÍAS DE LA INFORMACIÓN Y COMUNICACIONES;0: No informó | 1: Informó;16;2022;5;ok;asignado_por_posicion
P17_1;Sistemas informáticos implementados en la municipalidad para apoyar la gestión / Trámite Documentario;MÓDULO II: EQUIPAMIENTO Y TECNOLOGÍAS DE LA INFORMACIÓN Y COMUNICACIONES;0: No | 1: Sí;16;2022;5;ok;asignado_por_posicion
P17_2;Sistemas informáticos implementados en la municipalidad para apoyar la gestión / Presupuesto;MÓDULO II: EQUIPAMIENTO Y TECNOLOGÍAS DE LA INFORMACIÓN Y COMUNICACIONES;0: No | 2: Sí;16;2022;5;ok;asignado_por_posicion
P17_3;Sistemas informáticos implementados en la municipalidad para apoyar la gestión / Abastecimiento;MÓDULO II: EQUIPAMIENTO Y TECNOLOGÍAS DE LA INFORMACIÓN Y COMUNICACIONES;0: No | 3: Sí;16;2022;5;ok;asignado_por_posicion
P17_4;Sistemas informáticos implementados en la municipalidad para apoyar la gestión / Contabilidad;MÓDULO II: EQUIPAMIENTO Y TECNOLOGÍAS DE LA INFORMACIÓN Y COMUNICACIONES;0: No | 4: Sí;16;2022;5;ok;asignado_por_posicion
P17_5;Sistemas informáticos implementados en la municipalidad para apoyar la gestión / Tesorería;MÓDULO II: EQUIPAMIENTO Y TECNOLOGÍAS DE LA INFORMACIÓN Y COMUNICACIONES;0: No | 5: Sí;16;2022;5;ok;asignado_por_posicion
P17_6;Sistemas informáticos implementados en la municipalidad para apoyar la gestión / Personal;MÓDULO II: EQUIPAMIENTO Y TECNOLOGÍAS DE LA INFORMACIÓN Y COMUNICACIONES;0: No | 6: Sí;16;2022;5;ok;asignado_por_posicion
P17_7;Sistemas informáticos implementados en la municipalidad para apoyar la gestión / Renta y Administración tributaria;MÓDULO II: EQUIPAMIENTO Y TECNOLOGÍAS DE LA INFORMACIÓN Y COMUNICACIONES;0: No | 7: Sí;16;informáticos;5;ok;asignado_por_posicion
P17_8;Sistemas informáticos implementados en la municipalidad para apoyar la gestión / Catastro;MÓDULO II: EQUIPAMIENTO Y TECNOLOGÍAS DE LA INFORMACIÓN Y COMUNICACIONES;0: No | 8: Sí;17;municipalidad para;5;ok;asignado_por_posicion
P17_9;Sistemas informáticos implementados en la municipalidad para apoyar la gestión / Licencia de Funcionamiento;MÓDULO II: EQUIPAMIENTO Y TECNOLOGÍAS DE LA INFORMACIÓN Y COMUNICACIONES;0: No | 9: Sí;17;2022;5;ok;asignado_por_posicion
P17_10;Sistemas informáticos implementados en la municipalidad para apoyar la gestión / Licencia de Edificación y Habilitación Urbana;MÓDULO II: EQUIPAMIENTO Y TECNOLOGÍAS DE LA INFORMACIÓN Y COMUNICACIONES;0: No | 10: Sí;17;2022;5;ok;asignado_por_posicion
P17_11;Sistemas informáticos implementados en la municipalidad para apoyar la gestión / Biblioteca;MÓDULO II: EQUIPAMIENTO Y TECNOLOGÍAS DE LA INFORMACIÓN Y COMUNICACIONES;0: No | 11: Sí;17;2022;5;ok;asignado_por_posicion
P17_12;Sistemas informáticos implementados en la municipalidad para apoyar la gestión / Registro Civil;MÓDULO II: EQUIPAMIENTO Y TECNOLOGÍAS DE LA INFORMACIÓN Y COMUNICACIONES;0: No | 12: Sí;17;2022;5;ok;asignado_por_posicion
P17_13;Sistemas informáticos implementados en la municipalidad para apoyar la gestión / Otro;MÓDULO II: EQUIPAMIENTO Y TECNOLOGÍAS DE LA INFORMACIÓN Y COMUNICACIONES;0: No | 13: Sí;17;2022;5;ok;asignado_por_posicion
P17_13_O;Sistemas informáticos implementados en la municipalidad para apoyar la gestión / Otro / Especifique;MÓDULO II: EQUIPAMIENTO Y TECNOLOGÍAS DE LA INFORMACIÓN Y COMUNICACIONES;;17;2022;5;ok;sin_valores
P17_14;Sistemas informáticos implementados en la municipalidad para apoyar la gestión / No tiene;MÓDULO II: EQUIPAMIENTO Y TECNOLOGÍAS DE LA INFORMACIÓN Y COMUNICACIONES;0: No | 14: Sí;17;2022;5;ok;asignado_por_posicion
VFI_P18;Municipalidad informante;MÓDULO II: EQUIPAMIENTO Y TECNOLOGÍAS DE LA INFORMACIÓN Y COMUNICACIONES;0: No informó | 1: Informó;17;2022;6;ok;asignado_por_posicion
P18;¿La municipalidad tiene Portal de Transparencia Estándar?;MÓDULO II: EQUIPAMIENTO Y TECNOLOGÍAS DE LA INFORMACIÓN Y COMUNICACIONES;1: Sí y está actualizado | 2: No tiene, porque está en proceso de implementación | 3: No tiene, porque desconoce cómo implementarlo | 4: Sí y está desactualizado;18;Transparencia;6;ok;asignado_por_posicion
P18_Portal;Dirección Web del Portal de Transparencia Estándar;MÓDULO II: EQUIPAMIENTO Y TECNOLOGÍAS DE LA INFORMACIÓN Y COMUNICACIONES;;18;Estándar, 2022;6;ok;sin_valores
VFI_P19;Municipalidad informante;MÓDULO III: RECURSOS HUMANOS;0: No informó | 1: Informó;18;Estándar, 2022;6;ok;asignado_por_posicion
P19D_T;Total personal / 31 de diciembre 2021;MÓDULO III: RECURSOS HUMANOS;;18;Estándar, 2022;6;ok;sin_valores
P19D_NM;Total de personal / Decreto Legislativo N° 276 / Nombrado / Mujer / 31 de diciembre 2021;MÓDULO III: RECURSOS HUMANOS;;18;Estándar, 2022;6;ok;sin_valores
P19D_NH;Total de personal / Decreto Legislativo N° 276 / Nombrado / Hombre / 31 de diciembre 2021;MÓDULO III: RECURSOS HUMANOS;;18;Estándar, 2022;6;ok;sin_valores
P19D_CM;Total de personal / Decreto Legislativo N° 276 / Contratado / Mujer / 31 de diciembre 2021;MÓDULO III: RECURSOS HUMANOS;;18;Estándar, 2022;6;ok;sin_valores
P19D_CH;Total de personal / Decreto Legislativo N° 276 / Contratado / Hombre / 31 de diciembre 2021;MÓDULO III: RECURSOS HUMANOS;;18;Estándar, 2022;6;ok;sin_valores
P19D_LM;Total de personal / Decreto Legislativo N° 728 / Mujer / 31 de diciembre 2021;MÓDULO III: RECURSOS HUMANOS;;18;Estándar, 2022;6;ok;sin_valores
P19D_LH;Total de personal / Decreto Legislativo N° 728 / Hombre / 31 de diciembre 2021;MÓDULO III: RECURSOS HUMANOS;;18;Estándar, 2022;6;ok;sin_valores
P19D_VM;Total de personal / Contrato Administrativo de Servicios (CAS) / Mujer / 31 de diciembre 2021;MÓDULO III: RECURSOS HUMANOS;;18;Personal de la;6;ok;sin_valores
P19D_VH;Total de personal / Contrato Administrativo de Servicios (CAS) / Hombre / 31 de diciembre 2021;MÓDULO III: RECURSOS HUMANOS;;19;de diciembre 2021;6;ok;sin_valores
P19_1_T;Total personal / Funcionarios y/o Directivos;MÓDULO III: RECURSOS HUMANOS;;19;de diciembre 2021;6;ok;sin_valores
P19_1_NM;Funcionarios y/o Directivos / Decreto Legislativo N° 276 / Nombrado / Mujer;MÓDULO III: RECURSOS HUMANOS;;19;de diciembre 2021;6;ok;sin_valores
P19_1_NH;Funcionarios y/o Directivos / Decreto Legislativo N° 276 / Nombrado / Hombre;MÓDULO III: RECURSOS HUMANOS;;19;de diciembre 2021;6;ok;sin_valores
P19_1_CM;Funcionarios y/o Directivos / Decreto Legislativo N° 276 / Contratado / Mujer;MÓDULO III: RECURSOS HUMANOS;;19;de diciembre 2021;6;ok;sin_valores
P19_1_CH;Funcionarios y/o Directivos / Decreto Legislativo N° 276 / Contratado / Hombre;MÓDULO III: RECURSOS HUMANOS;;19;de diciembre 2021;6;ok;sin_valores
P19_1_LM;Funcionarios y/o Directivos / Decreto Legislativo N° 728 / Mujer;MÓDULO III: RECURSOS HUMANOS;;19;de diciembre 2021;6;ok;sin_valores
P19_1_LH;Funcionarios y/o Directivos / Decreto Legislativo N° 728 / Hombre;MÓDULO III: RECURSOS HUMANOS;;19;de diciembre 2021;6;ok;sin_valores
P19_1_VM;Funcionarios y/o Directivos / Contrato Administrativo de Servicios (CAS) / Mujer;MÓDULO III: RECURSOS HUMANOS;;19;de diciembre 2021;6;ok;sin_valores
P19_1_VH;Funcionarios y/o Directivos / Contrato Administrativo de Servicios (CAS) / Hombre;MÓDULO III: RECURSOS HUMANOS;;19;de diciembre 2021;6;ok;sin_valores
P19_2_T;Total personal / Empleados / Profesionales;MÓDULO III: RECURSOS HUMANOS;;19;de diciembre 2021;7;ok;sin_valores
P19_2_NM;Empleados / Profesionales / Decreto Legislativo N° 276 / Nombrado / Mujer;MÓDULO III: RECURSOS HUMANOS;;19;de diciembre 2021;7;ok;sin_valores
P19_2_NH;Empleados / Profesionales / Decreto Legislativo N° 276 / Nombrado / Hombre;MÓDULO III: RECURSOS HUMANOS;;19;de diciembre 2021;7;ok;sin_valores
P19_2_CM;Empleados / Profesionales / Decreto Legislativo N° 276 / Contratado / Mujer;MÓDULO III: RECURSOS HUMANOS;;19;de diciembre 2021;7;ok;sin_valores
P19_2_CH;Empleados / Profesionales / Decreto Legislativo N° 276 / Contratado / Hombre;MÓDULO III: RECURSOS HUMANOS;;19;de diciembre 2021;7;ok;sin_valores
P19_2_LM;Empleados / Profesionales / Decreto Legislativo N° 728 / Mujer;MÓDULO III: RECURSOS HUMANOS;;19;de diciembre 2021;7;ok;sin_valores
P19_2_LH;Empleados / Profesionales / Decreto Legislativo N° 728 / Hombre;MÓDULO III: RECURSOS HUMANOS;;19;de diciembre 2021;7;ok;sin_valores
P19_2_VM;Empleados / Profesionales / Contrato Administrativo de Servicios (CAS) / Mujer;MÓDULO III: RECURSOS HUMANOS;;19;de diciembre 2021;7;ok;sin_valores
P19_2_VH;Empleados / Profesionales / Contrato Administrativo de Servicios (CAS) / Hombre;MÓDULO III: RECURSOS HUMANOS;;19;de diciembre 2021;7;ok;sin_valores
P19_3_T;Total personal / Empleados / Técnicos;MÓDULO III: RECURSOS HUMANOS;;19;de diciembre 2021;7;ok;sin_valores
P19_3_NM;Empleados / Técnicos / Decreto Legislativo N° 276 / Nombrado / Mujer;MÓDULO III: RECURSOS HUMANOS;;19;de diciembre 2021;7;ok;sin_valores
P19_3_NH;Empleados / Técnicos / Decreto Legislativo N° 276 / Nombrado / Hombre;MÓDULO III: RECURSOS HUMANOS;;19;de diciembre 2021;7;ok;sin_valores
P19_3_CM;Empleados / Técnicos / Decreto Legislativo N° 276 / Contratado / Mujer;MÓDULO III: RECURSOS HUMANOS;;19;de diciembre 2021;7;ok;sin_valores
P19_3_CH;Empleados / Técnicos / Decreto Legislativo N° 276 / Contratado / Hombre;MÓDULO III: RECURSOS HUMANOS;;19;de diciembre 2021;7;ok;sin_valores
P19_3_LM;Empleados / Técnicos / Decreto Legislativo N° 728 / Mujer;MÓDULO III: RECURSOS HUMANOS;;19;de diciembre 2021;7;ok;sin_valores
P19_3_LH;Empleados / Técnicos / Decreto Legislativo N° 728 / Hombre;MÓDULO III: RECURSOS HUMANOS;;19;de diciembre 2021;7;ok;sin_valores
P19_3_VM;Empleados / Técnicos / Contrato Administrativo de Servicios (CAS) / Mujer;MÓDULO III: RECURSOS HUMANOS;;19;de diciembre 2021;7;ok;sin_valores
P19_3_VH;Empleados / Técnicos / Contrato Administrativo de Servicios (CAS) / Hombre;MÓDULO III: RECURSOS HUMANOS;;19;de diciembre 2021;7;ok;sin_valores
P19_4_T;Total personal / Empleados / Auxiliares;MÓDULO III: RECURSOS HUMANOS;;19;de diciembre 2021;7;ok;sin_valores
P19_4_NM;Empleados / Auxiliares / Decreto Legislativo N° 276 / Nombrado / Mujer;MÓDULO III: RECURSOS HUMANOS;;19;Personal de la;7;ok;sin_valores
P19_4_NH;Empleados / Auxiliares / Decreto Legislativo N° 276 / Nombrado / Hombre;MÓDULO III: RECURSOS HUMANOS;;19;municipalidad, al 31;7;ok;sin_valores
P19_4_CM;Empleados / Auxiliares / Decreto Legislativo N° 276 / Contratado / Mujer;MÓDULO III: RECURSOS HUMANOS;;19;de diciembre 2021;7;ok;sin_valores
P19_4_CH;Empleados / Auxiliares / Decreto Legislativo N° 276 / Contratado / Hombre;MÓDULO III: RECURSOS HUMANOS;;19;de diciembre 2021;7;ok;sin_valores
P19_4_LM;Empleados / Auxiliares / Decreto Legislativo N° 728 / Mujer;MÓDULO III: RECURSOS HUMANOS;;19;de diciembre 2021;7;ok;sin_valores
P19_4_LH;Empleados / Auxiliares / Decreto Legislativo N° 728 / Hombre;MÓDULO III: RECURSOS HUMANOS;;19;de diciembre 2021;7;ok;sin_valores
P19_4_VM;Empleados / Auxiliares / Contrato Administrativo de Servicios (CAS) / Mujer;MÓDULO III: RECURSOS HUMANOS;;19;de diciembre 2021;7;ok;sin_valores
P19_4_VH;Empleados / Auxiliares / Contrato Administrativo de Servicios (CAS) / Hombre;MÓDULO III: RECURSOS HUMANOS;;19;de diciembre 2021;7;ok;sin_valores
P19_5_T;Total personal / Obreros / De limpieza;MÓDULO III: RECURSOS HUMANOS;;19;de diciembre 2021;7;ok;sin_valores
P19_5_NM;Obreros / De limpieza / Decreto Legislativo N° 276 / Nombrado / Mujer;MÓDULO III: RECURSOS HUMANOS;;19;de diciembre 2021;7;ok;sin_valores
P19_5_NH;Obreros / De limpieza / Decreto Legislativo N° 276 / Nombrado / Hombre;MÓDULO III: RECURSOS HUMANOS;;19;de diciembre 2021;7;ok;sin_valores
P19_5_CM;Obreros / De limpieza / Decreto Legislativo N° 276 / Contratado / Mujer;MÓDULO III: RECURSOS HUMANOS;;19;de diciembre 2021;7;ok;sin_valores
P19_5_CH;Obreros / De limpieza / Decreto Legislativo N° 276 / Contratado / Hombre;MÓDULO III: RECURSOS HUMANOS;;19;de diciembre 2021;7;ok;sin_valores
P19_5_LM;Obreros / De limpieza / Decreto Legislativo N° 728 / Mujer;MÓDULO III: RECURSOS HUMANOS;;19;de diciembre 2021;7;ok;sin_valores
P19_5_LH;Obreros / De limpieza / Decreto Legislativo N° 728 / Hombre;MÓDULO III: RECURSOS HUMANOS;;19;de diciembre 2021;7;ok;sin_valores
P19_5_VM;Obreros / De limpieza / Contrato Administrativo de Servicios (CAS) / Mujer;MÓDULO III: RECURSOS HUMANOS;;19;de diciembre 2021;7;ok;sin_valores
P19_5_VH;Obreros / De limpieza / Contrato Administrativo de Servicios (CAS) / Hombre;MÓDULO III: RECURSOS HUMANOS;;19;de diciembre 2021;7;ok;sin_valores
P19_6_T;Total personal / Obreros / Otros;MÓDULO III: RECURSOS HUMANOS;;19;de diciembre 2021;7;ok;sin_valores
P19_6_NM;Obreros / Otros / Decreto Legislativo N° 276 / Nombrado / Mujer;MÓDULO III: RECURSOS HUMANOS;;19;de diciembre 2021;7;ok;sin_valores
P19_6_NH;Obreros / Otros / Decreto Legislativo N° 276 / Nombrado / Hombre;MÓDULO III: RECURSOS HUMANOS;;19;de diciembre 2021;7;ok;sin_valores
P19_6_CM;Obreros / Otros / Decreto Legislativo N° 276 / Contratado / Mujer;MÓDULO III: RECURSOS HUMANOS;;19;de diciembre 2021;7;ok;sin_valores
P19_6_CH;Obreros / Otros / Decreto Legislativo N° 276 / Contratado / Hombre;MÓDULO III: RECURSOS HUMANOS;;19;de diciembre 2021;7;ok;sin_valores
P19_6_LM;Obreros / Otros / Decreto Legislativo N° 728 / Mujer;MÓDULO III: RECURSOS HUMANOS;;19;de diciembre 2021;7;ok;sin_valores
P19_6_LH;Obreros / Otros / Decreto Legislativo N° 728 / Hombre;MÓDULO III: RECURSOS HUMANOS;;19;de diciembre 2021;7;ok;sin_valores
P19_6_VM;Obreros / Otros / Contrato Administrativo de Servicios (CAS) / Mujer;MÓDULO III: RECURSOS HUMANOS;;19;de diciembre 2021;7;ok;sin_valores
P19_6_VH;Obreros / Otros / Contrato Administrativo de Servicios (CAS) / Hombre;MÓDULO III: RECURSOS HUMANOS;;19;de diciembre 2021;7;ok;sin_valores
P19_7_T;Total personal / Personal de Vigilancia / Vigilantes de los locales municipales;MÓDULO III: RECURSOS HUMANOS;;19;de diciembre 2021;8;ok;sin_valores
P19_7_NM;Personal de Vigilancia / Vigilantes de los locales municipales / Decreto Legislativo N° 276 / Nombrado / Mujer;MÓDULO III: RECURSOS HUMANOS;;19;de diciembre 2021;8;ok;sin_valores
P19_7_NH;Personal de Vigilancia / Vigilantes de los locales municipales / Decreto Legislativo N° 276 / Nombrado / Hombre;MÓDULO III: RECURSOS HUMANOS;;19;de diciembre 2021;8;ok;sin_valores
P19_7_CM;Personal de Vigilancia / Vigilantes de los locales municipales / Decreto Legislativo N° 276 / Contratado / Mujer;MÓDULO III: RECURSOS HUMANOS;;19;de diciembre 2021;8;ok;sin_valores
P19_7_CH;Personal de Vigilancia / Vigilantes de los locales municipales / Decreto Legislativo N° 276 / Contratado / Hombre;MÓDULO III: RECURSOS HUMANOS;;19;Personal de la;8;ok;sin_valores
P19_7_LM;Personal de Vigilancia / Vigilantes de los locales municipales / Decreto Legislativo N° 728 / Mujer;MÓDULO III: RECURSOS HUMANOS;;19;de diciembre 2021;8;ok;sin_valores
P19_7_LH;Personal de Vigilancia / Vigilantes de los locales municipales / Decreto Legislativo N° 728 / Hombre;MÓDULO III: RECURSOS HUMANOS;;19;de diciembre 2021;8;ok;sin_valores
P19_7_VM;Personal de Vigilancia / Vigilantes de los locales municipales / Contrato Administrativo de Servicios (CAS) / Mujer;MÓDULO III: RECURSOS HUMANOS;;19;de diciembre 2021;8;ok;sin_valores
P19_7_VH;Personal de Vigilancia / Vigilantes de los locales municipales / Contrato Administrativo de Servicios (CAS) / Hombre;MÓDULO III: RECURSOS HUMANOS;;19;de diciembre 2021;8;ok;sin_valores
P19M_T;Total personal / 31 de marzo 2022;MÓDULO III: RECURSOS HUMANOS;;19;de diciembre 2021;8;ok;sin_valores
P19M_NM;Total de personal / Decreto Legislativo N° 276 / Nombrado / Mujer / 31 de marzo 2022;MÓDULO III: RECURSOS HUMANOS;;19;de diciembre 2021;8;ok;sin_valores
P19M_NH;Total de personal / Decreto Legislativo N° 276 / Nombrado / Hombre / 31 de marzo 2022;MÓDULO III: RECURSOS HUMANOS;;19;de diciembre 2021;8;ok;sin_valores
P19M_CM;Total de personal / Decreto Legislativo N° 276 / Contratado / Mujer / 31 de marzo 2022;MÓDULO III: RECURSOS HUMANOS;;19;de diciembre 2021;8;ok;sin_valores
P19M_CH;Total de personal / Decreto Legislativo N° 276 / Contratado / Hombre / 31 de marzo 2022;MÓDULO III: RECURSOS HUMANOS;;19;municipalidad, al 31;8;ok;sin_valores
P19M_LM;Total de personal / Decreto Legislativo N° 728 / Mujer / 31 de marzo 2022;MÓDULO III: RECURSOS HUMANOS;;19;de marzo 2022;8;ok;sin_valores
P19M_LH;Total de personal / Decreto Legislativo N° 728 / Hombre / 31 de marzo 2022;MÓDULO III: RECURSOS HUMANOS;;19;de marzo 2022;8;ok;sin_valores
P19M_VM;Total de personal / Contrato Administrativo de Servicios (CAS) / Mujer / 31 de marzo 2022;MÓDULO III: RECURSOS HUMANOS;;19;de marzo 2022;8;ok;sin_valores
P19M_VH;Total de personal / Contrato Administrativo de Servicios (CAS) / Hombre / 31 de marzo 2022;MÓDULO III: RECURSOS HUMANOS;;19;de marzo 2022;8;ok;sin_valores
VFI_P19A;Municipalidad informante;MÓDULO III: RECURSOS HUMANOS;0: No informó | 1: Informó;19;de marzo 2022;8;ok;asignado_por_posicion
P19A;¿La Municipalidad tiene personal de Locación de Servicios?;MÓDULO III: RECURSOS HUMANOS;1: Tiene | 2: No tiene;19;municipalidad bajo;8;ok;asignado_por_posicion
P19A_1_T;Personal de Locación de Servicios / Total / 31 de diciembre 2021;MÓDULO III: RECURSOS HUMANOS;;19;la modalidad de;8;ok;sin_valores
P19A_1_M;Personal de Locación de Servicios / Mujer / 31 de diciembre 2021;MÓDULO III: RECURSOS HUMANOS;;19A;Locación de;8;ok;sin_valores
P19A_1_H;Personal de Locación de Servicios / Hombre / 31 de diciembre 2021;MÓDULO III: RECURSOS HUMANOS;;19A;Servicios, al 31 de;8;ok;sin_valores
P19A_2_T;Personal de Locación de Servicios / Total / 31 de marzo 2022;MÓDULO III: RECURSOS HUMANOS;;19A;diciembre 2021 y al;8;ok;sin_valores
P19A_2_M;Personal de Locación de Servicios / Mujer / 31 de marzo 2022;MÓDULO III: RECURSOS HUMANOS;;19A;31 de marzo 2022;8;ok;sin_valores
P19A_2_H;Personal de Locación de Servicios / Hombre / 31 de marzo 2022;MÓDULO III: RECURSOS HUMANOS;;19A;31 de marzo 2022;8;ok;sin_valores
VFI_P20;Municipalidad informante;MÓDULO III: RECURSOS HUMANOS;0: No informó | 1: Informó;19A;31 de marzo 2022;8;ok;asignado_por_posicion
P20;¿La Municipalidad tiene personal con discapacidad?;MÓDULO III: RECURSOS HUMANOS;1: Tiene | 2: No tiene;19A;31 de marzo 2022;8;ok;asignado_por_posicion
P20_1_T;Personal con discapacidad / Total / 31 de diciembre 2021;MÓDULO III: RECURSOS HUMANOS;;19A;discapacidad en la;8;ok;sin_valores
P20_1_M;Personal con discapacidad / Mujer / 31 de diciembre 2021;MÓDULO III: RECURSOS HUMANOS;;20;municipalidad, al 31;8;ok;sin_valores
P20_1_H;Personal con discapacidad / Hombre / 31 de diciembre 2021;MÓDULO III: RECURSOS HUMANOS;;20;al 31 de marzo 2022;8;ok;sin_valores
P20_2_T;Personal con discapacidad / Total / 31 de marzo 2022;MÓDULO III: RECURSOS HUMANOS;;20;al 31 de marzo 2022;8;ok;sin_valores
P20_2_M;Personal con discapacidad / Mujer / 31 de marzo 2022;MÓDULO III: RECURSOS HUMANOS;;20;al 31 de marzo 2022;8;ok;sin_valores
P20_2_H;Personal con discapacidad / Hombre / 31 de marzo 2022;MÓDULO III: RECURSOS HUMANOS;;20;al 31 de marzo 2022;8;ok;sin_valores
VFI_P21;Municipalidad informante;MÓDULO III: RECURSOS HUMANOS;0: No informó | 1: Informó;20;al 31 de marzo 2022;9;ok;asignado_por_posicion
P21;¿La Municipalidad tiene pensionistas?;MÓDULO III: RECURSOS HUMANOS;1: Tiene | 2: No tiene;20;al 31 de marzo 2022;9;ok;asignado_por_posicion
P21_1_T;Decreto Ley N°19990 / Total / 31 de diciembre 2021;MÓDULO III: RECURSOS HUMANOS;;20;al 31 de marzo 2022;9;ok;sin_valores
P21_1_M;Decreto Ley N°19990 / Mujer / 31 de diciembre 2021;MÓDULO III: RECURSOS HUMANOS;;20;al 31 de marzo 2022;9;ok;sin_valores
P21_1_H;Decreto Ley N°19990 / Hombre / 31 de diciembre 2021;MÓDULO III: RECURSOS HUMANOS;;20;al 31 de marzo 2022;9;ok;sin_valores
P21_1_T_20;Decreto Ley N°19990 / Total / 31 de marzo 2022;MÓDULO III: RECURSOS HUMANOS;;20;municipalidad, al 31;9;ok;sin_valores
P21_1_M_20;Decreto Ley N°19990 / Mujer / 31 de marzo 2022;MÓDULO III: RECURSOS HUMANOS;;21;de diciembre 2021 y;9;ok;sin_valores
P21_1_H_20;Decreto Ley N°19990 / Hombre / 31 de marzo 2022;MÓDULO III: RECURSOS HUMANOS;;21;al 31 de marzo 2022;9;ok;sin_valores
P21_2_T;Decreto Ley N°20530 / Total / 31 de diciembre 2021;MÓDULO III: RECURSOS HUMANOS;;21;al 31 de marzo 2022;9;ok;sin_valores
P21_2_M;Decreto Ley N°20530 / Mujer / 31 de diciembre 2021;MÓDULO III: RECURSOS HUMANOS;;21;al 31 de marzo 2022;9;ok;sin_valores
P21_2_H;Decreto Ley N°20530 / Hombre / 31 de diciembre 2021;MÓDULO III: RECURSOS HUMANOS;;21;al 31 de marzo 2022;9;ok;sin_valores
P21_2_T_20;Decreto Ley N°20530 / Total / 31 de marzo 2022;MÓDULO III: RECURSOS HUMANOS;;21;al 31 de marzo 2022;9;ok;sin_valores
P21_2_M_20;Decreto Ley N°20530 / Mujer / 31 de marzo 2022;MÓDULO III: RECURSOS HUMANOS;;21;al 31 de marzo 2022;9;ok;sin_valores
P21_2_H_20;Decreto Ley N°20530 / Hombre / 31 de marzo 2022;MÓDULO III: RECURSOS HUMANOS;;21;al 31 de marzo 2022;9;ok;sin_valores
VFI_P22;Municipalidad informante;MÓDULO III: RECURSOS HUMANOS;0: No informó | 1: Informó;21;al 31 de marzo 2022;9;ok;asignado_por_posicion
P22_AT1;Asistencia técnica que requiere / Acondicionamiento Territorial y Desarrollo Urbano;MÓDULO III: RECURSOS HUMANOS;0: No | 1: Sí;21;al 31 de marzo 2022;9;ok;asignado_por_posicion
P22_AT2;Asistencia técnica que requiere / Administración Tributaria Municipal;MÓDULO III: RECURSOS HUMANOS;0: No | 2: Sí;21;al 31 de marzo 2022;9;ok;asignado_por_posicion
P22_AT3;Asistencia técnica que requiere / Catastro Urbano y Rural;MÓDULO III: RECURSOS HUMANOS;0: No | 3: Sí;21;al 31 de marzo 2022;9;ok;asignado_por_posicion
P22_AT4;Asistencia técnica que requiere / Control Gubernamental (Atención de Auditorías, Control Interno);MÓDULO III: RECURSOS HUMANOS;0: No | 4: Sí;21;al 31 de marzo 2022;9;ok;asignado_por_posicion
P22_AT5;Asistencia técnica que requiere / Estrategia de Gestión Financiera del Riesgo de Desastres;MÓDULO III: RECURSOS HUMANOS;0: No | 5: Sí;21;al 31 de marzo 2022;9;ok;asignado_por_posicion
P22_AT6;Asistencia técnica que requiere / Evaluación del Riesgo de Desastres;MÓDULO III: RECURSOS HUMANOS;0: No | 6: Sí;21;al 31 de marzo 2022;9;ok;asignado_por_posicion
P22_AT7;Asistencia técnica que requiere / Formulación y Evaluación de Proyectos Públicos;MÓDULO III: RECURSOS HUMANOS;0: No | 7: Sí;21;al 31 de marzo 2022;9;ok;asignado_por_posicion
P22_AT8;Asistencia técnica que requiere / Gestión de Estándares para mejorar la Atención al Ciudadano;MÓDULO III: RECURSOS HUMANOS;0: No | 8: Sí;21;Municipalidad que;9;ok;asignado_por_posicion
P22_AT9;Asistencia técnica que requiere / Gestión del Desarrollo Urbano Territorial;MÓDULO III: RECURSOS HUMANOS;0: No | 9: Sí;22;técnica y;9;ok;asignado_por_posicion
P22_AT10;Asistencia técnica que requiere / Gobierno Electrónico Municipal;MÓDULO III: RECURSOS HUMANOS;0: No | 10: Sí;22;capacitación, 2022;9;ok;asignado_por_posicion
P22_AT11;Asistencia técnica que requiere / Indicadores de Gestión Municipal;MÓDULO III: RECURSOS HUMANOS;0: No | 11: Sí;22;capacitación, 2022;9;ok;asignado_por_posicion
P22_AT12;Asistencia técnica que requiere / Metodología de Implementación de Portal de Transparencia Estándar;MÓDULO III: RECURSOS HUMANOS;0: No | 12: Sí;22;capacitación, 2022;9;ok;asignado_por_posicion
P22_AT13;Asistencia técnica que requiere / Metodología de Simplificación Administrativa Pública;MÓDULO III: RECURSOS HUMANOS;0: No | 13: Sí;22;capacitación, 2022;9;ok;asignado_por_posicion
P22_AT14;Asistencia técnica que requiere / Plan de Prevención y Reducción del Riesgo de Desastres;MÓDULO III: RECURSOS HUMANOS;0: No | 14: Sí;22;capacitación, 2022;9;ok;asignado_por_posicion
P22_AT15;Asistencia técnica que requiere / Plan de Reasentamiento Poblacional;MÓDULO III: RECURSOS HUMANOS;0: No | 15: Sí;22;capacitación, 2022;9;ok;asignado_por_posicion
P22_AT16;Asistencia técnica que requiere / Plan Integral de Reconstrucción;MÓDULO III: RECURSOS HUMANOS;0: No | 16: Sí;22;capacitación, 2022;9;ok;asignado_por_posicion
P22_AT17;Asistencia técnica que requiere / Planificación Estratégica Institucional con Enfoque de Género;MÓDULO III: RECURSOS HUMANOS;0: No | 17: Sí;22;capacitación, 2022;9;ok;asignado_por_posicion
P22_AT18;Asistencia técnica que requiere / Población y Desarrollo;MÓDULO III: RECURSOS HUMANOS;0: No | 18: Sí;22;capacitación, 2022;10;ok;asignado_por_posicion
P22_AT19;Asistencia técnica que requiere / Política de Desarrollo e Inclusión Social;MÓDULO III: RECURSOS HUMANOS;0: No | 19: Sí;22;capacitación, 2022;10;ok;asignado_por_posicion
P22_AT20;Asistencia técnica que requiere / Presupuesto con Enfoque a Resultados y Enfoque de Género;MÓDULO III: RECURSOS HUMANOS;0: No | 20: Sí;22;capacitación, 2022;10;ok;asignado_por_posicion
P22_AT21;Asistencia técnica que requiere / Procedimientos Administrativos;MÓDULO III: RECURSOS HUMANOS;0: No | 21: Sí;22;capacitación, 2022;10;ok;asignado_por_posicion
P22_AT22;Asistencia técnica que requiere / Programa de Incentivos a la Mejora de la Gestión Municipal;MÓDULO III: RECURSOS HUMANOS;0: No | 22: Sí;22;capacitación, 2022;10;ok;asignado_por_posicion
P22_AT23;Asistencia técnica que requiere / Sistema de Focalización de Hogares;MÓDULO III: RECURSOS HUMANOS;0: No | 23: Sí;22;capacitación, 2022;10;ok;asignado_por_posicion
P22_AT24;Asistencia técnica que requiere / Otro;MÓDULO III: RECURSOS HUMANOS;0: No | 24: Sí;22;capacitación, 2022;10;ok;asignado_por_posicion
P22_AT24_O;Asistencia técnica que requiere / Otro / Especifique;MÓDULO III: RECURSOS HUMANOS;;22;capacitación, 2022;10;ok;sin_valores
P22_C1;Capacitación que requiere / Acondicionamiento Territorial y Desarrollo Urbano;MÓDULO III: RECURSOS HUMANOS;0: No | 1: Sí;22;capacitación, 2022;10;ok;asignado_por_posicion
P22_C2;Capacitación que requiere / Administración Tributaria Municipal;MÓDULO III: RECURSOS HUMANOS;0: No | 2: Sí;22;capacitación, 2022;10;ok;asignado_por_posicion
P22_C3;Capacitación que requiere / Catastro Urbano y Rural;MÓDULO III: RECURSOS HUMANOS;0: No | 3: Sí;22;capacitación, 2022;10;ok;asignado_por_posicion
P22_C4;Capacitación que requiere / Control Gubernamental (Atención de Auditorías, Control Interno);MÓDULO III: RECURSOS HUMANOS;0: No | 4: Sí;22;capacitación, 2022;10;ok;asignado_por_posicion
P22_C5;Capacitación que requiere / Estrategia de Gestión Financiera del Riesgo de Desastres;MÓDULO III: RECURSOS HUMANOS;0: No | 5: Sí;22;capacitación, 2022;10;ok;asignado_por_posicion
P22_C6;Capacitación que requiere / Evaluación del Riesgo de Desastres;MÓDULO III: RECURSOS HUMANOS;0: No | 6: Sí;22;requiere asistencia;10;ok;asignado_por_posicion
P22_C7;Capacitación que requiere / Formulación y Evaluación de Proyectos Públicos;MÓDULO III: RECURSOS HUMANOS;0: No | 7: Sí;22;capacitación, 2022;10;ok;asignado_por_posicion
P22_C8;Capacitación que requiere / Gestión de Estándares para mejorar la Atención al Ciudadano;MÓDULO III: RECURSOS HUMANOS;0: No | 8: Sí;22;capacitación, 2022;10;ok;asignado_por_posicion
P22_C9;Capacitación que requiere / Gestión del Desarrollo Urbano Territorial;MÓDULO III: RECURSOS HUMANOS;0: No | 9: Sí;22;capacitación, 2022;10;ok;asignado_por_posicion
P22_C10;Capacitación que requiere / Gobierno Electrónico Municipal;MÓDULO III: RECURSOS HUMANOS;0: No | 10: Sí;22;capacitación, 2022;10;ok;asignado_por_posicion
P22_C11;Capacitación que requiere / Indicadores de Gestión Municipal;MÓDULO III: RECURSOS HUMANOS;0: No | 11: Sí;22;capacitación, 2022;10;ok;asignado_por_posicion
P22_C12;Capacitación que requiere / Metodología de Implementación de Portal de Transparencia Estándar;MÓDULO III: RECURSOS HUMANOS;0: No | 12: Sí;22;capacitación, 2022;10;ok;asignado_por_posicion
P22_C13;Capacitación que requiere / Metodología de Simplificación Administrativa Pública;MÓDULO III: RECURSOS HUMANOS;0: No | 13: Sí;22;capacitación, 2022;10;ok;asignado_por_posicion
P22_C14;Capacitación que requiere / Plan de Prevención y Reducción del Riesgo de Desastres;MÓDULO III: RECURSOS HUMANOS;0: No | 14: Sí;22;capacitación, 2022;10;ok;asignado_por_posicion
P22_C15;Capacitación que requiere / Plan de Reasentamiento Poblacional;MÓDULO III: RECURSOS HUMANOS;0: No | 15: Sí;22;capacitación, 2022;10;ok;asignado_por_posicion
P22_C16;Capacitación que requiere / Plan Integral de Reconstrucción;MÓDULO III: RECURSOS HUMANOS;0: No | 16: Sí;22;capacitación, 2022;10;ok;asignado_por_posicion
P22_C17;Capacitación que requiere / Planificación Estratégica Institucional con Enfoque de Género;MÓDULO III: RECURSOS HUMANOS;0: No | 17: Sí;22;capacitación, 2022;10;ok;asignado_por_posicion
P22_C18;Capacitación que requiere / Población y Desarrollo;MÓDULO III: RECURSOS HUMANOS;0: No | 18: Sí;22;capacitación, 2022;10;ok;asignado_por_posicion
P22_C19;Capacitación que requiere / Política de Desarrollo e Inclusión Social;MÓDULO III: RECURSOS HUMANOS;0: No | 19: Sí;22;capacitación, 2022;10;ok;asignado_por_posicion
P22_C20;Capacitación que requiere / Presupuesto con Enfoque a Resultados y Enfoque de Género;MÓDULO III: RECURSOS HUMANOS;0: No | 20: Sí;22;capacitación, 2022;11;ok;asignado_por_posicion
P22_C21;Capacitación que requiere / Procedimientos Administrativos;MÓDULO III: RECURSOS HUMANOS;0: No | 21: Sí;22;capacitación, 2022;11;ok;asignado_por_posicion
P22_C22;Capacitación que requiere / Programa de Incentivos a la Mejora de la Gestión Municipal;MÓDULO III: RECURSOS HUMANOS;0: No | 22: Sí;22;Municipalidad que;11;ok;asignado_por_posicion
P22_C23;Capacitación que requiere / Sistema de Focalización de Hogares;MÓDULO III: RECURSOS HUMANOS;0: No | 23: Sí;22;capacitación, 2022;11;ok;asignado_por_posicion
P22_C24;Capacitación que requiere / Otro;MÓDULO III: RECURSOS HUMANOS;0: No | 24: Sí;22;capacitación, 2022;11;ok;asignado_por_posicion
P22_C24_O;Capacitación que requiere / Otro / Especifique PLANIFICACIÓN MUNICIPAL;MÓDULO III: RECURSOS HUMANOS;;22;capacitación, 2022;11;ok;sin_valores
VFI_P23;Municipalidad informante;MÓDULO IV: COMPETENCIAS Y FUNCIONES DE LA MUNICIPALIDAD;0: No informó | 1: Informó;22;capacitación, 2022;11;ok;asignado_por_posicion
P23_1;Instrumentos de gestión y desarrollo urbano y/o rural que dispone / Plan de Desarrollo Municipal Concertado;MÓDULO IV: COMPETENCIAS Y FUNCIONES DE LA MUNICIPALIDAD;1: Sí | 2: No;22;capacitación, 2022;11;ok;asignado_por_posicion
P23_1_1;Instrumentos de gestión y desarrollo urbano y/o rural que dispone / Plan de Desarrollo Municipal Concertado / Último año de publicación;MÓDULO IV: COMPETENCIAS Y FUNCIONES DE LA MUNICIPALIDAD;;22;capacitación, 2022;11;ok;sin_valores
P23_1_2;Desarrollo Municipal Concertado / N° Resolución de Alcaldía u otra norma que Instrumentos de gestión y desarrollo urbano y/o rural que dispone / Plan de aprueba el instrumento;MÓDULO IV: COMPETENCIAS Y FUNCIONES DE LA MUNICIPALIDAD;;22;capacitación, 2022;11;ok;sin_valores
P23_1_3;Desarrollo Municipal Concertado / Incluye procesos de prevención y reducción Instrumentos de gestión y desarrollo urbano y/o rural que dispone / Plan de del riesgo de desastres;MÓDULO IV: COMPETENCIAS Y FUNCIONES DE LA MUNICIPALIDAD;1: Sí | 2: No;22;capacitación, 2022;11;ok;asignado_por_posicion
P23_1_4;Instrumentos de gestión y desarrollo urbano y/o rural que dispone / Plan de Desarrollo Municipal Concertado / ¿Por qué no tiene?;MÓDULO IV: COMPETENCIAS Y FUNCIONES DE LA MUNICIPALIDAD;1: Falta aprobar por el Concejo Municipal | 2: En elaboración | 3: Falta de recursos para su elaboración | 4: Otro;22;tienen Instrumentos;11;ok;asignado_por_posicion
P23_1_4_O;Instrumentos de gestión y desarrollo urbano y/o rural que dispone / Plan de Desarrollo Municipal Concertado / ¿Por qué no tiene? / Especifique;MÓDULO IV: COMPETENCIAS Y FUNCIONES DE LA MUNICIPALIDAD;;23;y/o rural, 2022;11;ok;sin_valores
P23_2;Instrumentos de gestión y desarrollo urbano y/o rural que dispone / Plan Estratégico Institucional;MÓDULO IV: COMPETENCIAS Y FUNCIONES DE LA MUNICIPALIDAD;1: Sí | 2: No;23;y/o rural, 2022;11;ok;asignado_por_posicion
P23_2_1;Instrumentos de gestión y desarrollo urbano y/o rural que dispone / Plan Estratégico Institucional / Último año de publicación;MÓDULO IV: COMPETENCIAS Y FUNCIONES DE LA MUNICIPALIDAD;;23;y/o rural, 2022;11;ok;sin_valores
P23_2_2;Estratégico Institucional / N° Resolución de Alcaldía u otra norma que aprueba Instrumentos de gestión y desarrollo urbano y/o rural que dispone / Plan el instrumento;MÓDULO IV: COMPETENCIAS Y FUNCIONES DE LA MUNICIPALIDAD;;23;y/o rural, 2022;11;ok;sin_valores
P23_2_3;Estratégico Institucional / Incluye procesos de prevención y reducción del riesgo Instrumentos de gestión y desarrollo urbano y/o rural que dispone / Plan de desastres;MÓDULO IV: COMPETENCIAS Y FUNCIONES DE LA MUNICIPALIDAD;1: Sí | 2: No;23;y/o rural, 2022;11;ok;asignado_por_posicion
P23_2_4;Instrumentos de gestión y desarrollo urbano y/o rural que dispone / Plan Estratégico Institucional / ¿Por qué no tiene?;MÓDULO IV: COMPETENCIAS Y FUNCIONES DE LA MUNICIPALIDAD;1: Falta aprobar por el Concejo Municipal | 2: En elaboración | 3: Falta de recursos para su elaboración | 4: Otro;23;y/o rural, 2022;12;ok;asignado_por_posicion
P23_2_4_O;Instrumentos de gestión y desarrollo urbano y/o rural que dispone / Plan Estratégico Institucional / ¿Por qué no tiene? / Especifique;MÓDULO IV: COMPETENCIAS Y FUNCIONES DE LA MUNICIPALIDAD;;23;y/o rural, 2022;12;ok;sin_valores
P23_3;Instrumentos de gestión y desarrollo urbano y/o rural que dispone / Plan de Desarrollo Económico Local;MÓDULO IV: COMPETENCIAS Y FUNCIONES DE LA MUNICIPALIDAD;1: Sí | 2: No;23;y/o rural, 2022;12;ok;asignado_por_posicion
P23_3_1;Instrumentos de gestión y desarrollo urbano y/o rural que dispone / Plan de Desarrollo Económico Local / Último año de publicación;MÓDULO IV: COMPETENCIAS Y FUNCIONES DE LA MUNICIPALIDAD;;23;y/o rural, 2022;12;ok;sin_valores
P23_3_2;Desarrollo Económico Local / N° Resolución de Alcaldía u otra norma que Instrumentos de gestión y desarrollo urbano y/o rural que dispone / Plan de aprueba el instrumento;MÓDULO IV: COMPETENCIAS Y FUNCIONES DE LA MUNICIPALIDAD;;23;y/o rural, 2022;12;ok;sin_valores
P23_3_4;Instrumentos de gestión y desarrollo urbano y/o rural que dispone / Plan de Desarrollo Económico Local / ¿Por qué no tiene?;MÓDULO IV: COMPETENCIAS Y FUNCIONES DE LA MUNICIPALIDAD;1: Falta aprobar por el Concejo Municipal | 2: En elaboración | 3: Falta de recursos para su elaboración | 4: Otro;23;y/o rural, 2022;12;ok;asignado_por_posicion
P23_3_4_O;Instrumentos de gestión y desarrollo urbano y/o rural que dispone / Plan de Desarrollo Económico Local / ¿Por qué no tiene? / Especifique;MÓDULO IV: COMPETENCIAS Y FUNCIONES DE LA MUNICIPALIDAD;;23;de gestión y;12;ok;sin_valores
P23_4;Instrumentos de gestión y desarrollo urbano y/o rural que dispone / Plan de Acondicionamiento Territorial de Nivel Provincial (Sólo Municipalidad Provincial);MÓDULO IV: COMPETENCIAS Y FUNCIONES DE LA MUNICIPALIDAD;1: Sí | 2: No;23;y/o rural, 2022;12;ok;asignado_por_posicion
P23_4_1;Instrumentos de gestión y desarrollo urbano y/o rural que dispone / Plan de Acondicionamiento Territorial de Nivel Provincial / Último año de publicación;MÓDULO IV: COMPETENCIAS Y FUNCIONES DE LA MUNICIPALIDAD;;23;y/o rural, 2022;12;ok;sin_valores
P23_4_2;Acondicionamiento Territorial de Nivel Provincial / N° Resolución de Alcaldía u Instrumentos de gestión y desarrollo urbano y/o rural que dispone / Plan de otra norma que aprueba el instrumento;MÓDULO IV: COMPETENCIAS Y FUNCIONES DE LA MUNICIPALIDAD;;23;y/o rural, 2022;12;ok;sin_valores
P23_4_3;Acondicionamiento Territorial de Nivel Provincial / Incluye procesos de Instrumentos de gestión y desarrollo urbano y/o rural que dispone / Plan de prevención y reducción del riesgo de desastres;MÓDULO IV: COMPETENCIAS Y FUNCIONES DE LA MUNICIPALIDAD;1: Sí | 2: No;23;y/o rural, 2022;12;ok;asignado_por_posicion
P23_4_4;Instrumentos de gestión y desarrollo urbano y/o rural que dispone / Plan de Acondicionamiento Territorial de Nivel Provincial / ¿Por qué no tiene?;MÓDULO IV: COMPETENCIAS Y FUNCIONES DE LA MUNICIPALIDAD;1: Falta aprobar por el Concejo Municipal | 2: En elaboración | 3: Falta de recursos para su elaboración | 4: Otro;23;y/o rural, 2022;12;ok;asignado_por_posicion
P23_4_4_O;Acondicionamiento Territorial de Nivel Provincial / ¿Por qué no tiene? / Instrumentos de gestión y desarrollo urbano y/o rural que dispone / Plan de Especifique;MÓDULO IV: COMPETENCIAS Y FUNCIONES DE LA MUNICIPALIDAD;;23;y/o rural, 2022;12;ok;sin_valores
P23_5;Instrumentos de gestión y desarrollo urbano y/o rural que dispone / Plan de Desarrollo Urbano;MÓDULO IV: COMPETENCIAS Y FUNCIONES DE LA MUNICIPALIDAD;1: Sí | 2: No;23;y/o rural, 2022;12;ok;asignado_por_posicion
P23_5_1;Instrumentos de gestión y desarrollo urbano y/o rural que dispone / Plan de Desarrollo Urbano / Último año de publicación;MÓDULO IV: COMPETENCIAS Y FUNCIONES DE LA MUNICIPALIDAD;;23;y/o rural, 2022;12;ok;sin_valores
P23_5_2;Desarrollo Urbano / N° Resolución de Alcaldía u otra norma que aprueba el Instrumentos de gestión y desarrollo urbano y/o rural que dispone / Plan de instrumento;MÓDULO IV: COMPETENCIAS Y FUNCIONES DE LA MUNICIPALIDAD;;23;y/o rural, 2022;13;ok;sin_valores
P23_5_3;Desarrollo Urbano / Incluye procesos de prevención y reducción del riesgo de Instrumentos de gestión y desarrollo urbano y/o rural que dispone / Plan de desastres;MÓDULO IV: COMPETENCIAS Y FUNCIONES DE LA MUNICIPALIDAD;1: Sí | 2: No;23;y/o rural, 2022;13;ok;asignado_por_posicion
P23_5_4;Instrumentos de gestión y desarrollo urbano y/o rural que dispone / Plan de Desarrollo Urbano / ¿Por qué no tiene?;MÓDULO IV: COMPETENCIAS Y FUNCIONES DE LA MUNICIPALIDAD;1: Falta aprobar por el Concejo Municipal | 2: En elaboración | 3: Falta de recursos para su elaboración | 4: Otro;23;y/o rural, 2022;13;ok;asignado_por_posicion
P23_5_4_O;Instrumentos de gestión y desarrollo urbano y/o rural que dispone / Plan de Desarrollo Urbano / ¿Por qué no tiene? / Especifique;MÓDULO IV: COMPETENCIAS Y FUNCIONES DE LA MUNICIPALIDAD;;23;y/o rural, 2022;13;ok;sin_valores
P23_6;Instrumentos de gestión y desarrollo urbano y/o rural que dispone / Esquema de Ordenamiento Urbano;MÓDULO IV: COMPETENCIAS Y FUNCIONES DE LA MUNICIPALIDAD;1: Sí | 2: No;23;y/o rural, 2022;13;ok;asignado_por_posicion
P23_6_1;Instrumentos de gestión y desarrollo urbano y/o rural que dispone / Esquema de Ordenamiento Urbano / Último año de publicación;MÓDULO IV: COMPETENCIAS Y FUNCIONES DE LA MUNICIPALIDAD;;23;y/o rural, 2022;13;ok;sin_valores
P23_6_2;Ordenamiento Urbano / N° Resolución de Alcaldía u otra norma que aprueba el Instrumentos de gestión y desarrollo urbano y/o rural que dispone / Esquema de instrumento;MÓDULO IV: COMPETENCIAS Y FUNCIONES DE LA MUNICIPALIDAD;;23;y/o rural, 2022;13;ok;sin_valores
P23_6_3;Ordenamiento Urbano / Incluye procesos de prevención y reducción del riesgo de Instrumentos de gestión y desarrollo urbano y/o rural que dispone / Esquema de desastres;MÓDULO IV: COMPETENCIAS Y FUNCIONES DE LA MUNICIPALIDAD;1: Sí | 2: No;23;y/o rural, 2022;13;ok;asignado_por_posicion
P23_6_4;Instrumentos de gestión y desarrollo urbano y/o rural que dispone / Esquema de Ordenamiento Urbano / ¿Por qué no tiene?;MÓDULO IV: COMPETENCIAS Y FUNCIONES DE LA MUNICIPALIDAD;1: Falta aprobar por el Concejo Municipal | 2: En elaboración | 3: Falta de recursos para su elaboración | 4: Otro;23;y/o rural, 2022;13;ok;asignado_por_posicion
P23_6_4_O;Instrumentos de gestión y desarrollo urbano y/o rural que dispone / Esquema de Ordenamiento Urbano / ¿Por qué no tiene? / Especifique;MÓDULO IV: COMPETENCIAS Y FUNCIONES DE LA MUNICIPALIDAD;;23;y/o rural, 2022;13;ok;sin_valores
P23_7;Instrumentos de gestión y desarrollo urbano y/o rural que dispone / Plan de Desarrollo Rural;MÓDULO IV: COMPETENCIAS Y FUNCIONES DE LA MUNICIPALIDAD;1: Sí | 2: No;23;y/o rural, 2022;13;ok;asignado_por_posicion
P23_7_1;Instrumentos de gestión y desarrollo urbano y/o rural que dispone / Plan de Desarrollo Rural / Último año de publicación;MÓDULO IV: COMPETENCIAS Y FUNCIONES DE LA MUNICIPALIDAD;;23;y/o rural, 2022;13;ok;sin_valores
P23_7_2;Desarrollo Rural / N° Resolución de Alcaldía u otra norma que aprueba el Instrumentos de gestión y desarrollo urbano y/o rural que dispone / Plan de instrumento;MÓDULO IV: COMPETENCIAS Y FUNCIONES DE LA MUNICIPALIDAD;;23;y/o rural, 2022;13;ok;sin_valores
P23_7_3;Desarrollo Rural / Incluye procesos de prevención y reducción del riesgo de Instrumentos de gestión y desarrollo urbano y/o rural que dispone / Plan de desastres;MÓDULO IV: COMPETENCIAS Y FUNCIONES DE LA MUNICIPALIDAD;1: Sí | 2: No;23;y/o rural, 2022;13;ok;asignado_por_posicion
P23_7_4;Instrumentos de gestión y desarrollo urbano y/o rural que dispone / Plan de Desarrollo Rural / ¿Por qué no tiene?;MÓDULO IV: COMPETENCIAS Y FUNCIONES DE LA MUNICIPALIDAD;1: Falta aprobar por el Concejo Municipal | 2: En elaboración | 3: Falta de recursos para su elaboración | 4: Otro;23;y/o rural, 2022;13;ok;asignado_por_posicion
P23_7_4_O;Instrumentos de gestión y desarrollo urbano y/o rural que dispone / Plan de Desarrollo Rural / ¿Por qué no tiene? / Especifique;MÓDULO IV: COMPETENCIAS Y FUNCIONES DE LA MUNICIPALIDAD;;23;y/o rural, 2022;14;ok;sin_valores
P23_8;Instrumentos de gestión y desarrollo urbano y/o rural que dispone / Plan de Desarrollo de Capacidades;MÓDULO IV: COMPETENCIAS Y FUNCIONES DE LA MUNICIPALIDAD;1: Sí | 2: No;23;y/o rural, 2022;14;ok;asignado_por_posicion
P23_8_1;Instrumentos de gestión y desarrollo urbano y/o rural que dispone / Plan de Desarrollo de Capacidades / Último año de publicación;MÓDULO IV: COMPETENCIAS Y FUNCIONES DE LA MUNICIPALIDAD;;23;y/o rural, 2022;14;ok;sin_valores
P23_8_2;Desarrollo de Capacidades / N° Resolución de Alcaldía u otra norma que Instrumentos de gestión y desarrollo urbano y/o rural que dispone / Plan de aprueba el instrumento;MÓDULO IV: COMPETENCIAS Y FUNCIONES DE LA MUNICIPALIDAD;;23;y/o rural, 2022;14;ok;sin_valores
P23_8_3;Desarrollo de Capacidades / Incluye procesos de prevención y reducción del Instrumentos de gestión y desarrollo urbano y/o rural que dispone / Plan de riesgo de desastres;MÓDULO IV: COMPETENCIAS Y FUNCIONES DE LA MUNICIPALIDAD;1: Sí | 2: No;23;y/o rural, 2022;14;ok;asignado_por_posicion
P23_8_4;Instrumentos de gestión y desarrollo urbano y/o rural que dispone / Plan de Desarrollo de Capacidades / ¿Por qué no tiene?;MÓDULO IV: COMPETENCIAS Y FUNCIONES DE LA MUNICIPALIDAD;1: Falta aprobar por el Concejo Municipal | 2: En elaboración | 3: Falta de recursos para su elaboración | 4: Otro;23;y/o rural, 2022;14;ok;asignado_por_posicion
P23_8_4_O;Instrumentos de gestión y desarrollo urbano y/o rural que dispone / Plan de Desarrollo de Capacidades / ¿Por qué no tiene? / Especifique;MÓDULO IV: COMPETENCIAS Y FUNCIONES DE LA MUNICIPALIDAD;;23;y/o rural, 2022;14;ok;sin_valores
P23_9;Instrumentos de gestión y desarrollo urbano y/o rural que dispone / Reglamento de Organización y Funciones;MÓDULO IV: COMPETENCIAS Y FUNCIONES DE LA MUNICIPALIDAD;1: Sí | 2: No;23;y/o rural, 2022;14;ok;asignado_por_posicion
P23_9_1;Instrumentos de gestión y desarrollo urbano y/o rural que dispone / Reglamento de Organización y Funciones / Último año de publicación;MÓDULO IV: COMPETENCIAS Y FUNCIONES DE LA MUNICIPALIDAD;;23;Municipalidades que;14;ok;sin_valores
P23_9_2;de Organización y Funciones / N° Resolución de Alcaldía u otra norma que Instrumentos de gestión y desarrollo urbano y/o rural que dispone / Reglamento aprueba el instrumento;MÓDULO IV: COMPETENCIAS Y FUNCIONES DE LA MUNICIPALIDAD;;23;desarrollo urbano;14;ok;sin_valores
P23_9_3;de Organización y Funciones / Incluye procesos de prevención y reducción del Instrumentos de gestión y desarrollo urbano y/o rural que dispone / Reglamento riesgo de desastres;MÓDULO IV: COMPETENCIAS Y FUNCIONES DE LA MUNICIPALIDAD;1: Sí | 2: No;23;y/o rural, 2022;14;ok;asignado_por_posicion
P23_9_4;Instrumentos de gestión y desarrollo urbano y/o rural que dispone / Reglamento de Organización y Funciones / ¿Por qué no tiene?;MÓDULO IV: COMPETENCIAS Y FUNCIONES DE LA MUNICIPALIDAD;1: Falta aprobar por el Concejo Municipal | 2: En elaboración | 3: Falta de recursos para su elaboración | 4: Otro;23;y/o rural, 2022;14;ok;asignado_por_posicion
P23_9_4_O;Instrumentos de gestión y desarrollo urbano y/o rural que dispone / Reglamento de Organización y Funciones / ¿Por qué no tiene? / Especifique;MÓDULO IV: COMPETENCIAS Y FUNCIONES DE LA MUNICIPALIDAD;;23;y/o rural, 2022;14;ok;sin_valores
P23_10;Instrumentos de gestión y desarrollo urbano y/o rural que dispone / Manual de Organización y Funciones;MÓDULO IV: COMPETENCIAS Y FUNCIONES DE LA MUNICIPALIDAD;1: Sí | 2: No;23;y/o rural, 2022;14;ok;asignado_por_posicion
P23_10_1;Instrumentos de gestión y desarrollo urbano y/o rural que dispone / Manual de Organización y Funciones / Último año de publicación;MÓDULO IV: COMPETENCIAS Y FUNCIONES DE LA MUNICIPALIDAD;;23;y/o rural, 2022;14;ok;sin_valores
P23_10_2;Organización y Funciones / N° Resolución de Alcaldía u otra norma que aprueba Instrumentos de gestión y desarrollo urbano y/o rural que dispone / Manual de el instrumento;MÓDULO IV: COMPETENCIAS Y FUNCIONES DE LA MUNICIPALIDAD;;23;y/o rural, 2022;14;ok;sin_valores
P23_10_3;Organización y Funciones / Incluye procesos de prevención y reducción del Instrumentos de gestión y desarrollo urbano y/o rural que dispone / Manual de riesgo de desastres;MÓDULO IV: COMPETENCIAS Y FUNCIONES DE LA MUNICIPALIDAD;1: Sí | 2: No;23;y/o rural, 2022;14;ok;asignado_por_posicion
P23_10_4;Instrumentos de gestión y desarrollo urbano y/o rural que dispone / Manual de Organización y Funciones / ¿Por qué no tiene?;MÓDULO IV: COMPETENCIAS Y FUNCIONES DE LA MUNICIPALIDAD;1: Falta aprobar por el Concejo Municipal | 2: En elaboración | 3: Falta de recursos para su elaboración | 4: Otro;23;y/o rural, 2022;15;ok;asignado_por_posicion
P23_10_4_O;Instrumentos de gestión y desarrollo urbano y/o rural que dispone / Manual de Organización y Funciones / ¿Por qué no tiene? / Especifique;MÓDULO IV: COMPETENCIAS Y FUNCIONES DE LA MUNICIPALIDAD;;23;y/o rural, 2022;15;ok;sin_valores
P23_11;Instrumentos de gestión y desarrollo urbano y/o rural que dispone / Cuadro de Asignación de Personal;MÓDULO IV: COMPETENCIAS Y FUNCIONES DE LA MUNICIPALIDAD;1: Sí | 2: No;23;y/o rural, 2022;15;ok;asignado_por_posicion
P23_11_1;Instrumentos de gestión y desarrollo urbano y/o rural que dispone / Cuadro de Asignación de Personal / Último año de publicación;MÓDULO IV: COMPETENCIAS Y FUNCIONES DE LA MUNICIPALIDAD;;23;y/o rural, 2022;15;ok;sin_valores
P23_11_2;Asignación de Personal / N° Resolución de Alcaldía u otra norma que aprueba el Instrumentos de gestión y desarrollo urbano y/o rural que dispone / Cuadro de instrumento;MÓDULO IV: COMPETENCIAS Y FUNCIONES DE LA MUNICIPALIDAD;;23;y/o rural, 2022;15;ok;sin_valores
P23_11_4;Instrumentos de gestión y desarrollo urbano y/o rural que dispone / Cuadro de Asignación de Personal / ¿Por qué no tiene?;MÓDULO IV: COMPETENCIAS Y FUNCIONES DE LA MUNICIPALIDAD;1: Falta aprobar por el Concejo Municipal | 2: En elaboración | 3: Falta de recursos para su elaboración | 4: Otro;23;y/o rural, 2022;15;ok;asignado_por_posicion
P23_11_4_O;Instrumentos de gestión y desarrollo urbano y/o rural que dispone / Cuadro de Asignación de Personal / ¿Por qué no tiene? / Especifique;MÓDULO IV: COMPETENCIAS Y FUNCIONES DE LA MUNICIPALIDAD;;23;de gestión y;15;ok;sin_valores
P23_12;Instrumentos de gestión y desarrollo urbano y/o rural que dispone / Manual de Procedimientos;MÓDULO IV: COMPETENCIAS Y FUNCIONES DE LA MUNICIPALIDAD;1: Sí | 2: No;23;y/o rural, 2022;15;ok;asignado_por_posicion
P23_12_1;Instrumentos de gestión y desarrollo urbano y/o rural que dispone / Manual de Procedimientos / Último año de publicación;MÓDULO IV: COMPETENCIAS Y FUNCIONES DE LA MUNICIPALIDAD;;23;y/o rural, 2022;15;ok;sin_valores
P23_12_2;Procedimientos / N° Resolución de Alcaldía u otra norma que aprueba el Instrumentos de gestión y desarrollo urbano y/o rural que dispone / Manual de instrumento;MÓDULO IV: COMPETENCIAS Y FUNCIONES DE LA MUNICIPALIDAD;;23;y/o rural, 2022;15;ok;sin_valores
P23_12_4;Instrumentos de gestión y desarrollo urbano y/o rural que dispone / Manual de Procedimientos / ¿Por qué no tiene?;MÓDULO IV: COMPETENCIAS Y FUNCIONES DE LA MUNICIPALIDAD;1: Falta aprobar por el Concejo Municipal | 2: En elaboración | 3: Falta de recursos para su elaboración | 4: Otro;23;y/o rural, 2022;15;ok;asignado_por_posicion
P23_12_4_O;Instrumentos de gestión y desarrollo urbano y/o rural que dispone / Manual de Procedimientos / ¿Por qué no tiene? / Especifique;MÓDULO IV: COMPETENCIAS Y FUNCIONES DE LA MUNICIPALIDAD;;23;y/o rural, 2022;15;ok;sin_valores
P23_13;Instrumentos de gestión y desarrollo urbano y/o rural que dispone / Plan Local de Igualdad de Género;MÓDULO IV: COMPETENCIAS Y FUNCIONES DE LA MUNICIPALIDAD;1: Sí | 2: No;23;y/o rural, 2022;15;ok;asignado_por_posicion
P23_13_1;Instrumentos de gestión y desarrollo urbano y/o rural que dispone / Plan Local de Igualdad de Género / Último año de publicación;MÓDULO IV: COMPETENCIAS Y FUNCIONES DE LA MUNICIPALIDAD;;23;y/o rural, 2022;15;ok;sin_valores
P23_13_2;Igualdad de Género / N° Resolución de Alcaldía u otra norma que aprueba el Instrumentos de gestión y desarrollo urbano y/o rural que dispone / Plan Local de instrumento;MÓDULO IV: COMPETENCIAS Y FUNCIONES DE LA MUNICIPALIDAD;;23;y/o rural, 2022;15;ok;sin_valores
P23_13_4;Instrumentos de gestión y desarrollo urbano y/o rural que dispone / Plan Local de Igualdad de Género / ¿Por qué no tiene?;MÓDULO IV: COMPETENCIAS Y FUNCIONES DE LA MUNICIPALIDAD;1: Falta aprobar por el Consejo Municipal | 2: En elaboración | 3: Falta de recursos para su elaboración | 4: Otro;23;y/o rural, 2022;16;ok;asignado_por_posicion
P23_13_4_O;Instrumentos de gestión y desarrollo urbano y/o rural que dispone / Plan Local de Igualdad de Género / ¿Por qué no tiene? / Especifique;MÓDULO IV: COMPETENCIAS Y FUNCIONES DE LA MUNICIPALIDAD;;23;y/o rural, 2022;16;ok;sin_valores
P23_15;Instrumentos de gestión y desarrollo urbano y/o rural que dispone / Plan de Accesibilidad Local;MÓDULO IV: COMPETENCIAS Y FUNCIONES DE LA MUNICIPALIDAD;1: Sí | 2: No;23;y/o rural, 2022;16;ok;asignado_por_posicion
P23_15_1;Instrumentos de gestión y desarrollo urbano y/o rural que dispone / Plan de Accesibilidad Local / Último año de publicación;MÓDULO IV: COMPETENCIAS Y FUNCIONES DE LA MUNICIPALIDAD;;23;y/o rural, 2022;16;ok;sin_valores
P23_15_2;Accesibilidad Local / N° Resolución de Alcaldía u otra norma que aprueba el Instrumentos de gestión y desarrollo urbano y/o rural que dispone / Plan de instrumento;MÓDULO IV: COMPETENCIAS Y FUNCIONES DE LA MUNICIPALIDAD;;23;y/o rural, 2022;16;ok;sin_valores
P23_15_4;Instrumentos de gestión y desarrollo urbano y/o rural que dispone / Plan de Accesibilidad Local / ¿Por qué no tiene?;MÓDULO IV: COMPETENCIAS Y FUNCIONES DE LA MUNICIPALIDAD;1: Falta aprobar por el Concejo Municipal | 2: En elaboración | 3: Falta de recursos para su elaboración | 4: Otro;23;y/o rural, 2022;16;ok;asignado_por_posicion
P23_15_4_O;Instrumentos de gestión y desarrollo urbano y/o rural que dispone / Plan de Accesibilidad Local / ¿Por qué no tiene? / Especifique;MÓDULO IV: COMPETENCIAS Y FUNCIONES DE LA MUNICIPALIDAD;;23;de gestión y;16;ok;sin_valores
P23_16;Instrumentos de gestión y desarrollo urbano y/o rural que dispone / Plan Local de Preparación y Respuesta Frente al COVID-19;MÓDULO IV: COMPETENCIAS Y FUNCIONES DE LA MUNICIPALIDAD;1: Sí | 2: No;23;y/o rural, 2022;16;ok;asignado_por_posicion
P23_16_1;Instrumentos de gestión y desarrollo urbano y/o rural que dispone / Plan Local de Preparación y Respuesta Frente al COVID-19 / Último año de publicación;MÓDULO IV: COMPETENCIAS Y FUNCIONES DE LA MUNICIPALIDAD;;23;y/o rural, 2022;16;ok;sin_valores
P23_16_2;Preparación y Respuesta Frente al COVID-19 / N° Resolución de Alcaldía u otra Instrumentos de gestión y desarrollo urbano y/o rural que dispone / Plan Local de norma que aprueba el instrumento;MÓDULO IV: COMPETENCIAS Y FUNCIONES DE LA MUNICIPALIDAD;;23;y/o rural, 2022;16;ok;sin_valores
P23_16_3;Preparación y Respuesta Frente al COVID-19 / Incluye procesos de prevención y Instrumentos de gestión y desarrollo urbano y/o rural que dispone / Plan Local de reducción del riesgo de desastres;MÓDULO IV: COMPETENCIAS Y FUNCIONES DE LA MUNICIPALIDAD;1: Sí | 2: No;23;y/o rural, 2022;16;ok;asignado_por_posicion
P23_16_4;Instrumentos de gestión y desarrollo urbano y/o rural que dispone / Plan Local de Preparación y Respuesta Frente al COVID-19 / ¿Por qué no tiene?;MÓDULO IV: COMPETENCIAS Y FUNCIONES DE LA MUNICIPALIDAD;1: Falta aprobar por el Concejo Municipal | 2: En elaboración | 3: Falta de recursos para su elaboración | 4: Otro;23;y/o rural, 2022;16;ok;asignado_por_posicion
P23_16_4_O;Instrumentos de gestión y desarrollo urbano y/o rural que dispone / Plan Local de Preparación y Respuesta Frente al COVID-19 / ¿Por qué no tiene? / Especifique;MÓDULO IV: COMPETENCIAS Y FUNCIONES DE LA MUNICIPALIDAD;;23;y/o rural, 2022;16;ok;sin_valores
P23_14;Instrumentos de gestión y desarrollo urbano y/o rural que dispone / Otro;MÓDULO IV: COMPETENCIAS Y FUNCIONES DE LA MUNICIPALIDAD;1: Sí | 2: No;23;y/o rural, 2022;16;ok;asignado_por_posicion
P23_14_1_O;Instrumentos de gestión y desarrollo urbano y/o rural que dispone / Otro / Especifique (Nombre del instrumento);MÓDULO IV: COMPETENCIAS Y FUNCIONES DE LA MUNICIPALIDAD;;23;y/o rural, 2022;16;ok;sin_valores
P23_14_1;Instrumentos de gestión y desarrollo urbano y/o rural que dispone / Otro / Último año de publicación;MÓDULO IV: COMPETENCIAS Y FUNCIONES DE LA MUNICIPALIDAD;;23;y/o rural, 2022;17;ok;sin_valores
P23_14_2;Instrumentos de gestión y desarrollo urbano y/o rural que dispone / Otro / N° Resolución de Alcaldía u otra norma que aprueba el instrumento;MÓDULO IV: COMPETENCIAS Y FUNCIONES DE LA MUNICIPALIDAD;;23;de gestión y;17;ok;sin_valores
P23_14_3;Instrumentos de gestión y desarrollo urbano y/o rural que dispone / Otro / Incluye procesos de prevención y reducción del riesgo de desastres;MÓDULO IV: COMPETENCIAS Y FUNCIONES DE LA MUNICIPALIDAD;1: Sí | 2: No;23;y/o rural, 2022;17;ok;asignado_por_posicion
VFI_P24;Municipalidad informante;MÓDULO IV: COMPETENCIAS Y FUNCIONES DE LA MUNICIPALIDAD;0: No Informó | 1: Informó;23;y/o rural, 2022;17;ok;asignado_por_posicion
P24;¿La municipalidad tiene conformado el Consejo de Coordinación Local (CCL)?;MÓDULO IV: COMPETENCIAS Y FUNCIONES DE LA MUNICIPALIDAD;1: Sí | 2: No tiene conformado;23;y/o rural, 2022;17;ok;asignado_por_posicion
P24_1_T;Miembros del Consejo de Coordinación Local / Concejo Municipal Provincial o Distrital / Total;MÓDULO IV: COMPETENCIAS Y FUNCIONES DE LA MUNICIPALIDAD;;23;y/o rural, 2022;17;ok;sin_valores
P24_1_M;Miembros del Consejo de Coordinación Local / Concejo Municipal Provincial o Distrital / Mujer;MÓDULO IV: COMPETENCIAS Y FUNCIONES DE LA MUNICIPALIDAD;;23;y/o rural, 2022;17;ok;sin_valores
P24_1_H;Miembros del Consejo de Coordinación Local / Concejo Municipal Provincial o Distrital / Hombre;MÓDULO IV: COMPETENCIAS Y FUNCIONES DE LA MUNICIPALIDAD;;23;y/o rural, 2022;17;ok;sin_valores
P24_2_T;Miembros del Consejo de Coordinación Local / Alcaldes Distritales / Total (Solo municipalidad provincial);MÓDULO IV: COMPETENCIAS Y FUNCIONES DE LA MUNICIPALIDAD;;23;y/o rural, 2022;17;ok;sin_valores
P24_2_M;Miembros del Consejo de Coordinación Local / Alcaldes Distritales / Mujer (Solo municipalidad provincial);MÓDULO IV: COMPETENCIAS Y FUNCIONES DE LA MUNICIPALIDAD;;23;Consejo de;17;ok;sin_valores
P24_2_H;Miembros del Consejo de Coordinación Local / Alcaldes Distritales / Hombre (Solo municipalidad provincial);MÓDULO IV: COMPETENCIAS Y FUNCIONES DE LA MUNICIPALIDAD;;24;(CCL), al 31 de;17;ok;sin_valores
P24_3_T;Miembros del Consejo de Coordinación Local / Alcaldes de Centros Poblados / Total (Solo municipalidad distrital);MÓDULO IV: COMPETENCIAS Y FUNCIONES DE LA MUNICIPALIDAD;;24;diciembre 2021;17;ok;sin_valores
P24_3_M;Miembros del Consejo de Coordinación Local / Alcaldes de Centros Poblados / Mujer (Solo municipalidad distrital);MÓDULO IV: COMPETENCIAS Y FUNCIONES DE LA MUNICIPALIDAD;;24;diciembre 2021;17;ok;sin_valores
P24_3_H;Miembros del Consejo de Coordinación Local / Alcaldes de Centros Poblados / Hombre (Solo municipalidad distrital);MÓDULO IV: COMPETENCIAS Y FUNCIONES DE LA MUNICIPALIDAD;;24;diciembre 2021;17;ok;sin_valores
P24_4_T;Miembros del Consejo de Coordinación Local / Representantes de la Sociedad Civil / Total;MÓDULO IV: COMPETENCIAS Y FUNCIONES DE LA MUNICIPALIDAD;;24;diciembre 2021;17;ok;sin_valores
P24_4_M;Miembros del Consejo de Coordinación Local / Representantes de la Sociedad Civil / Mujer;MÓDULO IV: COMPETENCIAS Y FUNCIONES DE LA MUNICIPALIDAD;;24;diciembre 2021;17;ok;sin_valores
P24_4_H;Miembros del Consejo de Coordinación Local / Representantes de la Sociedad Civil / Hombre;MÓDULO IV: COMPETENCIAS Y FUNCIONES DE LA MUNICIPALIDAD;;24;diciembre 2021;17;ok;sin_valores
VFI_P25;Municipalidad informante;MÓDULO IV: COMPETENCIAS Y FUNCIONES DE LA MUNICIPALIDAD;0: No informó | 1: Informó;24;diciembre 2021;17;ok;asignado_por_posicion
P25_1;Actividades que ejecutó el Consejo de Coordinación Local / Realizó sesiones de consejo;MÓDULO IV: COMPETENCIAS Y FUNCIONES DE LA MUNICIPALIDAD;0: No | 1: Sí;24;diciembre 2021;17;ok;asignado_por_posicion
P25_1_1;Actividades que ejecutó el Consejo de Coordinación Local / Realizó sesiones de consejo / Número de sesiones;MÓDULO IV: COMPETENCIAS Y FUNCIONES DE LA MUNICIPALIDAD;;24;diciembre 2021;17;ok;sin_valores
P25_2;Actividades que ejecutó el Consejo de Coordinación Local / Participó en la elaboración del Plan de Desarrollo Municipal Concertado;MÓDULO IV: COMPETENCIAS Y FUNCIONES DE LA MUNICIPALIDAD;0: No | 2: Sí;24;Actividades que;17;ok;asignado_por_posicion
P25_3;Actividades que ejecutó el Consejo de Coordinación Local / Participó en el Presupuesto Participativo;MÓDULO IV: COMPETENCIAS Y FUNCIONES DE LA MUNICIPALIDAD;0: No | 3: Sí;25;Local (CCL), 2021;17;ok;asignado_por_posicion
P25_4;Actividades que ejecutó el Consejo de Coordinación Local / Otro;MÓDULO IV: COMPETENCIAS Y FUNCIONES DE LA MUNICIPALIDAD;0: No | 4: Sí;25;Local (CCL), 2021;17;ok;asignado_por_posicion
P25_4_O;Actividades que ejecutó el Consejo de Coordinación Local / Otro / Especifique;MÓDULO IV: COMPETENCIAS Y FUNCIONES DE LA MUNICIPALIDAD;;25;Local (CCL), 2021;17;ok;sin_valores
P25_5;Actividades que ejecutó el Consejo de Coordinación Local / No ejecutó actividades;MÓDULO IV: COMPETENCIAS Y FUNCIONES DE LA MUNICIPALIDAD;0: No | 5: Sí;25;Local (CCL), 2021;17;ok;asignado_por_posicion
VFI_P26A;Municipalidad informante;MÓDULO IV: COMPETENCIAS Y FUNCIONES DE LA MUNICIPALIDAD;0: No informó | 1: Informó;25;Municipalidad que;17;ok;asignado_por_posicion
P26A;Actualmente, ¿la municipalidad tiene Texto Único de Procedimientos Administrativos (TUPA)?;MÓDULO IV: COMPETENCIAS Y FUNCIONES DE LA MUNICIPALIDAD;1: Sí | 2: No;26A;Administrativos;17;ok;asignado_por_posicion
VFI_P26;Municipalidad informante;MÓDULO IV: COMPETENCIAS Y FUNCIONES DE LA MUNICIPALIDAD;0: No informó | 1: Informó;26A;Municipalidad que;18;ok;asignado_por_posicion
P26;¿La municipalidad tiene Texto Único de Procedimientos Administrativos (TUPA) según Metodología de Determinación de Costos?;MÓDULO IV: COMPETENCIAS Y FUNCIONES DE LA MUNICIPALIDAD;1: Sí | 2: No tiene;26B;Administrativos;18;ok;asignado_por_posicion
P26A_1;La municipalidad tiene Texto Único de Procedimientos Administrativos / Número de Procedimientos Administrativos que contiene el TUPA;MÓDULO IV: COMPETENCIAS Y FUNCIONES DE LA MUNICIPALIDAD;;26B;de Determinación de;18;ok;sin_valores
VFI_P27;Municipalidad informante;MÓDULO IV: COMPETENCIAS Y FUNCIONES DE LA MUNICIPALIDAD;0: No informó | 1: Informó;26B;Procedimientos;18;ok;asignado_por_posicion
P27;Metodología de Determinación de Costos, ¿Ha sido ratificado por la El actual Texto Único de Procedimientos Administrativos (TUPA) según municipalidad provincial?;MÓDULO IV: COMPETENCIAS Y FUNCIONES DE LA MUNICIPALIDAD;1: Sí | 2: No ha sido ratificado;27;ratificado por la;18;ok;asignado_por_posicion
VFI_P28;Municipalidad informante;MÓDULO IV: COMPETENCIAS Y FUNCIONES DE LA MUNICIPALIDAD;0: No informó | 1: Informó;27;provincial, 2022;18;ok;asignado_por_posicion
P28_1;¿Dónde se publicó el TUPA vigente? / Diario Oficial “El Peruano”;MÓDULO IV: COMPETENCIAS Y FUNCIONES DE LA MUNICIPALIDAD;0: No | 1: Sí;27;provincial, 2022;18;ok;asignado_por_posicion
P28_2;¿Dónde se publicó el TUPA vigente? / Diario Local;MÓDULO IV: COMPETENCIAS Y FUNCIONES DE LA MUNICIPALIDAD;0: No | 2: Sí;27;Publicación del;18;ok;asignado_por_posicion
P28_3;¿Dónde se publicó el TUPA vigente? / Pizarra y/o vitrina de la municipalidad;MÓDULO IV: COMPETENCIAS Y FUNCIONES DE LA MUNICIPALIDAD;0: No | 3: Sí;28;Administrativos;18;ok;asignado_por_posicion
P28_4;¿Dónde se publicó el TUPA vigente? / Página Web de la municipalidad;MÓDULO IV: COMPETENCIAS Y FUNCIONES DE LA MUNICIPALIDAD;0: No | 4: Sí;28;2022;18;ok;asignado_por_posicion
P28_5;¿Dónde se publicó el TUPA vigente? / Otro;MÓDULO IV: COMPETENCIAS Y FUNCIONES DE LA MUNICIPALIDAD;0: No | 5: Sí;28;2022;18;ok;asignado_por_posicion
P28_5_O;¿Dónde se publicó el TUPA vigente? / Otro / Especifique;MÓDULO IV: COMPETENCIAS Y FUNCIONES DE LA MUNICIPALIDAD;;28;2022;18;ok;sin_valores
VFI_P29;Municipalidad informante;MÓDULO IV: COMPETENCIAS Y FUNCIONES DE LA MUNICIPALIDAD;0: No informó | 1: Informó;28;2022;18;ok;asignado_por_posicion
P29_1;funcionamiento para edificaciones calificadas con nivel de riesgo bajo (Con ITSE ¿La municipalidad realizó procedimiento administrativo de Licencia de posterior)?;MÓDULO IV: COMPETENCIAS Y FUNCIONES DE LA MUNICIPALIDAD;1: Sí | 2: No;28;2022;18;ok;asignado_por_posicion
P29_1_1;Licencia de funcionamiento para edificaciones calificadas con nivel de riesgo bajo (Con ITSE posterior) / Recepcionadas;MÓDULO IV: COMPETENCIAS Y FUNCIONES DE LA MUNICIPALIDAD;;28;2022;18;ok;sin_valores
P29_1_2;Licencia de funcionamiento para edificaciones calificadas con nivel de riesgo bajo (Con ITSE posterior) / Aprobadas;MÓDULO IV: COMPETENCIAS Y FUNCIONES DE LA MUNICIPALIDAD;;28;2022;18;ok;sin_valores
P29_1_3;Licencia de funcionamiento para edificaciones calificadas con nivel de riesgo bajo (Con ITSE posterior) / Desaprobadas;MÓDULO IV: COMPETENCIAS Y FUNCIONES DE LA MUNICIPALIDAD;;28;2022;18;ok;sin_valores
P29_1_4;Licencia de funcionamiento para edificaciones calificadas con nivel de riesgo bajo (Con ITSE posterior) / Costo unitario del procedimiento (Soles);MÓDULO IV: COMPETENCIAS Y FUNCIONES DE LA MUNICIPALIDAD;;28;Procedimientos;18;ok;sin_valores
P29_1_5;Licencia de funcionamiento para edificaciones calificadas con nivel de riesgo bajo (Con ITSE posterior) / Número de requisitos;MÓDULO IV: COMPETENCIAS Y FUNCIONES DE LA MUNICIPALIDAD;;29;Municipalidad, 2021;18;ok;sin_valores
P29_1_6;Licencia de funcionamiento para edificaciones calificadas con nivel de riesgo bajo (Con ITSE posterior) / Plazo de atención (Días hábiles);MÓDULO IV: COMPETENCIAS Y FUNCIONES DE LA MUNICIPALIDAD;;29;Municipalidad, 2021;18;ok;sin_valores
P29_2;funcionamiento para edificaciones calificadas con nivel de riesgo medio (Con ¿La municipalidad realizó procedimiento administrativo de Licencia de ITSE posterior)?;MÓDULO IV: COMPETENCIAS Y FUNCIONES DE LA MUNICIPALIDAD;1: Sí | 2: No;29;Municipalidad, 2021;18;ok;asignado_por_posicion
P29_2_1;Licencia de funcionamiento para edificaciones calificadas con nivel de riesgo medio (Con ITSE posterior) / Recepcionadas;MÓDULO IV: COMPETENCIAS Y FUNCIONES DE LA MUNICIPALIDAD;;29;Municipalidad, 2021;18;ok;sin_valores
P29_2_2;Licencia de funcionamiento para edificaciones calificadas con nivel de riesgo medio (Con ITSE posterior) / Aprobadas;MÓDULO IV: COMPETENCIAS Y FUNCIONES DE LA MUNICIPALIDAD;;29;Municipalidad, 2021;18;ok;sin_valores
P29_2_3;Licencia de funcionamiento para edificaciones calificadas con nivel de riesgo medio (Con ITSE posterior) / Desaprobadas;MÓDULO IV: COMPETENCIAS Y FUNCIONES DE LA MUNICIPALIDAD;;29;Municipalidad, 2021;18;ok;sin_valores
P29_2_4;Licencia de funcionamiento para edificaciones calificadas con nivel de riesgo medio (Con ITSE posterior) / Costo unitario del procedimiento (Soles);MÓDULO IV: COMPETENCIAS Y FUNCIONES DE LA MUNICIPALIDAD;;29;Municipalidad, 2021;19;ok;sin_valores
P29_2_5;Licencia de funcionamiento para edificaciones calificadas con nivel de riesgo medio (Con ITSE posterior) / Número de requisitos;MÓDULO IV: COMPETENCIAS Y FUNCIONES DE LA MUNICIPALIDAD;;29;Municipalidad, 2021;19;ok;sin_valores
P29_2_6;Licencia de funcionamiento para edificaciones calificadas con nivel de riesgo medio (Con ITSE posterior) / Plazo de atención (Días hábiles);MÓDULO IV: COMPETENCIAS Y FUNCIONES DE LA MUNICIPALIDAD;;29;Municipalidad, 2021;19;ok;sin_valores
P29_3;funcionamiento para edificaciones calificadas con nivel de riesgo alto (Con ITSE ¿La municipalidad realizó procedimiento administrativo de Licencia de previa)?;MÓDULO IV: COMPETENCIAS Y FUNCIONES DE LA MUNICIPALIDAD;1: Sí | 2: No;29;Municipalidad, 2021;19;ok;asignado_por_posicion
P29_3_1;Licencia de funcionamiento para edificaciones calificadas con nivel de riesgo alto (Con ITSE previa) / Recepcionadas;MÓDULO IV: COMPETENCIAS Y FUNCIONES DE LA MUNICIPALIDAD;;29;Municipalidad, 2021;19;ok;sin_valores
P29_3_2;Licencia de funcionamiento para edificaciones calificadas con nivel de riesgo alto (Con ITSE previa) / Aprobadas;MÓDULO IV: COMPETENCIAS Y FUNCIONES DE LA MUNICIPALIDAD;;29;Municipalidad, 2021;19;ok;sin_valores
P29_3_3;Licencia de funcionamiento para edificaciones calificadas con nivel de riesgo alto (Con ITSE previa) / Desaprobadas;MÓDULO IV: COMPETENCIAS Y FUNCIONES DE LA MUNICIPALIDAD;;29;Municipalidad, 2021;19;ok;sin_valores
P29_3_4;Licencia de funcionamiento para edificaciones calificadas con nivel de riesgo alto (Con ITSE previa) / Costo unitario del procedimiento (Soles);MÓDULO IV: COMPETENCIAS Y FUNCIONES DE LA MUNICIPALIDAD;;29;Municipalidad, 2021;19;ok;sin_valores
P29_3_5;Licencia de funcionamiento para edificaciones calificadas con nivel de riesgo alto (Con ITSE previa) / Número de requisitos;MÓDULO IV: COMPETENCIAS Y FUNCIONES DE LA MUNICIPALIDAD;;29;Municipalidad, 2021;19;ok;sin_valores
P29_3_6;Licencia de funcionamiento para edificaciones calificadas con nivel de riesgo alto (Con ITSE previa) / Plazo de atención (Días hábiles);MÓDULO IV: COMPETENCIAS Y FUNCIONES DE LA MUNICIPALIDAD;;29;Municipalidad, 2021;19;ok;sin_valores
P29_4;funcionamiento para edificaciones calificadas con nivel de riesgo muy alto (Con ¿La municipalidad realizó procedimiento administrativo de Licencia de ITSE previa) ?;MÓDULO IV: COMPETENCIAS Y FUNCIONES DE LA MUNICIPALIDAD;1: Sí | 2: No;29;Municipalidad, 2021;19;ok;asignado_por_posicion
P29_4_1;Licencia de funcionamiento para edificaciones calificadas con nivel de riesgo muy alto (Con ITSE previa) / Recepcionadas;MÓDULO IV: COMPETENCIAS Y FUNCIONES DE LA MUNICIPALIDAD;;29;Municipalidad, 2021;19;ok;sin_valores
P29_4_2;Licencia de funcionamiento para edificaciones calificadas con nivel de riesgo muy alto (Con ITSE previa) / Aprobadas;MÓDULO IV: COMPETENCIAS Y FUNCIONES DE LA MUNICIPALIDAD;;29;Municipalidad, 2021;19;ok;sin_valores
P29_4_3;Licencia de funcionamiento para edificaciones calificadas con nivel de riesgo muy alto (Con ITSE previa) / Desaprobadas;MÓDULO IV: COMPETENCIAS Y FUNCIONES DE LA MUNICIPALIDAD;;29;realizados en la;19;ok;sin_valores
P29_4_4;Licencia de funcionamiento para edificaciones calificadas con nivel de riesgo muy alto (Con ITSE previa) / Costo unitario del procedimiento (Soles);MÓDULO IV: COMPETENCIAS Y FUNCIONES DE LA MUNICIPALIDAD;;29;Municipalidad, 2021;19;ok;sin_valores
P29_4_5;Licencia de funcionamiento para edificaciones calificadas con nivel de riesgo muy alto (Con ITSE previa) / Número de requisitos;MÓDULO IV: COMPETENCIAS Y FUNCIONES DE LA MUNICIPALIDAD;;29;Municipalidad, 2021;19;ok;sin_valores
P29_4_6;Licencia de funcionamiento para edificaciones calificadas con nivel de riesgo muy alto (Con ITSE previa) / Plazo de atención (Días hábiles);MÓDULO IV: COMPETENCIAS Y FUNCIONES DE LA MUNICIPALIDAD;;29;Municipalidad, 2021;19;ok;sin_valores
P29_5;interferir temporalmente el tránsito en la vía pública por ejecución de obras de ¿La municipalidad realizó procedimiento administrativo de Autorización para conexión domiciliaria de agua, desagüe y energía eléctrica?;MÓDULO IV: COMPETENCIAS Y FUNCIONES DE LA MUNICIPALIDAD;1: Sí | 2: No;29;Municipalidad, 2021;19;ok;asignado_por_posicion
P29_5_1;ejecución de obras de conexión domiciliaria de agua, desagüe y energía eléctrica Autorización para interferir temporalmente el tránsito en la vía pública por / Recepcionadas;MÓDULO IV: COMPETENCIAS Y FUNCIONES DE LA MUNICIPALIDAD;;29;Municipalidad, 2021;19;ok;sin_valores
P29_5_2;ejecución de obras de conexión domiciliaria de agua, desagüe y energía eléctrica Autorización para interferir temporalmente el tránsito en la vía pública por / Aprobadas;MÓDULO IV: COMPETENCIAS Y FUNCIONES DE LA MUNICIPALIDAD;;29;Municipalidad, 2021;19;ok;sin_valores
P29_5_3;ejecución de obras de conexión domiciliaria de agua, desagüe y energía eléctrica Autorización para interferir temporalmente el tránsito en la vía pública por / Desaprobadas;MÓDULO IV: COMPETENCIAS Y FUNCIONES DE LA MUNICIPALIDAD;;29;Municipalidad, 2021;19;ok;sin_valores
P29_5_4;ejecución de obras de conexión domiciliaria de agua, desagüe y energía eléctrica Autorización para interferir temporalmente el tránsito en la vía pública por / Costo unitario del procedimiento (Soles);MÓDULO IV: COMPETENCIAS Y FUNCIONES DE LA MUNICIPALIDAD;;29;Municipalidad, 2021;19;ok;sin_valores
P29_5_5;ejecución de obras de conexión domiciliaria de agua, desagüe y energía eléctrica Autorización para interferir temporalmente el tránsito en la vía pública por / Número de requisitos;MÓDULO IV: COMPETENCIAS Y FUNCIONES DE LA MUNICIPALIDAD;;29;Municipalidad, 2021;19;ok;sin_valores
P29_5_6;ejecución de obras de conexión domiciliaria de agua, desagüe y energía eléctrica Autorización para interferir temporalmente el tránsito en la vía pública por / Plazo de atención (Días hábiles);MÓDULO IV: COMPETENCIAS Y FUNCIONES DE LA MUNICIPALIDAD;;29;Municipalidad, 2021;19;ok;sin_valores
P29_6;¿La municipalidad realizó procedimiento administrativo de Copia certificada de partida de nacimiento?;MÓDULO IV: COMPETENCIAS Y FUNCIONES DE LA MUNICIPALIDAD;1: Sí | 2: No;29;Municipalidad, 2021;20;ok;asignado_por_posicion
P29_6_1;Copia certificada de partida de nacimiento / Recepcionadas;MÓDULO IV: COMPETENCIAS Y FUNCIONES DE LA MUNICIPALIDAD;;29;Municipalidad, 2021;20;ok;sin_valores
P29_6_2;Copia certificada de partida de nacimiento / Aprobadas;MÓDULO IV: COMPETENCIAS Y FUNCIONES DE LA MUNICIPALIDAD;;29;Municipalidad, 2021;20;ok;sin_valores
P29_6_3;Copia certificada de partida de nacimiento / Desaprobadas;MÓDULO IV: COMPETENCIAS Y FUNCIONES DE LA MUNICIPALIDAD;;29;Municipalidad, 2021;20;ok;sin_valores
P29_6_4;Copia certificada de partida de nacimiento / Costo unitario del procedimiento (Soles);MÓDULO IV: COMPETENCIAS Y FUNCIONES DE LA MUNICIPALIDAD;;29;Municipalidad, 2021;20;ok;sin_valores
P29_6_5;Copia certificada de partida de nacimiento / Número de requisitos;MÓDULO IV: COMPETENCIAS Y FUNCIONES DE LA MUNICIPALIDAD;;29;Municipalidad, 2021;20;ok;sin_valores
P29_6_6;Copia certificada de partida de nacimiento / Plazo de atención (Días hábiles);MÓDULO IV: COMPETENCIAS Y FUNCIONES DE LA MUNICIPALIDAD;;29;Municipalidad, 2021;20;ok;sin_valores
P29_7;¿La municipalidad realizó procedimiento administrativo de Copia certificada de partida de defunción?;MÓDULO IV: COMPETENCIAS Y FUNCIONES DE LA MUNICIPALIDAD;1: Sí | 2: No;29;Municipalidad, 2021;20;ok;asignado_por_posicion
P29_7_1;Copia certificada de partida de defunción / Recepcionadas;MÓDULO IV: COMPETENCIAS Y FUNCIONES DE LA MUNICIPALIDAD;;29;Municipalidad, 2021;20;ok;sin_valores
P29_7_2;Copia certificada de partida de defunción / Aprobadas;MÓDULO IV: COMPETENCIAS Y FUNCIONES DE LA MUNICIPALIDAD;;29;Municipalidad, 2021;20;ok;sin_valores
P29_7_3;Copia certificada de partida de defunción / Desaprobadas;MÓDULO IV: COMPETENCIAS Y FUNCIONES DE LA MUNICIPALIDAD;;29;Municipalidad, 2021;20;ok;sin_valores
P29_7_4;Copia certificada de partida de defunción / Costo unitario del procedimiento (Soles);MÓDULO IV: COMPETENCIAS Y FUNCIONES DE LA MUNICIPALIDAD;;29;Municipalidad, 2021;20;ok;sin_valores
P29_7_5;Copia certificada de partida de defunción / Número de requisitos;MÓDULO IV: COMPETENCIAS Y FUNCIONES DE LA MUNICIPALIDAD;;29;Procedimientos;20;ok;sin_valores
P29_7_6;Copia certificada de partida de defunción / Plazo de atención (Días hábiles);MÓDULO IV: COMPETENCIAS Y FUNCIONES DE LA MUNICIPALIDAD;;29;Administrativos;20;ok;sin_valores
P29_8;¿La municipalidad realizó procedimiento administrativo de Copia certificada de partida de matrimonio?;MÓDULO IV: COMPETENCIAS Y FUNCIONES DE LA MUNICIPALIDAD;1: Sí | 2: No;29;Municipalidad, 2021;20;ok;asignado_por_posicion
P29_8_1;Copia certificada de partida de matrimonio / Recepcionadas;MÓDULO IV: COMPETENCIAS Y FUNCIONES DE LA MUNICIPALIDAD;;29;Municipalidad, 2021;20;ok;sin_valores
P29_8_2;Copia certificada de partida de matrimonio / Aprobadas;MÓDULO IV: COMPETENCIAS Y FUNCIONES DE LA MUNICIPALIDAD;;29;Municipalidad, 2021;20;ok;sin_valores
P29_8_3;Copia certificada de partida de matrimonio / Desaprobadas;MÓDULO IV: COMPETENCIAS Y FUNCIONES DE LA MUNICIPALIDAD;;29;Municipalidad, 2021;20;ok;sin_valores
P29_8_4;Copia certificada de partida de matrimonio / Costo unitario del procedimiento (Soles);MÓDULO IV: COMPETENCIAS Y FUNCIONES DE LA MUNICIPALIDAD;;29;Municipalidad, 2021;20;ok;sin_valores
P29_8_5;Copia certificada de partida de matrimonio / Número de requisitos;MÓDULO IV: COMPETENCIAS Y FUNCIONES DE LA MUNICIPALIDAD;;29;Municipalidad, 2021;20;ok;sin_valores
P29_8_6;Copia certificada de partida de matrimonio / Plazo de atención (Días hábiles);MÓDULO IV: COMPETENCIAS Y FUNCIONES DE LA MUNICIPALIDAD;;29;Municipalidad, 2021;20;ok;sin_valores
P29_9;¿La municipalidad realizó procedimiento administrativo de Acceso a la información pública (Copia fotostática simple)?;MÓDULO IV: COMPETENCIAS Y FUNCIONES DE LA MUNICIPALIDAD;1: Sí | 2: No;29;Municipalidad, 2021;20;ok;asignado_por_posicion
P29_9_1;Acceso a la información pública (Copia fotostática simple) / Recepcionadas;MÓDULO IV: COMPETENCIAS Y FUNCIONES DE LA MUNICIPALIDAD;;29;Municipalidad, 2021;20;ok;sin_valores
P29_9_4;Acceso a la información pública (Copia fotostática simple) / Costo unitario del procedimiento (Soles);MÓDULO IV: COMPETENCIAS Y FUNCIONES DE LA MUNICIPALIDAD;;29;Municipalidad, 2021;20;ok;sin_valores
P29_9_5;Acceso a la información pública (Copia fotostática simple) / Número de requisitos;MÓDULO IV: COMPETENCIAS Y FUNCIONES DE LA MUNICIPALIDAD;;29;Municipalidad, 2021;20;ok;sin_valores
P29_9_6;Acceso a la información pública (Copia fotostática simple) / Plazo de atención (Días hábiles);MÓDULO IV: COMPETENCIAS Y FUNCIONES DE LA MUNICIPALIDAD;;29;Municipalidad, 2021;20;ok;sin_valores
VFI_P30;Municipalidad informante;MÓDULO IV: COMPETENCIAS Y FUNCIONES DE LA MUNICIPALIDAD;0: No informó | 1: Informó;29;Municipalidad, 2021;20;ok;asignado_por_posicion
P30_1;Canales de atención al ciudadano / Atención en ventanilla y/o mesa de partes;MÓDULO IV: COMPETENCIAS Y FUNCIONES DE LA MUNICIPALIDAD;0: No | 1: Sí;29;Municipalidad, 2021;20;ok;asignado_por_posicion
P30_2;Canales de atención al ciudadano / Línea de telefonía fija y/o móvil;MÓDULO IV: COMPETENCIAS Y FUNCIONES DE LA MUNICIPALIDAD;0: No | 2: Sí;29;Municipalidad, 2021;20;ok;asignado_por_posicion
P30_3;Canales de atención al ciudadano / Correo electrónico;MÓDULO IV: COMPETENCIAS Y FUNCIONES DE LA MUNICIPALIDAD;0: No | 3: Sí;30;al ciudadano que;20;ok;asignado_por_posicion
P30_4;Canales de atención al ciudadano / Buzón de Sugerencias;MÓDULO IV: COMPETENCIAS Y FUNCIONES DE LA MUNICIPALIDAD;0: No | 4: Sí;30;municipalidad, 2022;20;ok;asignado_por_posicion
P30_5;Canales de atención al ciudadano / Libro de Reclamaciones;MÓDULO IV: COMPETENCIAS Y FUNCIONES DE LA MUNICIPALIDAD;0: No | 5: Sí;30;municipalidad, 2022;20;ok;asignado_por_posicion
P30_7;Canales de atención al ciudadano / Atención por mesa de partes virtual;MÓDULO IV: COMPETENCIAS Y FUNCIONES DE LA MUNICIPALIDAD;0: No | 7: Sí;30;municipalidad, 2022;20;ok;asignado_por_posicion
P30_8;Canales de atención al ciudadano / Redes Sociales;MÓDULO IV: COMPETENCIAS Y FUNCIONES DE LA MUNICIPALIDAD;0: No | 8: Sí;30;municipalidad, 2022;21;ok;asignado_por_posicion
P30_6;Canales de atención al ciudadano / Otro canal de atención;MÓDULO IV: COMPETENCIAS Y FUNCIONES DE LA MUNICIPALIDAD;0: No | 6: Sí;30;tiene la;21;ok;asignado_por_posicion
P30_6_O;Canales de atención al ciudadano / Otro canal de atención / Especifique;MÓDULO IV: COMPETENCIAS Y FUNCIONES DE LA MUNICIPALIDAD;;30;municipalidad, 2022;21;ok;sin_valores
VFI_P31;Municipalidad informante;MÓDULO IV: COMPETENCIAS Y FUNCIONES DE LA MUNICIPALIDAD;0: No informó | 1: Informó;30;municipalidad, 2022;21;ok;asignado_por_posicion
P31_1;Modalidades de pago / En ventanilla de la municipalidad con efectivo;MÓDULO IV: COMPETENCIAS Y FUNCIONES DE LA MUNICIPALIDAD;0: No | 1: Sí;30;municipalidad, 2022;21;ok;asignado_por_posicion
P31_2;Modalidades de pago / En ventanilla de la municipalidad con tarjeta de crédito o débito;MÓDULO IV: COMPETENCIAS Y FUNCIONES DE LA MUNICIPALIDAD;0: No | 2: Sí;30;Modalidades de;21;ok;asignado_por_posicion
P31_3;Modalidades de pago / Página Web de la municipalidad (Pago en línea);MÓDULO IV: COMPETENCIAS Y FUNCIONES DE LA MUNICIPALIDAD;0: No | 3: Sí;31;Municipalidad para;21;ok;asignado_por_posicion
P31_4;Modalidades de pago / Instituciones financieras (Bancos y agentes, cajas municipales, entre otros);MÓDULO IV: COMPETENCIAS Y FUNCIONES DE LA MUNICIPALIDAD;0: No | 4: Sí;31;y/o servicios, 2022;21;ok;asignado_por_posicion
P31_5;Modalidades de pago / Otra modalidad de pago;MÓDULO IV: COMPETENCIAS Y FUNCIONES DE LA MUNICIPALIDAD;0: No | 5: Sí;31;y/o servicios, 2022;21;ok;asignado_por_posicion
P31_5_O;Modalidades de pago / Otra modalidad de pago / Especifique;MÓDULO IV: COMPETENCIAS Y FUNCIONES DE LA MUNICIPALIDAD;;31;y/o servicios, 2022;21;ok;sin_valores
VFI_P32;Municipalidad informante;MÓDULO IV: COMPETENCIAS Y FUNCIONES DE LA MUNICIPALIDAD;0: No informó | 1: Informó;31;y/o servicios, 2022;21;ok;asignado_por_posicion
P32;¿La Municipalidad tiene personal exclusivo del área de administracion tributaria?;MÓDULO IV: COMPETENCIAS Y FUNCIONES DE LA MUNICIPALIDAD;1: Tiene | 2: No tiene;31;Personal exclusivo;21;ok;asignado_por_posicion
P32_1_T;Personal exclusivo del área al 31 de diciembre 2021 / Total;MÓDULO IV: COMPETENCIAS Y FUNCIONES DE LA MUNICIPALIDAD;;31;administracion;21;ok;sin_valores
P32_1_M;Personal exclusivo del área al 31 de diciembre 2021 / Mujer;MÓDULO IV: COMPETENCIAS Y FUNCIONES DE LA MUNICIPALIDAD;;32;tributaria al 31 de;21;ok;sin_valores
P32_1_H;Personal exclusivo del área al 31 de diciembre 2021 / Hombre;MÓDULO IV: COMPETENCIAS Y FUNCIONES DE LA MUNICIPALIDAD;;32;diciembre 2021 y 31;21;ok;sin_valores
P32_2_T;Personal exclusivo del área al 31 de marzo 2022 / Total;MÓDULO IV: COMPETENCIAS Y FUNCIONES DE LA MUNICIPALIDAD;;32;de marzo 2022;21;ok;sin_valores
P32_2_M;Personal exclusivo del área al 31 de marzo 2022 / Mujer;MÓDULO IV: COMPETENCIAS Y FUNCIONES DE LA MUNICIPALIDAD;;32;de marzo 2022;21;ok;sin_valores
P32_2_H;Personal exclusivo del área al 31 de marzo 2022 / Hombre;MÓDULO IV: COMPETENCIAS Y FUNCIONES DE LA MUNICIPALIDAD;;32;de marzo 2022;21;ok;sin_valores
VFI_P33;Municipalidad informante;MÓDULO IV: COMPETENCIAS Y FUNCIONES DE LA MUNICIPALIDAD;0: No informó | 1: Informó;32;de marzo 2022;21;ok;asignado_por_posicion
P33A;¿La municipalidad tiene un área de ejecución coactiva?;MÓDULO IV: COMPETENCIAS Y FUNCIONES DE LA MUNICIPALIDAD;1: Sí y depende del Área de Administración Tributaria | 2: Sí y no depende del Área de Administración Tributaria | 3: No tiene área de ejecución coactiva;33;Ejecución Coactiva,;21;ok;asignado_por_posicion
VFI_P34;Municipalidad informante;MÓDULO IV: COMPETENCIAS Y FUNCIONES DE LA MUNICIPALIDAD;0: No informó | 1: Informó;33;2022;21;ok;asignado_por_posicion
P34_1;¿La municipalidad otorgó licencias de funcionamiento para establecimientos de SERVICIOS: Hoteles, hostales y otros establecimientos de hospedaje?;MÓDULO IV: COMPETENCIAS Y FUNCIONES DE LA MUNICIPALIDAD;1: Sí | 2: No;33;Municipalidad que;21;ok;asignado_por_posicion
P34A_1;Licencias de funcionamiento para establecimientos de SERVICIOS / Hoteles, hostales y otros establecimientos de hospedaje / Número;MÓDULO IV: COMPETENCIAS Y FUNCIONES DE LA MUNICIPALIDAD;;34;establecimientos,;21;ok;sin_valores
P34_2;¿La municipalidad otorgó licencias de funcionamiento para establecimientos de SERVICIOS: Restaurantes y otros establecimientos de comidas y bebidas?;MÓDULO IV: COMPETENCIAS Y FUNCIONES DE LA MUNICIPALIDAD;1: Sí | 2: No;34;2021;21;ok;asignado_por_posicion
P34A_2;Licencias de funcionamiento para establecimientos de SERVICIOS / Restaurantes y otros establecimientos de comidas y bebidas / Número;MÓDULO IV: COMPETENCIAS Y FUNCIONES DE LA MUNICIPALIDAD;;34;2021;22;ok;sin_valores
P34_3;¿La municipalidad otorgó licencias de funcionamiento para establecimientos de SERVICIOS: Agencias de viaje y de turismo?;MÓDULO IV: COMPETENCIAS Y FUNCIONES DE LA MUNICIPALIDAD;1: Sí | 2: No;34;2021;22;ok;asignado_por_posicion
P34A_3;Licencias de funcionamiento para establecimientos de SERVICIOS / Agencias de viaje y de turismo / Número;MÓDULO IV: COMPETENCIAS Y FUNCIONES DE LA MUNICIPALIDAD;;34;2021;22;ok;sin_valores
P34_4;¿La municipalidad otorgó licencias de funcionamiento para establecimientos de SERVICIOS: Peluquería y otros establecimientos de belleza?;MÓDULO IV: COMPETENCIAS Y FUNCIONES DE LA MUNICIPALIDAD;1: Sí | 2: No;34;2021;22;ok;asignado_por_posicion
P34A_4;Licencias de funcionamiento para establecimientos de SERVICIOS / Peluquería y otros establecimientos de belleza / Número;MÓDULO IV: COMPETENCIAS Y FUNCIONES DE LA MUNICIPALIDAD;;34;2021;22;ok;sin_valores
P34_5;¿La municipalidad otorgó licencias de funcionamiento para establecimientos de SERVICIOS: Instituciones financieras y de seguros?;MÓDULO IV: COMPETENCIAS Y FUNCIONES DE LA MUNICIPALIDAD;1: Sí | 2: No;34;2021;22;ok;asignado_por_posicion
P34A_5;Licencias de funcionamiento para establecimientos de SERVICIOS / Instituciones financieras y de seguros / Número;MÓDULO IV: COMPETENCIAS Y FUNCIONES DE LA MUNICIPALIDAD;;34;2021;22;ok;sin_valores
P34_6;¿La municipalidad otorgó licencias de funcionamiento para establecimientos de SERVICIOS: Artes, entretenimiento y actividades culturales?;MÓDULO IV: COMPETENCIAS Y FUNCIONES DE LA MUNICIPALIDAD;1: Sí | 2: No;34;2021;22;ok;asignado_por_posicion
P34A_6;Licencias de funcionamiento para establecimientos de SERVICIOS / Artes, entretenimiento y actividades culturales / Número;MÓDULO IV: COMPETENCIAS Y FUNCIONES DE LA MUNICIPALIDAD;;34;2021;22;ok;sin_valores
P34_7;SERVICIOS: Deportivos, esparcimiento y recreativos (gimnasios, pisicinas, ¿La municipalidad otorgó licencias de funcionamiento para establecimientos de clubes de natación, parques recreativos, discotecas, entre otros)?;MÓDULO IV: COMPETENCIAS Y FUNCIONES DE LA MUNICIPALIDAD;1: Sí | 2: No;34;2021;22;ok;asignado_por_posicion
P34A_7;esparcimiento y recreativos (gimnasios, pisicinas, clubes de natación, parques Licencias de funcionamiento para establecimientos de SERVICIOS / Deportivos, recreativos, discotecas, entre otros) / Número;MÓDULO IV: COMPETENCIAS Y FUNCIONES DE LA MUNICIPALIDAD;;34;2021;22;ok;sin_valores
P34_8;¿La municipalidad otorgó licencias de funcionamiento para establecimientos de SERVICIOS: Actividades profesionales, cientificas y técnicas?;MÓDULO IV: COMPETENCIAS Y FUNCIONES DE LA MUNICIPALIDAD;1: Sí | 2: No;34;2021;22;ok;asignado_por_posicion
P34A_8;Licencias de funcionamiento para establecimientos de SERVICIOS / Actividades profesionales, cientificas y técnicas / Número;MÓDULO IV: COMPETENCIAS Y FUNCIONES DE LA MUNICIPALIDAD;;34;otorgó licencias de;22;ok;sin_valores
P34_9;¿La municipalidad otorgó licencias de funcionamiento para establecimientos de SERVICIOS: Actividades de servicios administrativos y de apoyo?;MÓDULO IV: COMPETENCIAS Y FUNCIONES DE LA MUNICIPALIDAD;1: Sí | 2: No;34;2021;22;ok;asignado_por_posicion
P34A_9;Licencias de funcionamiento para establecimientos de SERVICIOS / Actividades de servicios administrativos y de apoyo / Número;MÓDULO IV: COMPETENCIAS Y FUNCIONES DE LA MUNICIPALIDAD;;34;2021;22;ok;sin_valores
P34_10;SERVICIOS: Empresas de transporte (urbano, turístico, interprovincial, aéreo y ¿La municipalidad otorgó licencias de funcionamiento para establecimientos de acuático)?;MÓDULO IV: COMPETENCIAS Y FUNCIONES DE LA MUNICIPALIDAD;1: Sí | 2: No;34;2021;22;ok;asignado_por_posicion
P34A_10;Licencias de funcionamiento para establecimientos de SERVICIOS / Empresas de transporte (urbano, turístico, interprovincial, aéreo y acuático) / Número;MÓDULO IV: COMPETENCIAS Y FUNCIONES DE LA MUNICIPALIDAD;;34;2021;22;ok;sin_valores
P34_11;¿La municipalidad otorgó licencias de funcionamiento para establecimientos de SERVICIOS: Cabinas públicas de internet?;MÓDULO IV: COMPETENCIAS Y FUNCIONES DE LA MUNICIPALIDAD;1: Sí | 2: No;34;2021;22;ok;asignado_por_posicion
P34A_11;Licencias de funcionamiento para establecimientos de SERVICIOS / Cabinas públicas de internet / Número;MÓDULO IV: COMPETENCIAS Y FUNCIONES DE LA MUNICIPALIDAD;;34;2021;22;ok;sin_valores
P34_12;SERVICIOS: Juegos de azar (casinos, máquinas tragamonedas, otros) y ¿La municipalidad otorgó licencias de funcionamiento para establecimientos de apuestas?;MÓDULO IV: COMPETENCIAS Y FUNCIONES DE LA MUNICIPALIDAD;1: Sí | 2: No;34;2021;22;ok;asignado_por_posicion
P34A_12;Licencias de funcionamiento para establecimientos de SERVICIOS / Juegos de azar (casinos, máquinas tragamonedas, otros) y apuestas / Número;MÓDULO IV: COMPETENCIAS Y FUNCIONES DE LA MUNICIPALIDAD;;34;2021;22;ok;sin_valores
P34_13;¿La municipalidad otorgó licencias de funcionamiento para establecimientos de SERVICIOS: Otro?;MÓDULO IV: COMPETENCIAS Y FUNCIONES DE LA MUNICIPALIDAD;1: Sí | 2: No;34;2021;22;ok;asignado_por_posicion
P34A_13;Licencias de funcionamiento para establecimientos de SERVICIOS / Otro / Número;MÓDULO IV: COMPETENCIAS Y FUNCIONES DE LA MUNICIPALIDAD;;34;2021;22;ok;sin_valores
P34A_13_O;Licencias de funcionamiento para establecimientos de SERVICIOS / Otro / Especifique la de mayor frecuencia;MÓDULO IV: COMPETENCIAS Y FUNCIONES DE LA MUNICIPALIDAD;;34;2021;22;ok;sin_valores
P34_14;¿La municipalidad otorgó licencias de funcionamiento para establecimientos AGROPECUARIO: Granjas avícolas?;MÓDULO IV: COMPETENCIAS Y FUNCIONES DE LA MUNICIPALIDAD;1: Sí | 2: No;34;2021;22;ok;asignado_por_posicion
P34A_14;Licencias de funcionamiento para establecimientos AGROPECUARIO: Granjas avícolas / Número;MÓDULO IV: COMPETENCIAS Y FUNCIONES DE LA MUNICIPALIDAD;;34;2021;23;ok;sin_valores
P34_15;¿La municipalidad otorgó licencias de funcionamiento para establecimientos AGROPECUARIO: Establos lecheros?;MÓDULO IV: COMPETENCIAS Y FUNCIONES DE LA MUNICIPALIDAD;1: Sí | 2: No;34;2021;23;ok;asignado_por_posicion
P34A_15;Licencias de funcionamiento para establecimientos AGROPECUARIO / Establos lecheros / Número;MÓDULO IV: COMPETENCIAS Y FUNCIONES DE LA MUNICIPALIDAD;;34;2021;23;ok;sin_valores
P34_16;¿La municipalidad otorgó licencias de funcionamiento para establecimientos AGROPECUARIO: Otro?;MÓDULO IV: COMPETENCIAS Y FUNCIONES DE LA MUNICIPALIDAD;1: Sí | 2: No;34;2021;23;ok;asignado_por_posicion
P34A_16;Licencias de funcionamiento para establecimientos AGROPECUARIO / Otro / Número;MÓDULO IV: COMPETENCIAS Y FUNCIONES DE LA MUNICIPALIDAD;;34;2021;23;ok;sin_valores
P34A_16_O;Licencias de funcionamiento para establecimientos AGROPECUARIO / Otro / Especifique la de la mayor frecuencia;MÓDULO IV: COMPETENCIAS Y FUNCIONES DE LA MUNICIPALIDAD;;34;2021;23;ok;sin_valores
P34_17;¿La municipalidad otorgó licencias de funcionamiento para establecimientos de ARTESANÍA Y MANUFACTURA: Artesanías?;MÓDULO IV: COMPETENCIAS Y FUNCIONES DE LA MUNICIPALIDAD;1: Sí | 2: No;34;2021;23;ok;asignado_por_posicion
P34A_17;Licencias de funcionamiento para establecimientos de ARTESANÍA Y MANUFACTURA / Artesanías / Número;MÓDULO IV: COMPETENCIAS Y FUNCIONES DE LA MUNICIPALIDAD;;34;2021;23;ok;sin_valores
P34_18;¿La municipalidad otorgó licencias de funcionamiento para establecimientos de ARTESANÍA Y MANUFACTURA: Fábricas?;MÓDULO IV: COMPETENCIAS Y FUNCIONES DE LA MUNICIPALIDAD;1: Sí | 2: No;34;2021;23;ok;asignado_por_posicion
P34A_18;Licencias de funcionamiento para establecimientos de ARTESANÍA Y MANUFACTURA / Fábricas / Número;MÓDULO IV: COMPETENCIAS Y FUNCIONES DE LA MUNICIPALIDAD;;34;2021;23;ok;sin_valores
P34_19;¿La municipalidad otorgó licencias de funcionamiento para establecimientos de ARTESANÍA Y MANUFACTURA: Plantas agroindustriales?;MÓDULO IV: COMPETENCIAS Y FUNCIONES DE LA MUNICIPALIDAD;1: Sí | 2: No;34;2021;23;ok;asignado_por_posicion
P34A_19;Licencias de funcionamiento para establecimientos de ARTESANÍA Y MANUFACTURA / Plantas agroindustriales / Número;MÓDULO IV: COMPETENCIAS Y FUNCIONES DE LA MUNICIPALIDAD;;34;2021;23;ok;sin_valores
P34_20;¿La municipalidad otorgó licencias de funcionamiento para establecimientos de ARTESANÍA Y MANUFACTURA: Cueros y pieles?;MÓDULO IV: COMPETENCIAS Y FUNCIONES DE LA MUNICIPALIDAD;1: Sí | 2: No;34;2021;23;ok;asignado_por_posicion
P34A_20;Licencias de funcionamiento para establecimientos de ARTESANÍA Y MANUFACTURA / Cueros y pieles / Número;MÓDULO IV: COMPETENCIAS Y FUNCIONES DE LA MUNICIPALIDAD;;34;Municipalidad que;23;ok;sin_valores
P34_21;¿La municipalidad otorgó licencias de funcionamiento para establecimientos de ARTESANÍA Y MANUFACTURA: Panaderías?;MÓDULO IV: COMPETENCIAS Y FUNCIONES DE LA MUNICIPALIDAD;1: Sí | 2: No;34;funcionamiento para;23;ok;asignado_por_posicion
P34A_21;Licencias de funcionamiento para establecimientos de ARTESANÍA Y MANUFACTURA / Panaderías / Número;MÓDULO IV: COMPETENCIAS Y FUNCIONES DE LA MUNICIPALIDAD;;34;2021;23;ok;sin_valores
P34_22;¿La municipalidad otorgó licencias de funcionamiento para establecimientos de ARTESANÍA Y MANUFACTURA: Otro?;MÓDULO IV: COMPETENCIAS Y FUNCIONES DE LA MUNICIPALIDAD;1: Sí | 2: No;34;2021;23;ok;asignado_por_posicion
P34A_22;Licencias de funcionamiento para establecimientos de ARTESANÍA Y MANUFACTURA / Otro / Número;MÓDULO IV: COMPETENCIAS Y FUNCIONES DE LA MUNICIPALIDAD;;34;2021;23;ok;sin_valores
P34A_22_O;Licencias de funcionamiento para establecimientos de ARTESANÍA Y MANUFACTURA / Otro / Especifique la de mayor frecuencia;MÓDULO IV: COMPETENCIAS Y FUNCIONES DE LA MUNICIPALIDAD;;34;2021;23;ok;sin_valores
P34_23;¿La municipalidad otorgó licencias de funcionamiento para establecimientos de COMERCIO: Bodegas y otros establecimientos de expendio de abarrotes?;MÓDULO IV: COMPETENCIAS Y FUNCIONES DE LA MUNICIPALIDAD;1: Sí | 2: No;34;2021;23;ok;asignado_por_posicion
P34A_23;Licencias de funcionamiento para establecimientos de COMERCIO / Bodegas y otros establecimientos de expendio de abarrotes / Número;MÓDULO IV: COMPETENCIAS Y FUNCIONES DE LA MUNICIPALIDAD;;34;2021;23;ok;sin_valores
P34_24;¿La municipalidad otorgó licencias de funcionamiento para establecimientos de COMERCIO: Farmacias y boticas?;MÓDULO IV: COMPETENCIAS Y FUNCIONES DE LA MUNICIPALIDAD;1: Sí | 2: No;34;2021;23;ok;asignado_por_posicion
P34A_24;Licencias de funcionamiento para establecimientos de COMERCIO / Farmacias y boticas / Número;MÓDULO IV: COMPETENCIAS Y FUNCIONES DE LA MUNICIPALIDAD;;34;2021;23;ok;sin_valores
P34_25;¿La municipalidad otorgó licencias de funcionamiento para establecimientos de COMERCIO: Ferreterías?;MÓDULO IV: COMPETENCIAS Y FUNCIONES DE LA MUNICIPALIDAD;1: Sí | 2: No;34;2021;23;ok;asignado_por_posicion
P34A_25;Licencias de funcionamiento para establecimientos de COMERCIO / Ferreterías / Número;MÓDULO IV: COMPETENCIAS Y FUNCIONES DE LA MUNICIPALIDAD;;34;2021;23;ok;sin_valores
P34_26;¿La municipalidad otorgó licencias de funcionamiento para establecimientos de COMERCIO: Prendas de vestir?;MÓDULO IV: COMPETENCIAS Y FUNCIONES DE LA MUNICIPALIDAD;1: Sí | 2: No;34;2021;23;ok;asignado_por_posicion
P34A_26;Licencias de funcionamiento para establecimientos de COMERCIO / Prendas de vestir / Número;MÓDULO IV: COMPETENCIAS Y FUNCIONES DE LA MUNICIPALIDAD;;34;2021;23;ok;sin_valores
P34_27;¿La municipalidad otorgó licencias de funcionamiento para establecimientos de COMERCIO: Calzado?;MÓDULO IV: COMPETENCIAS Y FUNCIONES DE LA MUNICIPALIDAD;1: Sí | 2: No;34;2021;23;ok;asignado_por_posicion
P34A_27;Licencias de funcionamiento para establecimientos de COMERCIO / Calzado / Número;MÓDULO IV: COMPETENCIAS Y FUNCIONES DE LA MUNICIPALIDAD;;34;2021;24;ok;sin_valores
P34_28;¿La municipalidad otorgó licencias de funcionamiento para establecimientos de COMERCIO: Mercados de abastos?;MÓDULO IV: COMPETENCIAS Y FUNCIONES DE LA MUNICIPALIDAD;1: Sí | 2: No;34;2021;24;ok;asignado_por_posicion
P34A_28;Licencias de funcionamiento para establecimientos de COMERCIO / Mercados de abastos / Número;MÓDULO IV: COMPETENCIAS Y FUNCIONES DE LA MUNICIPALIDAD;;34;2021;24;ok;sin_valores
P34_29;¿La municipalidad otorgó licencias de funcionamiento para establecimientos de COMERCIO: Centros comerciales o galerías comerciales?;MÓDULO IV: COMPETENCIAS Y FUNCIONES DE LA MUNICIPALIDAD;1: Sí | 2: No;34;2021;24;ok;asignado_por_posicion
P34A_29;Licencias de funcionamiento para establecimientos de COMERCIO / Centros comerciales o galerías comerciales / Número;MÓDULO IV: COMPETENCIAS Y FUNCIONES DE LA MUNICIPALIDAD;;34;otorgó licencias de;24;ok;sin_valores
P34_30;¿La municipalidad otorgó licencias de funcionamiento para establecimientos de COMERCIO: Proveedores de insumos agropecuarios?;MÓDULO IV: COMPETENCIAS Y FUNCIONES DE LA MUNICIPALIDAD;1: Sí | 2: No;34;establecimientos,;24;ok;asignado_por_posicion
P34A_30;Licencias de funcionamiento para establecimientos de COMERCIO / Proveedores de insumos agropecuarios / Número;MÓDULO IV: COMPETENCIAS Y FUNCIONES DE LA MUNICIPALIDAD;;34;2021;24;ok;sin_valores
P34_31;¿La municipalidad otorgó licencias de funcionamiento para establecimientos de COMERCIO: Otro?;MÓDULO IV: COMPETENCIAS Y FUNCIONES DE LA MUNICIPALIDAD;1: Sí | 2: No;34;2021;24;ok;asignado_por_posicion
P34A_31;Licencias de funcionamiento para establecimientos de COMERCIO / Otro / Número;MÓDULO IV: COMPETENCIAS Y FUNCIONES DE LA MUNICIPALIDAD;;34;2021;24;ok;sin_valores
P34A_31_O;Licencias de funcionamiento para establecimientos de COMERCIO / Otro / Especifique la de mayor frecuencia DESARROLLO URBANO Y/O RURAL;MÓDULO IV: COMPETENCIAS Y FUNCIONES DE LA MUNICIPALIDAD;;34;2021;24;ok;sin_valores
VFI_P35;Municipalidad informante;MÓDULO IV: COMPETENCIAS Y FUNCIONES DE LA MUNICIPALIDAD;0: No informó | 1: Informó;34;2021;24;ok;asignado_por_posicion
P35_1;¿La municipalidad otorgó licencias de edificación para viviendas unifamiliares?;MÓDULO IV: COMPETENCIAS Y FUNCIONES DE LA MUNICIPALIDAD;1: Sí | 2: No;34;2021;24;ok;asignado_por_posicion
P35A_1;Licencias de edificación para viviendas unifamiliares / Número;MÓDULO IV: COMPETENCIAS Y FUNCIONES DE LA MUNICIPALIDAD;;34;2021;24;ok;sin_valores
P35_2;¿La municipalidad otorgó licencias de edificación para viviendas multifamiliares?;MÓDULO IV: COMPETENCIAS Y FUNCIONES DE LA MUNICIPALIDAD;1: Sí | 2: No;34;2021;24;ok;asignado_por_posicion
P35A_2;Licencias de edificación para viviendas multifamiliares / Número;MÓDULO IV: COMPETENCIAS Y FUNCIONES DE LA MUNICIPALIDAD;;34;2021;24;ok;sin_valores
P35_3;¿La municipalidad otorgó licencias de edificación para edificaciones de uso mixto con vivienda?;MÓDULO IV: COMPETENCIAS Y FUNCIONES DE LA MUNICIPALIDAD;1: Sí | 2: No;34;2021;24;ok;asignado_por_posicion
P35A_3;Licencias de edificación para edificaciones de uso mixto con vivienda / Número;MÓDULO IV: COMPETENCIAS Y FUNCIONES DE LA MUNICIPALIDAD;;34;2021;24;ok;sin_valores
P35_4;¿La municipalidad otorgó licencias de edificación para restaurantes?;MÓDULO IV: COMPETENCIAS Y FUNCIONES DE LA MUNICIPALIDAD;1: Sí | 2: No;34;2021;24;ok;asignado_por_posicion
P35A_4;Licencias de edificación para restaurantes / Número;MÓDULO IV: COMPETENCIAS Y FUNCIONES DE LA MUNICIPALIDAD;;35;otorgó licencias de;24;ok;sin_valores
P35_5;¿La municipalidad otorgó licencias de edificación para centros comerciales o galerías comerciales?;MÓDULO IV: COMPETENCIAS Y FUNCIONES DE LA MUNICIPALIDAD;1: Sí | 2: No;35;edificación, 2021;24;ok;asignado_por_posicion
P35A_5;Licencias de edificación para centros comerciales o galerías comerciales / Número;MÓDULO IV: COMPETENCIAS Y FUNCIONES DE LA MUNICIPALIDAD;;35;edificación, 2021;24;ok;sin_valores
P35_6;¿La municipalidad otorgó licencias de edificación para campos feriales?;MÓDULO IV: COMPETENCIAS Y FUNCIONES DE LA MUNICIPALIDAD;1: Sí | 2: No;35;edificación, 2021;24;ok;asignado_por_posicion
P35A_6;Licencias de edificación para campos feriales / Número;MÓDULO IV: COMPETENCIAS Y FUNCIONES DE LA MUNICIPALIDAD;;35;edificación, 2021;24;ok;sin_valores
P35_7;¿La municipalidad otorgó licencias de edificación para hoteles, hostales y otros establecimientos de hospedaje?;MÓDULO IV: COMPETENCIAS Y FUNCIONES DE LA MUNICIPALIDAD;1: Sí | 2: No;35;edificación, 2021;24;ok;asignado_por_posicion
P35A_7;Licencias de edificación para hoteles, hostales y otros establecimientos de hospedaje / Número;MÓDULO IV: COMPETENCIAS Y FUNCIONES DE LA MUNICIPALIDAD;;35;edificación, 2021;24;ok;sin_valores
P35_8;¿La municipalidad otorgó licencias de edificación para fábricas industriales?;MÓDULO IV: COMPETENCIAS Y FUNCIONES DE LA MUNICIPALIDAD;1: Sí | 2: No;35;edificación, 2021;24;ok;asignado_por_posicion
P35A_8;Licencias de edificación para fábricas industriales / Número;MÓDULO IV: COMPETENCIAS Y FUNCIONES DE LA MUNICIPALIDAD;;35;edificación, 2021;24;ok;sin_valores
P35_9;¿La municipalidad otorgó licencias de edificación para locales de instituciones del Estado?;MÓDULO IV: COMPETENCIAS Y FUNCIONES DE LA MUNICIPALIDAD;1: Sí | 2: No;35;edificación, 2021;25;ok;asignado_por_posicion
P35A_9;Licencias de edificación para locales de instituciones del Estado / Número;MÓDULO IV: COMPETENCIAS Y FUNCIONES DE LA MUNICIPALIDAD;;35;edificación, 2021;25;ok;sin_valores
P35_10;¿La municipalidad otorgó licencias de edificación para terminales de transporte terrestre?;MÓDULO IV: COMPETENCIAS Y FUNCIONES DE LA MUNICIPALIDAD;1: Sí | 2: No;35;edificación, 2021;25;ok;asignado_por_posicion
P35A_10;Licencias de edificación para terminales de transporte terrestre / Número;MÓDULO IV: COMPETENCIAS Y FUNCIONES DE LA MUNICIPALIDAD;;35;otorgó licencias de;25;ok;sin_valores
P35_11;¿La municipalidad otorgó licencias de edificación para: Otro?;MÓDULO IV: COMPETENCIAS Y FUNCIONES DE LA MUNICIPALIDAD;1: Sí | 2: No;35;edificación, 2021;25;ok;asignado_por_posicion
P35A_11;Licencias de edificación para: Otro / Número;MÓDULO IV: COMPETENCIAS Y FUNCIONES DE LA MUNICIPALIDAD;;35;edificación, 2021;25;ok;sin_valores
P35A_11_O;Licencias de edificación para: Otro / Especifique la de mayor frecuencia;MÓDULO IV: COMPETENCIAS Y FUNCIONES DE LA MUNICIPALIDAD;;35;edificación, 2021;25;ok;sin_valores
VFI_P36;Municipalidad informante;MÓDULO IV: COMPETENCIAS Y FUNCIONES DE LA MUNICIPALIDAD;0: No informó | 1: Informó;35;edificación, 2021;25;ok;asignado_por_posicion
P36;¿La municipalidad realizó verificaciones técnicas a las obras con licencia de edificación?;MÓDULO IV: COMPETENCIAS Y FUNCIONES DE LA MUNICIPALIDAD;1: Sí | 2: No;35;realizó;25;ok;asignado_por_posicion
P36_1;Total de obras con licencias de edificación / Número;MÓDULO IV: COMPETENCIAS Y FUNCIONES DE LA MUNICIPALIDAD;;36;técnicas a las obras;25;ok;sin_valores
P36_2;Obras con verificación técnica / Número;MÓDULO IV: COMPETENCIAS Y FUNCIONES DE LA MUNICIPALIDAD;;36;con licencia de;25;ok;sin_valores
P36_3;Total de verificaciones técnicas realizadas a las obras con verificaciones técnicas / Número;MÓDULO IV: COMPETENCIAS Y FUNCIONES DE LA MUNICIPALIDAD;;36;edificación, 2021;25;ok;sin_valores
VFI_P37;Municipalidad informante;MÓDULO IV: COMPETENCIAS Y FUNCIONES DE LA MUNICIPALIDAD;0: No informó | 1: Informó;36;edificación, 2021;25;ok;asignado_por_posicion
P37_1;¿La municipalidad otorgó licencias de habilitación urbana (tierras por urbanizar) para vivienda?;MÓDULO IV: COMPETENCIAS Y FUNCIONES DE LA MUNICIPALIDAD;1: Sí | 2: No;36;edificación, 2021;25;ok;asignado_por_posicion
P37A_1;Licencias de habilitación urbana para Vivienda / Número;MÓDULO IV: COMPETENCIAS Y FUNCIONES DE LA MUNICIPALIDAD;;36;edificación, 2021;25;ok;sin_valores
P37_2;¿La municipalidad otorgó licencias de habilitación urbana (tierras por urbanizar) para comercio?;MÓDULO IV: COMPETENCIAS Y FUNCIONES DE LA MUNICIPALIDAD;1: Sí | 2: No;36;edificación, 2021;25;ok;asignado_por_posicion
P37A_2;Licencias de habilitación urbana para Comercio / Número;MÓDULO IV: COMPETENCIAS Y FUNCIONES DE LA MUNICIPALIDAD;;36;Municipalidad que;25;ok;sin_valores
P37_3;¿La municipalidad otorgó licencias de habilitación urbana (tierras por urbanizar) para servicio?;MÓDULO IV: COMPETENCIAS Y FUNCIONES DE LA MUNICIPALIDAD;1: Sí | 2: No;37;habilitación urbana;25;ok;asignado_por_posicion
P37A_3;Licencias de habilitación urbana para Servicio / Número;MÓDULO IV: COMPETENCIAS Y FUNCIONES DE LA MUNICIPALIDAD;;37;(tierras por;25;ok;sin_valores
P37_4;¿La municipalidad otorgó licencias de habilitación urbana (tierras por urbanizar) para industria?;MÓDULO IV: COMPETENCIAS Y FUNCIONES DE LA MUNICIPALIDAD;1: Sí | 2: No;37;urbanizar), 2021;25;ok;asignado_por_posicion
P37A_4;Licencias de habilitación urbana para Industria / Número;MÓDULO IV: COMPETENCIAS Y FUNCIONES DE LA MUNICIPALIDAD;;37;urbanizar), 2021;25;ok;sin_valores
P37_5;¿La municipalidad otorgó licencias de habilitación urbana (tierras por urbanizar) para: Otro ?;MÓDULO IV: COMPETENCIAS Y FUNCIONES DE LA MUNICIPALIDAD;1: Sí | 2: No;37;urbanizar), 2021;25;ok;asignado_por_posicion
P37A_5;Licencias de habilitación urbana / Otro / Número;MÓDULO IV: COMPETENCIAS Y FUNCIONES DE LA MUNICIPALIDAD;;37;urbanizar), 2021;25;ok;sin_valores
P37A_5_O;Licencias de habilitación urbana / Otro / Especifique la de mayor frecuencia;MÓDULO IV: COMPETENCIAS Y FUNCIONES DE LA MUNICIPALIDAD;;37;urbanizar), 2021;25;ok;sin_valores
VFI_P38;Municipalidad informante;MÓDULO IV: COMPETENCIAS Y FUNCIONES DE LA MUNICIPALIDAD;0: No informó | 1: Informó;37;urbanizar), 2021;25;ok;asignado_por_posicion
P38;¿La municipalidad dispone de terrenos propios para fines de vivienda que no están ocupados, construidos o afectados en uso?;MÓDULO IV: COMPETENCIAS Y FUNCIONES DE LA MUNICIPALIDAD;1: Sí | 2: No dispone;37;urbanizar), 2021;25;ok;asignado_por_posicion
P38_1;Terrenos propios para fines de vivienda que no están ocupados, construidos o afectados en uso / Número de terrenos;MÓDULO IV: COMPETENCIAS Y FUNCIONES DE LA MUNICIPALIDAD;;37;Municipalidad que;25;ok;sin_valores
P38_2;Terrenos propios para fines de vivienda que no están ocupados, construidos o afectados en uso / Área total (m2 );MÓDULO IV: COMPETENCIAS Y FUNCIONES DE LA MUNICIPALIDAD;;37;propios para fines;25;ok;sin_valores
P38A_1;Terrenos propios para fines de vivienda que no están ocupados, construidos o afectados en uso / Terrenos con saneamiento físico y legal / Número de terrenos;MÓDULO IV: COMPETENCIAS Y FUNCIONES DE LA MUNICIPALIDAD;;38;construidos o;25;ok;sin_valores
P38A_2;afectados en uso / Terrenos con factibilidad de servicio de agua, desagüe y Terrenos propios para fines de vivienda que no están ocupados, construidos o electricidad / Número de terrenos;MÓDULO IV: COMPETENCIAS Y FUNCIONES DE LA MUNICIPALIDAD;;38;2022;25;ok;sin_valores
P38A_3;afectados en uso / Terrenos con zonificación compatible con vivienda / Número Terrenos propios para fines de vivienda que no están ocupados, construidos o de terrenos;MÓDULO IV: COMPETENCIAS Y FUNCIONES DE LA MUNICIPALIDAD;;38;2022;25;ok;sin_valores
VFI_P39B;Municipalidad informante;MÓDULO IV: COMPETENCIAS Y FUNCIONES DE LA MUNICIPALIDAD;0: No informó | 1: Informó;38;2022;26;ok;asignado_por_posicion
P39B_1;¿La municipalidad realizó obras en espacios públicos con enfoque de accesibilidad universal tales como: / Paraderos Accesibles?;MÓDULO IV: COMPETENCIAS Y FUNCIONES DE LA MUNICIPALIDAD;1: Sí | 2: No;38;realizó obras en;26;ok;asignado_por_posicion
P39B_2;¿La municipalidad realizó obras en espacios públicos con enfoque de accesibilidad universal tales como: / Plazas Accesibles?;MÓDULO IV: COMPETENCIAS Y FUNCIONES DE LA MUNICIPALIDAD;1: Sí | 2: No;39;con Enfoque de;26;ok;asignado_por_posicion
P39B_3;¿La municipalidad realizó obras en espacios públicos con enfoque de accesibilidad universal tales como: / Parques Accesibles?;MÓDULO IV: COMPETENCIAS Y FUNCIONES DE LA MUNICIPALIDAD;1: Sí | 2: No;39;universal, 2021;26;ok;asignado_por_posicion
VFI_P40;Municipalidad informante;MÓDULO V: SERVICIOS PÚBLICOS LOCALES;0: No informó | 1: Informó;39;universal, 2021;26;ok;asignado_por_posicion
P40_1;Frecuencia de recojo de residuos sólidos (basura) que realizó la municipalidad;MÓDULO V: SERVICIOS PÚBLICOS LOCALES;1: Diaria | 2: Interdiaria | 3: Dos veces por semana | 4: Una vez por semana | 5: No realizó recojo;40;realizó la;26;ok;asignado_por_posicion
VFI_P41;Municipalidad informante;MÓDULO V: SERVICIOS PÚBLICOS LOCALES;0: No informó | 1: Informó;40;diaria de residuos;26;ok;asignado_por_posicion
P41_1;Cantidad promedio diaria de residuos sólidos (basura) en kilogramos;MÓDULO V: SERVICIOS PÚBLICOS LOCALES;;41;municipalidad,;26;ok;sin_valores
VFI_P42;Municipalidad informante;MÓDULO V: SERVICIOS PÚBLICOS LOCALES;0: No informó | 1: Informó;41;2021;26;ok;asignado_por_posicion
P42_1;Cobertura del servicio de recojo de residuos sólidos en el distrito;MÓDULO V: SERVICIOS PÚBLICOS LOCALES;1: Menos de 25% | 2: De 25% a 49% | 3: De 50% a 74% | 4: De 75% a 100%;42;por la municipalidad,;26;ok;asignado_por_posicion
VFI_P43;Municipalidad informante;MÓDULO V: SERVICIOS PÚBLICOS LOCALES;0: No informó | 1: Informó;42;2021;26;ok;asignado_por_posicion
P43_1;Instrumento de gestión / Plan Integral de Gestión Ambiental de Residuos Sólidos (PIGARS) - (Solo municipalidad provincial);MÓDULO V: SERVICIOS PÚBLICOS LOCALES;0: No | 1: Sí;42;2021;26;ok;asignado_por_posicion
P43_2;Instrumento de gestión / Plan de Manejo de Residuos Sólidos (PMRS) - (Solo municipalidad distrital);MÓDULO V: SERVICIOS PÚBLICOS LOCALES;0: No | 2: Sí;42;2021;26;ok;asignado_por_posicion
P43_3;Instrumento de gestión / Sistema de Recojo de Residuos Sólidos;MÓDULO V: SERVICIOS PÚBLICOS LOCALES;0: No | 3: Sí;42;2021;26;ok;asignado_por_posicion
P43_4;Instrumento de gestión / Programa de Transformación de Residuos Sólidos;MÓDULO V: SERVICIOS PÚBLICOS LOCALES;0: No | 4: Sí;42;gestión de residuos;26;ok;asignado_por_posicion
P43_5;Instrumento de gestión / Programa de Segregación en la Fuente y Recolección Selectiva de Residuos Sólidos;MÓDULO V: SERVICIOS PÚBLICOS LOCALES;0: No | 5: Sí;43;municipalidad,;26;ok;asignado_por_posicion
P43_6;Instrumento de gestión / Plan de Valorización de Residuos Sólidos Orgánicos;MÓDULO V: SERVICIOS PÚBLICOS LOCALES;0: No | 6: Sí;43;2021;26;ok;asignado_por_posicion
P43_7;Instrumento de gestión / Estudio de Caracterización de Residuos Sólidos;MÓDULO V: SERVICIOS PÚBLICOS LOCALES;0: No | 7: Sí;43;2021;26;ok;asignado_por_posicion
P43_8;Instrumento de gestión / Otro;MÓDULO V: SERVICIOS PÚBLICOS LOCALES;0: No | 8: Sí;43;2021;26;ok;asignado_por_posicion
P43_8_O;Instrumento de gestión / Otro / Especifique;MÓDULO V: SERVICIOS PÚBLICOS LOCALES;;43;2021;26;ok;sin_valores
P43_9;Instrumento de gestión / No contó con instrumentos de gestión de residuos sólidos;MÓDULO V: SERVICIOS PÚBLICOS LOCALES;0: No | 9: Sí;43;sólidos de la;27;ok;asignado_por_posicion
VFI_P44;Municipalidad informante;MÓDULO V: SERVICIOS PÚBLICOS LOCALES;0: No informó | 1: Informó;43;2021;27;ok;asignado_por_posicion
P44_1;Destino final de los residuos sólidos recolectados / Relleno sanitario;MÓDULO V: SERVICIOS PÚBLICOS LOCALES;1: Sí | 2: No;43;2021;27;ok;asignado_por_posicion
P44_1_1;Destino final de los residuos sólidos recolectados (%) / Relleno sanitario;MÓDULO V: SERVICIOS PÚBLICOS LOCALES;;43;2021;27;ok;sin_valores
P44_2;Destino final de los residuos sólidos recolectados / Botadero;MÓDULO V: SERVICIOS PÚBLICOS LOCALES;1: Sí | 2: No;43;2021;27;ok;asignado_por_posicion
P44_2_1;Destino final de los residuos sólidos recolectados (%) / Botadero;MÓDULO V: SERVICIOS PÚBLICOS LOCALES;;43;Destino final de los;27;ok;sin_valores
P44_3;Destino final de los residuos sólidos recolectados / Reciclados;MÓDULO V: SERVICIOS PÚBLICOS LOCALES;1: Sí | 2: No;44;(basura);27;ok;asignado_por_posicion
P44_3_1;Destino final de los residuos sólidos recolectados (%) / Reciclados;MÓDULO V: SERVICIOS PÚBLICOS LOCALES;;44;recolectados por la;27;ok;sin_valores
P44_4;Destino final de los residuos sólidos recolectados / Quemados / Incinerados;MÓDULO V: SERVICIOS PÚBLICOS LOCALES;1: Sí | 2: No;44;municipalidad, 2021;27;ok;asignado_por_posicion
P44_4_1;Destino final de los residuos sólidos recolectados (%) / Quemados / Incinerados;MÓDULO V: SERVICIOS PÚBLICOS LOCALES;;44;municipalidad, 2021;27;ok;sin_valores
P44_5;Destino final de los residuos sólidos recolectados / Otro;MÓDULO V: SERVICIOS PÚBLICOS LOCALES;1: Sí | 2: No;44;municipalidad, 2021;27;ok;asignado_por_posicion
P44_5_1;Destino final de los residuos sólidos recolectados (%) / Otro;MÓDULO V: SERVICIOS PÚBLICOS LOCALES;;44;municipalidad, 2021;27;ok;sin_valores
P44_5_O;Destino final de los residuos sólidos recolectados (%) / Otro / Especifique;MÓDULO V: SERVICIOS PÚBLICOS LOCALES;;44;municipalidad, 2021;27;ok;sin_valores
VFI_P46;Municipalidad informante;MÓDULO V: SERVICIOS PÚBLICOS LOCALES;0: No informó | 1: Informó;44;municipalidad, 2021;27;ok;asignado_por_posicion
P46_1;¿La municipalidad expidió carné de sanidad para manipulación de alimentos?;MÓDULO V: SERVICIOS PÚBLICOS LOCALES;1: Sí | 2: No;44;Municipalidad que;27;ok;asignado_por_posicion
P46A_1;Carnés de sanidad para manipulación de alimentos / Número;MÓDULO V: SERVICIOS PÚBLICOS LOCALES;;45;expidió carné de;27;ok;sin_valores
P46_2;¿La municipalidad expidió carné de sanidad para no manipulación de alimentos?;MÓDULO V: SERVICIOS PÚBLICOS LOCALES;1: Sí | 2: No;45;sanidad, 2021;27;ok;asignado_por_posicion
P46A_2;Carnés de sanidad para no manipulación de alimentos / Número;MÓDULO V: SERVICIOS PÚBLICOS LOCALES;;45;sanidad, 2021;27;ok;sin_valores
VFI_P47;Municipalidad informante;MÓDULO V: SERVICIOS PÚBLICOS LOCALES;0: No informó | 1: Informó;45;sanidad, 2021;27;ok;asignado_por_posicion
P47;¿La municipalidad tiene comerciantes ambulantes registrados?;MÓDULO V: SERVICIOS PÚBLICOS LOCALES;1: Sí | 2: No tiene;45;Municipalidad que;27;ok;asignado_por_posicion
P47_T;Número de comerciantes ambulantes registrados en la Municipalidad / Total;MÓDULO V: SERVICIOS PÚBLICOS LOCALES;;46;ambulantes;27;ok;sin_valores
P47_M;Número de comerciantes ambulantes registrados en la Municipalidad / Mujer;MÓDULO V: SERVICIOS PÚBLICOS LOCALES;;46;diciembre 2021;27;ok;sin_valores
P47_H;Número de comerciantes ambulantes registrados en la Municipalidad / Hombre;MÓDULO V: SERVICIOS PÚBLICOS LOCALES;;46;diciembre 2021;27;ok;sin_valores
VFI_P48;Municipalidad informante;MÓDULO V: SERVICIOS PÚBLICOS LOCALES;0: No informó | 1: Informó;46;diciembre 2021;27;ok;asignado_por_posicion
P48_1;¿La municipalidad realizó operativos de control de aseo, higiene y salubridad de establecimientos?;MÓDULO V: SERVICIOS PÚBLICOS LOCALES;1: Sí | 2: No;46;diciembre 2021;27;ok;asignado_por_posicion
P48A_1;Operativos de control de aseo, higiene y salubridad de establecimientos / Número;MÓDULO V: SERVICIOS PÚBLICOS LOCALES;;46;diciembre 2021;27;ok;sin_valores
P48_2;¿La municipalidad realizó operativos de control de verificación de pesas y medidas?;MÓDULO V: SERVICIOS PÚBLICOS LOCALES;1: Sí | 2: No;47;control, 2021;27;ok;asignado_por_posicion
P48A_2;Operativos de control de verificación de pesas y medidas / Número;MÓDULO V: SERVICIOS PÚBLICOS LOCALES;;47;control, 2021;27;ok;sin_valores
P48_3;¿La municipalidad realizó operativos de control de comercio ambulatorio?;MÓDULO V: SERVICIOS PÚBLICOS LOCALES;1: Sí | 2: No;47;control, 2021;27;ok;asignado_por_posicion
P48A_3;Operativos de control de comercio ambulatorio / Número;MÓDULO V: SERVICIOS PÚBLICOS LOCALES;;47;control, 2021;27;ok;sin_valores
P48_4;¿La municipalidad realizó operativos de control de vigencia de licencia de funcionamiento?;MÓDULO V: SERVICIOS PÚBLICOS LOCALES;1: Sí | 2: No;47;control, 2021;28;ok;asignado_por_posicion
P48A_4;Operativos de control de vigencia de licencia de funcionamiento / Número;MÓDULO V: SERVICIOS PÚBLICOS LOCALES;;47;control, 2021;28;ok;sin_valores
P48_5;¿La municipalidad realizó operativos de control de vigencia de licencia de edificación?;MÓDULO V: SERVICIOS PÚBLICOS LOCALES;1: Sí | 2: No;47;control, 2021;28;ok;asignado_por_posicion
P48A_5;Operativos de control de vigencia de licencia de edificación / Número;MÓDULO V: SERVICIOS PÚBLICOS LOCALES;;47;control, 2021;28;ok;sin_valores
P48_6;¿La municipalidad realizó operativos de control de certificado de Inspección Técnica de Seguridad en Edificaciones?;MÓDULO V: SERVICIOS PÚBLICOS LOCALES;1: Sí | 2: No;47;control, 2021;28;ok;asignado_por_posicion
P48A_6;Operativos de control de certificado de Inspección Técnica de Seguridad en Edificaciones / Número;MÓDULO V: SERVICIOS PÚBLICOS LOCALES;;47;control, 2021;28;ok;sin_valores
P48_7;¿La municipalidad realizó operativos de control de anuncios publicitarios?;MÓDULO V: SERVICIOS PÚBLICOS LOCALES;1: Sí | 2: No;47;control, 2021;28;ok;asignado_por_posicion
P48A_7;Operativos de control de anuncios publicitarios / Número;MÓDULO V: SERVICIOS PÚBLICOS LOCALES;;47;control, 2021;28;ok;sin_valores
P48_8;¿La municipalidad realizó operativos de control de transporte urbano?;MÓDULO V: SERVICIOS PÚBLICOS LOCALES;1: Sí | 2: No;47;Municipalidad que;28;ok;asignado_por_posicion
P48A_8;Operativos de control de transporte urbano / Número;MÓDULO V: SERVICIOS PÚBLICOS LOCALES;;47;realizó operativos de;28;ok;sin_valores
P48_9;¿La municipalidad realizó operativos de control de tránsito vehicular en coordinación con la Policía Nacional del Perú?;MÓDULO V: SERVICIOS PÚBLICOS LOCALES;1: Sí | 2: No;47;control, 2021;28;ok;asignado_por_posicion
P48A_9;Operativos de control de tránsito vehicular en coordinación con la Policía Nacional del Perú / Número;MÓDULO V: SERVICIOS PÚBLICOS LOCALES;;47;control, 2021;28;ok;sin_valores
P48_10;¿La municipalidad realizó operativos de control de emisión de humos y gases tóxicos?;MÓDULO V: SERVICIOS PÚBLICOS LOCALES;1: Sí | 2: No;47;control, 2021;28;ok;asignado_por_posicion
P48A_10;Operativos de control de emisión de humos y gases tóxicos/ Número;MÓDULO V: SERVICIOS PÚBLICOS LOCALES;;47;control, 2021;28;ok;sin_valores
P48_11;¿La municipalidad realizó operativos de control de ruidos molestos?;MÓDULO V: SERVICIOS PÚBLICOS LOCALES;1: Sí | 2: No;47;control, 2021;28;ok;asignado_por_posicion
P48A_11;Operativos de control de ruidos molestos / Número;MÓDULO V: SERVICIOS PÚBLICOS LOCALES;;47;control, 2021;28;ok;sin_valores
P48_12;¿La municipalidad realizó operativos de control de: Otro?;MÓDULO V: SERVICIOS PÚBLICOS LOCALES;1: Sí | 2: No;47;control, 2021;28;ok;asignado_por_posicion
P48A_12;Operativos de control / Otro / Número;MÓDULO V: SERVICIOS PÚBLICOS LOCALES;;47;control, 2021;28;ok;sin_valores
P48_12_O;Operativos de control / Otro / Especifique;MÓDULO V: SERVICIOS PÚBLICOS LOCALES;;47;control, 2021;28;ok;sin_valores
VFI_P48B;Municipalidad informante;MÓDULO V: SERVICIOS PÚBLICOS LOCALES;0: No informó | 1: Informó;47;control, 2021;28;ok;asignado_por_posicion
P48B_1;tales como: / Existencia de rampas en cruces peatonales o existencia de cruces ¿La municipalidad realizó inspecciones técnicas de campo de las barreras físicas peatonales a nivel de la calzada?;MÓDULO V: SERVICIOS PÚBLICOS LOCALES;1: Sí | 2: No;47;realizó inspecciones;28;ok;asignado_por_posicion
P48B_2;tales como: / Postes, comercio u otros elementos que invaden la circulación ¿La municipalidad realizó inspecciones técnicas de campo de las barreras físicas peatonal, impidiendo el pase de silla de ruedas?;MÓDULO V: SERVICIOS PÚBLICOS LOCALES;1: Sí | 2: No;48;que presenta en el;28;ok;asignado_por_posicion
P48B_3;tales como: / Irregularidad en pavimentos (baches, desniveles, discontinuidad de ¿La municipalidad realizó inspecciones técnicas de campo de las barreras físicas la vereda)?;MÓDULO V: SERVICIOS PÚBLICOS LOCALES;1: Sí | 2: No;48;su jurisdicción, 2021;28;ok;asignado_por_posicion
VFI_P49;Municipalidad informante;MÓDULO V: SERVICIOS PÚBLICOS LOCALES;0: No informó | 1: informó;48;su jurisdicción, 2021;28;ok;asignado_por_posicion
P49;¿La municipalidad tiene baños de uso público instalados en el distrito?;MÓDULO V: SERVICIOS PÚBLICOS LOCALES;1: Sí | 2: No tiene;49;tiene baños de uso;28;ok;asignado_por_posicion
P49_1;Baños de uso público en funcionamiento / Total;MÓDULO V: SERVICIOS PÚBLICOS LOCALES;;49;en el distrito, 2022;28;ok;sin_valores
P49_2;Baños de uso público en funcionamiento / Con condiciones de accesibilidad;MÓDULO V: SERVICIOS PÚBLICOS LOCALES;;49;en el distrito, 2022;28;ok;sin_valores
VFI_P50;Municipalidad informante;MÓDULO V: SERVICIOS PÚBLICOS LOCALES;0: No informó | 1: informó;49;en el distrito, 2022;28;ok;asignado_por_posicion
P50A;¿La municipalidad realizó conservación de áreas verdes en espacios públicos, tales como / Plazas?;MÓDULO V: SERVICIOS PÚBLICOS LOCALES;1: Sí | 2: No;50;de áreas verdes en;28;ok;asignado_por_posicion
P50A_C;¿La municipalidad realizó conservación de áreas verdes en espacios públicos, tales como / Plazas? / Áreas verdes conservadas (m2);MÓDULO V: SERVICIOS PÚBLICOS LOCALES;;50;2021;28;ok;sin_valores
P50B;¿La municipalidad realizó conservación de áreas verdes en espacios públicos, tales como / Parques?;MÓDULO V: SERVICIOS PÚBLICOS LOCALES;1: Sí | 2: No;50;2021;29;ok;asignado_por_posicion
P50B_C;¿La municipalidad realizó conservación de áreas verdes en espacios públicos, tales como / Parques? / Áreas verdes conservadas (m2);MÓDULO V: SERVICIOS PÚBLICOS LOCALES;;50;2021;29;ok;sin_valores
P50C;¿La municipalidad realizó conservación de áreas verdes en espacios públicos, tales como / Parques zonales y zoológicos?;MÓDULO V: SERVICIOS PÚBLICOS LOCALES;1: Sí | 2: No;50;2021;29;ok;asignado_por_posicion
P50C_C;¿La municipalidad realizó conservación de áreas verdes en espacios públicos, tales como / Parques zonales y zoológicos? / Áreas verdes conservadas (m2);MÓDULO V: SERVICIOS PÚBLICOS LOCALES;;50;2021;29;ok;sin_valores
P50D;¿La municipalidad realizó conservación de áreas verdes en espacios públicos, tales como / Jardines y óvalos?;MÓDULO V: SERVICIOS PÚBLICOS LOCALES;1: Sí | 2: No;50;realizó conservación;29;ok;asignado_por_posicion
P50D_C;¿La municipalidad realizó conservación de áreas verdes en espacios públicos, tales como / Jardines y óvalos? / Áreas verdes conservadas (m2);MÓDULO V: SERVICIOS PÚBLICOS LOCALES;;50;2021;29;ok;sin_valores
P50E;¿La municipalidad realizó conservación de áreas verdes en espacios públicos, tales como / Bermas?;MÓDULO V: SERVICIOS PÚBLICOS LOCALES;1: Sí | 2: No;50;2021;29;ok;asignado_por_posicion
P50E_C;¿La municipalidad realizó conservación de áreas verdes en espacios públicos, tales como / Bermas? / Áreas verdes conservadas (m2);MÓDULO V: SERVICIOS PÚBLICOS LOCALES;;50;2021;29;ok;sin_valores
P50F;¿La municipalidad realizó conservación de áreas verdes en espacios públicos, tales como / Alamedas?;MÓDULO V: SERVICIOS PÚBLICOS LOCALES;1: Sí | 2: No;50;2021;29;ok;asignado_por_posicion
P50F_C;¿La municipalidad realizó conservación de áreas verdes en espacios públicos, tales como / Alamedas? / Áreas verdes conservadas (m2);MÓDULO V: SERVICIOS PÚBLICOS LOCALES;;50;2021;29;ok;sin_valores
VFI_P51;Municipalidad informante;MÓDULO V: SERVICIOS PÚBLICOS LOCALES;0: No informó | 1: Informó;50;2021;29;ok;asignado_por_posicion
P51;¿La municipalidad tuvo Bibliotecas Municipales?;MÓDULO V: SERVICIOS PÚBLICOS LOCALES;1: Sí | 2: No tuvo;50;Municipalidad que;29;ok;asignado_por_posicion
P51_1;Bibliotecas Municipales / Número de locales;MÓDULO V: SERVICIOS PÚBLICOS LOCALES;;51;Municipales, 2021;29;ok;sin_valores
P51_2;Biblioteca Municipal / Número de Visitantes / Usuarios;MÓDULO V: SERVICIOS PÚBLICOS LOCALES;;51;Municipales, 2021;29;ok;sin_valores
VFI_P52;Municipalidad informante;MÓDULO V: SERVICIOS PÚBLICOS LOCALES;0: No informó | 1: Informó;51;Municipalidad que;29;ok;asignado_por_posicion
P52;¿La municipalidad brindó servicio bibliotecario?;MÓDULO V: SERVICIOS PÚBLICOS LOCALES;1: Sí | 2: No brindó;52;bibliotecario, 2021;29;ok;asignado_por_posicion
VFI_P53;Municipalidad informante;MÓDULO V: SERVICIOS PÚBLICOS LOCALES;0: No informó | 1: Informó;52;bibliotecario, 2021;29;ok;asignado_por_posicion
P53_1;Servicios que brindó la Biblioteca Municipal / Lectura en sala;MÓDULO V: SERVICIOS PÚBLICOS LOCALES;0: No | 1: Sí;52;bibliotecario, 2021;29;ok;asignado_por_posicion
P53A_1;Servicios que brindó la Biblioteca Municipal / Lectura en sala / Total de usuarios del servicio de lectura;MÓDULO V: SERVICIOS PÚBLICOS LOCALES;;52;bibliotecario, 2021;29;ok;sin_valores
P53_2;Servicios que brindó la Biblioteca Municipal / Préstamo de libros a domicilio;MÓDULO V: SERVICIOS PÚBLICOS LOCALES;0: No | 2: Sí;52;bibliotecario, 2021;29;ok;asignado_por_posicion
P53_3;Servicios que brindó la Biblioteca Municipal / Biblioteca virtual;MÓDULO V: SERVICIOS PÚBLICOS LOCALES;0: No | 3: Sí;53;Municipal, 2021;29;ok;asignado_por_posicion
P53_4;Servicios que brindó la Biblioteca Municipal / Sala de revistas y periódicos (Hemeroteca);MÓDULO V: SERVICIOS PÚBLICOS LOCALES;0: No | 4: Sí;53;Municipal, 2021;29;ok;asignado_por_posicion
P53_5;Servicios que brindó la Biblioteca Municipal / Sala infantil;MÓDULO V: SERVICIOS PÚBLICOS LOCALES;0: No | 5: Sí;53;Municipal, 2021;29;ok;asignado_por_posicion
P53_6;Servicios que brindó la Biblioteca Municipal / Biblioteca itinerante;MÓDULO V: SERVICIOS PÚBLICOS LOCALES;0: No | 6: Sí;53;Municipal, 2021;29;ok;asignado_por_posicion
P53_7;Servicios que brindó la Biblioteca Municipal / Internet;MÓDULO V: SERVICIOS PÚBLICOS LOCALES;0: No | 7: Sí;53;Municipal, 2021;30;ok;asignado_por_posicion
P53_8;Servicios que brindó la Biblioteca Municipal / Catálogo de acceso al público;MÓDULO V: SERVICIOS PÚBLICOS LOCALES;0: No | 8: Sí;53;Servicios que brindó;30;ok;asignado_por_posicion
P53_9;conferencias, presentaciones de libros, promoción y fomento de la lectura y la Servicios que brindó la Biblioteca Municipal / Servicios culturales (exposiciones, escritura);MÓDULO V: SERVICIOS PÚBLICOS LOCALES;0: No | 9: Sí;53;Municipal, 2021;30;ok;asignado_por_posicion
VFI_P54;Municipalidad informante;MÓDULO V: SERVICIOS PÚBLICOS LOCALES;0: No informó | 1: Informó;53;Municipal, 2021;30;ok;asignado_por_posicion
P54;¿La municipalidad contó con personal exclusivo de la Biblioteca Municipal?;MÓDULO V: SERVICIOS PÚBLICOS LOCALES;1: Sí | 2: No contó;53;Municipal, 2021;30;ok;asignado_por_posicion
P54_T;Personal exclusivo de la Biblioteca Municipal / Total;MÓDULO V: SERVICIOS PÚBLICOS LOCALES;;53;Municipal, 2021;30;ok;sin_valores
P54_M;Personal exclusivo de la Biblioteca Municipal / Mujer;MÓDULO V: SERVICIOS PÚBLICOS LOCALES;;53;Municipalidad contó;30;ok;sin_valores
P54_H;Personal exclusivo de la Biblioteca Municipal / Hombre;MÓDULO V: SERVICIOS PÚBLICOS LOCALES;;53;con personal;30;ok;sin_valores
P54_1_T;Personal exclusivo de la Biblioteca Municipal / Profesionales en Bibliotecología / Total;MÓDULO V: SERVICIOS PÚBLICOS LOCALES;;54;Biblioteca Municipal,;30;ok;sin_valores
P54_1_M;Personal exclusivo de la Biblioteca Municipal / Profesionales en Bibliotecología / Mujer;MÓDULO V: SERVICIOS PÚBLICOS LOCALES;;54;2021;30;ok;sin_valores
P54_1_H;Personal exclusivo de la Biblioteca Municipal / Profesionales en Bibliotecología / Hombre;MÓDULO V: SERVICIOS PÚBLICOS LOCALES;;54;2021;30;ok;sin_valores
P54_2_T;Personal exclusivo de la Biblioteca Municipal / Otros / Total;MÓDULO V: SERVICIOS PÚBLICOS LOCALES;;54;2021;30;ok;sin_valores
P54_2_M;Personal exclusivo de la Biblioteca Municipal / Otros / Mujer;MÓDULO V: SERVICIOS PÚBLICOS LOCALES;;54;2021;30;ok;sin_valores
P54_2_H;Personal exclusivo de la Biblioteca Municipal / Otros / Hombre;MÓDULO V: SERVICIOS PÚBLICOS LOCALES;;54;2021;30;ok;sin_valores
VFI_P55;Municipalidad informante;MÓDULO V: SERVICIOS PÚBLICOS LOCALES;0: No informó | 1: Informó;54;2021;30;ok;asignado_por_posicion
P55_1;Material bibliográfico / Libros;MÓDULO V: SERVICIOS PÚBLICOS LOCALES;1: Sí | 2: No;54;2021;30;ok;asignado_por_posicion
P55_1_1;Material bibliográfico / Número de ejemplares / Libros;MÓDULO V: SERVICIOS PÚBLICOS LOCALES;;54;2021;30;ok;sin_valores
P55_2;Material bibliográfico / Libros electrónicos;MÓDULO V: SERVICIOS PÚBLICOS LOCALES;1: Sí | 2: No;54;2021;30;ok;asignado_por_posicion
P55_2_1;Material bibliográfico / Número de ejemplares / Libros electrónicos;MÓDULO V: SERVICIOS PÚBLICOS LOCALES;;54;2021;30;ok;sin_valores
P55_3;Material bibliográfico / Revistas;MÓDULO V: SERVICIOS PÚBLICOS LOCALES;1: Sí | 2: No;54;2021;30;ok;asignado_por_posicion
P55_3_1;Material bibliográfico / Número de ejemplares / Revistas;MÓDULO V: SERVICIOS PÚBLICOS LOCALES;;54;2021;30;ok;sin_valores
P55_4;Material bibliográfico / Periódicos;MÓDULO V: SERVICIOS PÚBLICOS LOCALES;1: Sí | 2: No;54;2021;30;ok;asignado_por_posicion
P55_4_1;Material bibliográfico / Número de ejemplares / Periódicos;MÓDULO V: SERVICIOS PÚBLICOS LOCALES;;54;2021;30;ok;sin_valores
P55_5;Material bibliográfico / Material Audiovisual;MÓDULO V: SERVICIOS PÚBLICOS LOCALES;1: Sí | 2: No;55;contó con material;30;ok;asignado_por_posicion
P55_5_1;Material bibliográfico / Número de ejemplares / Material Audiovisual;MÓDULO V: SERVICIOS PÚBLICOS LOCALES;;55;bibliográfico, 2021;30;ok;sin_valores
P55_6;Material bibliográfico / Material en Braille;MÓDULO V: SERVICIOS PÚBLICOS LOCALES;1: Sí | 2: No;55;bibliográfico, 2021;30;ok;asignado_por_posicion
P55_6_1;Material bibliográfico / Número de ejemplares / Material en Braille;MÓDULO V: SERVICIOS PÚBLICOS LOCALES;;55;bibliográfico, 2021;30;ok;sin_valores
P55_7;Material bibliográfico / Otro;MÓDULO V: SERVICIOS PÚBLICOS LOCALES;1: Sí | 2: No;55;bibliográfico, 2021;30;ok;asignado_por_posicion
P55_7_1;Material bibliográfico / Número de ejemplares / Otro;MÓDULO V: SERVICIOS PÚBLICOS LOCALES;;55;bibliográfico, 2021;30;ok;sin_valores
P55_7_O;Material bibliográfico / Otro / Especifique;MÓDULO V: SERVICIOS PÚBLICOS LOCALES;;55;bibliográfico, 2021;30;ok;sin_valores
P55_8;Material bibliográfico / Libros clasificados;MÓDULO V: SERVICIOS PÚBLICOS LOCALES;1: Sí | 2: No;55;bibliográfico, 2021;30;ok;asignado_por_posicion
P55_8_1;Material bibliográfico / Número de ejemplares / Libros clasificados;MÓDULO V: SERVICIOS PÚBLICOS LOCALES;;55;bibliográfico, 2021;30;ok;sin_valores
P55_9;Material bibliográfico / Libros catalogados;MÓDULO V: SERVICIOS PÚBLICOS LOCALES;1: Sí | 2: No;55;bibliográfico, 2021;30;ok;asignado_por_posicion
P55_9_1;Material bibliográfico / Número de ejemplares / Libros catalogados;MÓDULO V: SERVICIOS PÚBLICOS LOCALES;;55;bibliográfico, 2021;30;ok;sin_valores
VFI_P56;Municipalidad informante;MÓDULO V: SERVICIOS PÚBLICOS LOCALES;0: No informó | 1: Informó;55;bibliográfico, 2021;31;ok;asignado_por_posicion
P56;¿La Biblioteca Municipal contó con computadoras operativas?;MÓDULO V: SERVICIOS PÚBLICOS LOCALES;1: Sí | 2: No contó;56;contó con;31;ok;asignado_por_posicion
P56_T;Total de computadoras operativas;MÓDULO V: SERVICIOS PÚBLICOS LOCALES;;56;operativas, 2021;31;ok;sin_valores
P56_A;Número de computadoras operativas con acceso a Internet;MÓDULO V: SERVICIOS PÚBLICOS LOCALES;;56;operativas, 2021;31;ok;sin_valores
VFI_P57;Municipalidad informante;MÓDULO V: SERVICIOS PÚBLICOS LOCALES;0: No informó | 1: Informó;56;operativas, 2021;31;ok;asignado_por_posicion
P57_1;¿La Biblioteca Municipal contó con equipos operativos / Fotocopiadora?;MÓDULO V: SERVICIOS PÚBLICOS LOCALES;1: Sí | 2: No;56;operativas, 2021;31;ok;asignado_por_posicion
P57_1_1;La Biblioteca Municipal contó con equipos operativos / Número de equipos operativos / Fotocopiadora;MÓDULO V: SERVICIOS PÚBLICOS LOCALES;;56;operativas, 2021;31;ok;sin_valores
P57_2;¿La Biblioteca Municipal contó con equipos operativos / Impresora?;MÓDULO V: SERVICIOS PÚBLICOS LOCALES;1: Sí | 2: No;56;operativas, 2021;31;ok;asignado_por_posicion
P57_2_1;La Biblioteca Municipal contó con equipos operativos / Número de equipos operativos / Impresora;MÓDULO V: SERVICIOS PÚBLICOS LOCALES;;56;operativas, 2021;31;ok;sin_valores
P57_3;¿La Biblioteca Municipal contó con equipos operativos / Proyector multimedia?;MÓDULO V: SERVICIOS PÚBLICOS LOCALES;1: Sí | 2: No;56;operativas, 2021;31;ok;asignado_por_posicion
P57_3_1;La Biblioteca Municipal contó con equipos operativos / Número de equipos operativos / Proyector multimedia;MÓDULO V: SERVICIOS PÚBLICOS LOCALES;;56;Biblioteca Municipal;31;ok;sin_valores
P57_4;¿La Biblioteca Municipal contó con equipos operativos / Televisor (TV)?;MÓDULO V: SERVICIOS PÚBLICOS LOCALES;1: Sí | 2: No;57;operativos, 2021;31;ok;asignado_por_posicion
P57_4_1;La Biblioteca Municipal contó con equipos operativos / Número de equipos operativos / Televisor (TV);MÓDULO V: SERVICIOS PÚBLICOS LOCALES;;57;operativos, 2021;31;ok;sin_valores
P57_5;¿La Biblioteca Municipal contó con equipos operativos / DVD y/o Blue-ray?;MÓDULO V: SERVICIOS PÚBLICOS LOCALES;1: Sí | 2: No;57;operativos, 2021;31;ok;asignado_por_posicion
P57_5_1;La Biblioteca Municipal contó con equipos operativos / Número de equipos operativos / DVD y/o Blue-ray;MÓDULO V: SERVICIOS PÚBLICOS LOCALES;;57;operativos, 2021;31;ok;sin_valores
P57_6;¿La Biblioteca Municipal contó con equipos operativos / Otro?;MÓDULO V: SERVICIOS PÚBLICOS LOCALES;1: Sí | 2: No;57;operativos, 2021;31;ok;asignado_por_posicion
P57_6_1;La Biblioteca Municipal contó con equipos operativos / Número de equipos operativos / Otro;MÓDULO V: SERVICIOS PÚBLICOS LOCALES;;57;operativos, 2021;31;ok;sin_valores
P57_6_O;La Biblioteca Municipal contó con equipos operativos / Otro / Especifique;MÓDULO V: SERVICIOS PÚBLICOS LOCALES;;57;operativos, 2021;31;ok;sin_valores
VFI_P58;Municipalidad informante;MÓDULO V: SERVICIOS PÚBLICOS LOCALES;0: No informó | 1: Informó;57;operativos, 2021;31;ok;asignado_por_posicion
P58_1;¿La municipalidad administró locales para uso recreacional y cultural / Casas de la Cultura?;MÓDULO V: SERVICIOS PÚBLICOS LOCALES;1: Sí | 2: No;57;operativos, 2021;31;ok;asignado_por_posicion
P58_1_1;Número de locales / Casas de la Cultura;MÓDULO V: SERVICIOS PÚBLICOS LOCALES;;57;operativos, 2021;31;ok;sin_valores
P58_2;¿La municipalidad administró locales para uso recreacional y cultural / Teatros ?;MÓDULO V: SERVICIOS PÚBLICOS LOCALES;1: Sí | 2: No;57;operativos, 2021;31;ok;asignado_por_posicion
P58_2_1;Número de locales / Teatros;MÓDULO V: SERVICIOS PÚBLICOS LOCALES;;57;administró locales;31;ok;sin_valores
P58_3;¿La municipalidad administró locales para uso recreacional y cultural / Museos?;MÓDULO V: SERVICIOS PÚBLICOS LOCALES;1: Sí | 2: No;58;recreacional y;31;ok;asignado_por_posicion
P58_3_1;Número de locales / Museos;MÓDULO V: SERVICIOS PÚBLICOS LOCALES;;58;cultural, 2021;31;ok;sin_valores
P58_4;¿La municipalidad administró locales para uso recreacional y cultural / Otro?;MÓDULO V: SERVICIOS PÚBLICOS LOCALES;1: Sí | 2: No;58;cultural, 2021;31;ok;asignado_por_posicion
P58_4_1;Número de locales / Otro;MÓDULO V: SERVICIOS PÚBLICOS LOCALES;;58;cultural, 2021;31;ok;sin_valores
P58_4_O;La municipalidad administró locales para uso recreacional y cultural / Otro / Especifique;MÓDULO V: SERVICIOS PÚBLICOS LOCALES;;58;cultural, 2021;31;ok;sin_valores
VFI_P59;Municipalidad informante;MÓDULO V: SERVICIOS PÚBLICOS LOCALES;0: No informó | 1: Informó;58;Municipalidad que;31;ok;asignado_por_posicion
P59_1;¿La municipalidad administra infraestructura deportiva y/o recreativa / Estadios?;MÓDULO V: SERVICIOS PÚBLICOS LOCALES;1: Sí | 2: No;59;infraestructura;31;ok;asignado_por_posicion
P59_1_1;Número de infraestructura deportiva y/o recreativa / Estadios;MÓDULO V: SERVICIOS PÚBLICOS LOCALES;;59;recreativa, 2022;31;ok;sin_valores
P59_2;¿La municipalidad administra infraestructura deportiva y/o recreativa / Complejos deportivos?;MÓDULO V: SERVICIOS PÚBLICOS LOCALES;1: Sí | 2: No;59;recreativa, 2022;32;ok;asignado_por_posicion
P59_2_1;Número de infraestructura deportiva y/o recreativa / Complejos deportivos;MÓDULO V: SERVICIOS PÚBLICOS LOCALES;;59;recreativa, 2022;32;ok;sin_valores
P59_3;¿La municipalidad administra infraestructura deportiva y/o recreativa / Coliseos deportivos?;MÓDULO V: SERVICIOS PÚBLICOS LOCALES;1: Sí | 2: No;59;recreativa, 2022;32;ok;asignado_por_posicion
P59_3_1;Número de infraestructura deportiva y/o recreativa / Coliseos deportivos;MÓDULO V: SERVICIOS PÚBLICOS LOCALES;;59;recreativa, 2022;32;ok;sin_valores
P59_4;¿La municipalidad administra infraestructura deportiva y/o recreativa / Losas multideportivas?;MÓDULO V: SERVICIOS PÚBLICOS LOCALES;1: Sí | 2: No;59;recreativa, 2022;32;ok;asignado_por_posicion
P59_4_1;Número de infraestructura deportiva y/o recreativa / Losas multideportivas;MÓDULO V: SERVICIOS PÚBLICOS LOCALES;;59;recreativa, 2022;32;ok;sin_valores
P59_5;¿La municipalidad administra infraestructura deportiva y/o recreativa / Losas solo para fulbito?;MÓDULO V: SERVICIOS PÚBLICOS LOCALES;1: Sí | 2: No;59;recreativa, 2022;32;ok;asignado_por_posicion
P59_5_1;Número de infraestructura deportiva y/o recreativa / Losas solo para fulbito;MÓDULO V: SERVICIOS PÚBLICOS LOCALES;;59;recreativa, 2022;32;ok;sin_valores
P59_6;¿La municipalidad administra infraestructura deportiva y/o recreativa / Losas solo para vóley?;MÓDULO V: SERVICIOS PÚBLICOS LOCALES;1: Sí | 2: No;59;recreativa, 2022;32;ok;asignado_por_posicion
P59_6_1;Número de infraestructura deportiva y/o recreativa / Losas solo para vóley;MÓDULO V: SERVICIOS PÚBLICOS LOCALES;;59;Municipalidad que;32;ok;sin_valores
P59_7;¿La municipalidad administra infraestructura deportiva y/o recreativa / Losas solo para básquet?;MÓDULO V: SERVICIOS PÚBLICOS LOCALES;1: Si | 2: No;59;administra;32;ok;asignado_por_posicion
P59_7_1;Número de infraestructura deportiva y/o recreativa / Losas solo para básquet;MÓDULO V: SERVICIOS PÚBLICOS LOCALES;;59;deportiva y/o;32;ok;sin_valores
P59_8;¿La municipalidad administra infraestructura deportiva y/o recreativa / Parques zonales?;MÓDULO V: SERVICIOS PÚBLICOS LOCALES;1: Si | 2: No;59;recreativa, 2022;32;ok;asignado_por_posicion
P59_8_1;Número de infraestructura deportiva y/o recreativa / Parques zonales;MÓDULO V: SERVICIOS PÚBLICOS LOCALES;;59;recreativa, 2022;32;ok;sin_valores
P59_9;¿La municipalidad administra infraestructura deportiva y/o recreativa / Piscinas?;MÓDULO V: SERVICIOS PÚBLICOS LOCALES;1: Si | 2: No;59;recreativa, 2022;32;ok;asignado_por_posicion
P59_9_1;Número de infraestructura deportiva y/o recreativa / Piscinas;MÓDULO V: SERVICIOS PÚBLICOS LOCALES;;59;recreativa, 2022;32;ok;sin_valores
P59_10;¿La municipalidad administra infraestructura deportiva y/o recreativa / Gimnasios?;MÓDULO V: SERVICIOS PÚBLICOS LOCALES;1: Si | 2: No;59;recreativa, 2022;32;ok;asignado_por_posicion
P59_10_1;Número de infraestructura deportiva y/o recreativa / Gimnasios;MÓDULO V: SERVICIOS PÚBLICOS LOCALES;;59;recreativa, 2022;32;ok;sin_valores
P59_11;¿La municipalidad administra infraestructura deportiva y/o recreativa / Otro?;MÓDULO V: SERVICIOS PÚBLICOS LOCALES;1: Si | 2: No;59;recreativa, 2022;32;ok;asignado_por_posicion
P59_11_1;Número de infraestructura deportiva y/o recreativa / Otro;MÓDULO V: SERVICIOS PÚBLICOS LOCALES;;59;recreativa, 2022;32;ok;sin_valores
P59_11_O;La municipalidad administra infraestructura deportiva y/o recreativa / Otro / Especifique SERVICIOS SOCIALES;MÓDULO V: SERVICIOS PÚBLICOS LOCALES;;59;recreativa, 2022;32;ok;sin_valores
VFI_P60A;Municipalidad Informante;MÓDULO V: SERVICIOS PÚBLICOS LOCALES;0: No informó | 1: Informó;59;recreativa, 2022;32;ok;asignado_por_posicion
P60A_1;¿La municipalidad informó que tiene Comité del Programa del Vaso de Leche?;MÓDULO V: SERVICIOS PÚBLICOS LOCALES;1: Sí | 2: No;59;recreativa, 2022;32;ok;asignado_por_posicion
P60A_1_1;Comité del Programa del Vaso de Leche / Número de organizaciones al 31 de diciembre 2021;MÓDULO V: SERVICIOS PÚBLICOS LOCALES;;59;recreativa, 2022;32;ok;sin_valores
P60A_1_2;Comité del Programa del Vaso de Leche / Total de beneficiarios y/o afiliados al 31 de diciembre 2021;MÓDULO V: SERVICIOS PÚBLICOS LOCALES;;59;recreativa, 2022;32;ok;sin_valores
P60A_2;¿La municipalidad informó que tiene Comedor Popular?;MÓDULO V: SERVICIOS PÚBLICOS LOCALES;1: Sí | 2: No;60A;en el distrito, al 31;32;ok;asignado_por_posicion
P60A_2_1;Comedor Popular / Número de organizaciones al 31 de diciembre 2021;MÓDULO V: SERVICIOS PÚBLICOS LOCALES;;60A;de diciembre 2021;32;ok;sin_valores
P60A_2_2;Comedor Popular / Total de beneficiarios y/o afiliados al 31 de diciembre 2021;MÓDULO V: SERVICIOS PÚBLICOS LOCALES;;60A;de diciembre 2021;32;ok;sin_valores
P60A_3;¿La municipalidad informó que tiene Club de Madres?;MÓDULO V: SERVICIOS PÚBLICOS LOCALES;1: Sí | 2: No;60A;de diciembre 2021;32;ok;asignado_por_posicion
P60A_3_1;Club de Madres / Número de organizaciones al 31 de diciembre 2021;MÓDULO V: SERVICIOS PÚBLICOS LOCALES;;60A;de diciembre 2021;32;ok;sin_valores
P60A_3_2;Club de Madres / Total de beneficiarios y/o afiliados al 31 de diciembre 2021;MÓDULO V: SERVICIOS PÚBLICOS LOCALES;;60A;de diciembre 2021;32;ok;sin_valores
P60A_4;¿La municipalidad informó que tiene Organizaciones Juveniles?;MÓDULO V: SERVICIOS PÚBLICOS LOCALES;1: Sí | 2: No;60A;de diciembre 2021;33;ok;asignado_por_posicion
P60A_4_1;Organizaciones Juveniles / Número de organizaciones al 31 de diciembre 2021;MÓDULO V: SERVICIOS PÚBLICOS LOCALES;;60A;de diciembre 2021;33;ok;sin_valores
P60A_4_2;Organizaciones Juveniles / Total de beneficiarios y/o afiliados al 31 de diciembre 2021;MÓDULO V: SERVICIOS PÚBLICOS LOCALES;;60A;Organizaciones;33;ok;sin_valores
P60A_5;¿La municipalidad informó que tiene Otras Organizaciones Sociales?;MÓDULO V: SERVICIOS PÚBLICOS LOCALES;1: Sí | 2: No;60A;en el distrito, al 31;33;ok;asignado_por_posicion
P60A_5_1;Otras Organizaciones Sociales / Número de organizaciones al 31 de diciembre 2021;MÓDULO V: SERVICIOS PÚBLICOS LOCALES;;60A;de diciembre 2021;33;ok;sin_valores
P60A_5_2;Otras Organizaciones Sociales / Total de beneficiarios y/o afiliados al 31 de diciembre 2021;MÓDULO V: SERVICIOS PÚBLICOS LOCALES;;60A;de diciembre 2021;33;ok;sin_valores
P60A_5_O;Otras Organizaciones Sociales / Especifique;MÓDULO V: SERVICIOS PÚBLICOS LOCALES;;60A;de diciembre 2021;33;ok;sin_valores
VFI_P60B;Municipalidad Informante;MÓDULO V: SERVICIOS PÚBLICOS LOCALES;0: No informó | 1: Informó;60A;de diciembre 2021;33;ok;asignado_por_posicion
P60B_1A_1;¿Tiene beneficiarios del Programa del Vaso de Leche a niñas y niños de 0 a 6 años?;MÓDULO V: SERVICIOS PÚBLICOS LOCALES;1: Sí | 2: No;60A;de diciembre 2021;33;ok;asignado_por_posicion
P60B_1_1;Beneficiarios del Programa de Vaso de Leche / Niñas y niños de 0 a 6 años / Número de beneficiarios y/o afliados al 31 de diciembre 2021;MÓDULO V: SERVICIOS PÚBLICOS LOCALES;;60A;de diciembre 2021;33;ok;sin_valores
P60B_2A_1;¿Tiene beneficiarios del Programa del Vaso de Leche a niñas y niños de 7 a 13 años?;MÓDULO V: SERVICIOS PÚBLICOS LOCALES;1: Sí | 2: No;60A;de diciembre 2021;33;ok;asignado_por_posicion
P60B_2_1;Beneficiarios del Programa de Vaso de Leche / Niñas y niños de 7 a 13 años / Número de beneficiarios y/o afiliados al 31 de diciembre 2021;MÓDULO V: SERVICIOS PÚBLICOS LOCALES;;60A;de diciembre 2021;33;ok;sin_valores
P60B_3A_1;¿Tiene beneficiarios del Programa del Vaso de Leche a madres gestantes ?;MÓDULO V: SERVICIOS PÚBLICOS LOCALES;1: Sí | 2: No;60A;de diciembre 2021;33;ok;asignado_por_posicion
P60B_3_1;Beneficiarios del Programa de Vaso de Leche / Madres gestantes / Número de beneficiarios y/o afiliados al 31 de diciembre 2021;MÓDULO V: SERVICIOS PÚBLICOS LOCALES;;60A;de diciembre 2021;33;ok;sin_valores
P60B_4A_1;¿Tiene beneficiarios del Programa del Vaso de Leche a madres en período de lactancia?;MÓDULO V: SERVICIOS PÚBLICOS LOCALES;1: Sí | 2: No;60A;Beneficiarios del;33;ok;asignado_por_posicion
P60B_4_1;Beneficiarios del Programa de Vaso de Leche / Madres en período de lactancia / Número de beneficiarios y/o afiliados al 31 de diciembre 2021;MÓDULO V: SERVICIOS PÚBLICOS LOCALES;;60B;diciembre 2021;33;ok;sin_valores
P60B_5A_1;¿Tiene beneficiarios del Programa del Vaso de Leche a personas afectadas con tuberculosis?;MÓDULO V: SERVICIOS PÚBLICOS LOCALES;1: Sí | 2: No;60B;diciembre 2021;33;ok;asignado_por_posicion
P60B_5_1;Beneficiarios del Programa de Vaso de Leche / Personas afectadas con tuberculosis / Número de beneficiarios y/o afiliados al 31 de diciembre 2021;MÓDULO V: SERVICIOS PÚBLICOS LOCALES;;60B;diciembre 2021;33;ok;sin_valores
P60B_6A_1;¿Tiene beneficiarios del Programa del Vaso de Leche a adulto mayor?;MÓDULO V: SERVICIOS PÚBLICOS LOCALES;1: Sí | 2: No;60B;diciembre 2021;33;ok;asignado_por_posicion
P60B_6_1;Beneficiarios del Programa de Vaso de Leche / Adulto Mayor / Número de beneficiarios y/o afiliados al 31 de diciembre 2021;MÓDULO V: SERVICIOS PÚBLICOS LOCALES;;60B;diciembre 2021;33;ok;sin_valores
P60B_7A_1;¿Tiene beneficiarios del Programa del Vaso de Leche a personas con alguna discapacidad?;MÓDULO V: SERVICIOS PÚBLICOS LOCALES;1: Sí | 2: No;60B;diciembre 2021;33;ok;asignado_por_posicion
P60B_7_1;Beneficiarios del Programa de Vaso de Leche / Personas con alguna discapacidad / Número de beneficiarios y/o afiliados al 31 de diciembre 2021;MÓDULO V: SERVICIOS PÚBLICOS LOCALES;;60B;diciembre 2021;33;ok;sin_valores
P60B_T_1;Beneficiarios del Programa del Vaso de Leche / Total de beneficiarios / Número de beneficiarios y/o afiliados al 31 de diciembre 2021;MÓDULO V: SERVICIOS PÚBLICOS LOCALES;;60B;diciembre 2021;33;ok;sin_valores
VFI_P61;Municipalidad Informante;MÓDULO V: SERVICIOS PÚBLICOS LOCALES;0: No informó | 1: Informó;60B;Municipalidad que;33;ok;asignado_por_posicion
P61;¿La Municipalidad ha implementado el Centro Integral de Atención al Adulto Mayor (CIAM), según la ley N° 30490?;MÓDULO V: SERVICIOS PÚBLICOS LOCALES;1: Sí | 2: No implementó;60B;Centro Integral de;33;ok;asignado_por_posicion
P61_1;Centro Integral de Atención al Adulto Mayor (CIAM) / Número de locales en funcionamiento;MÓDULO V: SERVICIOS PÚBLICOS LOCALES;;61;según la ley N°;33;ok;sin_valores
P61_2;Centro Integral de Atención al Adulto Mayor (CIAM) / Total de beneficiarios registrados en todos los locales al 31 de diciembre 2021;MÓDULO V: SERVICIOS PÚBLICOS LOCALES;;61;diciembre 2021;33;ok;sin_valores
VFI_P62;Municipalidad Informante;MÓDULO V: SERVICIOS PÚBLICOS LOCALES;0: No informó | 1: Informó;61;Municipalidad que;34;ok;asignado_por_posicion
P62;¿La Municipalidad ha implementado la Oficina Municipal de Atención a las Personas con Discapacidad (OMAPED) ?;MÓDULO V: SERVICIOS PÚBLICOS LOCALES;1: Sí | 2: No implementó;62;Persona con;34;ok;asignado_por_posicion
P62_1;Oficina Municipal de Atención a la Persona con Discapacidad (OMAPED) / Total de beneficiarios al 31 de diciembre 2021;MÓDULO V: SERVICIOS PÚBLICOS LOCALES;;62;diciembre 2021;34;ok;sin_valores
VFI_P63;Municipalidad Informante;MÓDULO V: SERVICIOS PÚBLICOS LOCALES;0: No informó | 1: Informó;62;Municipalidad que;34;ok;asignado_por_posicion
P63;¿La Municipalidad cuenta con Voluntarios para el desarrollo de Servicios Sociales?;MÓDULO V: SERVICIOS PÚBLICOS LOCALES;1: Sí | 2: No cuenta;63;servicios sociales,;34;ok;asignado_por_posicion
VFI_P64;Municipalidad Informante;MÓDULO V: SERVICIOS PÚBLICOS LOCALES;0: No informó | 1: Informó;63;DEFENSORÍA MUNICIPAL DEL NIÑO Y EL ADOLESCENTE (DEMUNA);34;ok;asignado_por_posicion
P64;¿La municipalidad brindó el servicio de Defensoría Municipal del Niño y el Adolescente (DEMUNA) ?;MÓDULO V: SERVICIOS PÚBLICOS LOCALES;1: Sí | 2: No brindó el servicio;63;DEFENSORÍA MUNICIPAL DEL NIÑO Y EL ADOLESCENTE (DEMUNA);34;ok;asignado_por_posicion
P64_1;¿La Defensoría Municipal atendió casos de: Alimentos?;MÓDULO V: SERVICIOS PÚBLICOS LOCALES;1: Sí | 2: No;63;DEFENSORÍA MUNICIPAL DEL NIÑO Y EL ADOLESCENTE (DEMUNA);34;ok;asignado_por_posicion
P64_1_1;Número de casos atendidos / Alimentos;MÓDULO V: SERVICIOS PÚBLICOS LOCALES;;63;DEFENSORÍA MUNICIPAL DEL NIÑO Y EL ADOLESCENTE (DEMUNA);34;ok;sin_valores
P64_2;¿La Defensoría Municipal atendió casos de: Tenencia de hijas o hijos?;MÓDULO V: SERVICIOS PÚBLICOS LOCALES;1: Sí | 2: No;63;DEFENSORÍA MUNICIPAL DEL NIÑO Y EL ADOLESCENTE (DEMUNA);34;ok;asignado_por_posicion
P64_2_1;Número de casos atendidos / Tenencia de hijas o hijos;MÓDULO V: SERVICIOS PÚBLICOS LOCALES;;63;DEFENSORÍA MUNICIPAL DEL NIÑO Y EL ADOLESCENTE (DEMUNA);34;ok;sin_valores
P64_3;¿La Defensoría Municipal atendió casos de: Régimen de visitas?;MÓDULO V: SERVICIOS PÚBLICOS LOCALES;1: Sí | 2: No;63;DEFENSORÍA MUNICIPAL DEL NIÑO Y EL ADOLESCENTE (DEMUNA);34;ok;asignado_por_posicion
P64_3_1;Número de casos atendidos / Régimen de visitas;MÓDULO V: SERVICIOS PÚBLICOS LOCALES;;63;DEFENSORÍA MUNICIPAL DEL NIÑO Y EL ADOLESCENTE (DEMUNA);34;ok;sin_valores
P64_4;¿La Defensoría Municipal atendió casos de: Normas de comportamiento?;MÓDULO V: SERVICIOS PÚBLICOS LOCALES;1: Sí | 2: No;63;Municipalidad que;34;ok;asignado_por_posicion
P64_4_1;Número de casos atendidos / Normas de comportamiento;MÓDULO V: SERVICIOS PÚBLICOS LOCALES;;63;Defensoría;34;ok;sin_valores
P64_5;¿La Defensoría Municipal atendió casos de: Reconocimiento voluntario de la filiación?;MÓDULO V: SERVICIOS PÚBLICOS LOCALES;1: Sí | 2: No;64;Municipal del Niño y;34;ok;asignado_por_posicion
P64_5_1;Número de casos atendidos / Reconocimiento voluntario de la filiación;MÓDULO V: SERVICIOS PÚBLICOS LOCALES;;64;(DEMUNA) y los;34;ok;sin_valores
P64_6;¿La Defensoría Municipal atendió casos de: Violencia hacia niñas, niños y adolescentes en el hogar?;MÓDULO V: SERVICIOS PÚBLICOS LOCALES;1: Sí | 2: No;64;2021;34;ok;asignado_por_posicion
P64_6_1;Número de casos atendidos / Violencia hacia niñas, niños y adolescentes en el hogar;MÓDULO V: SERVICIOS PÚBLICOS LOCALES;;64;2021;34;ok;sin_valores
P64_7;adolescentes en la Institución Educativa por otra(o) niña, niño o adolescente ¿La Defensoría Municipal atendió casos de: Violencia hacia niñas, niños o (bullying )?;MÓDULO V: SERVICIOS PÚBLICOS LOCALES;1: Sí | 2: No;64;2021;34;ok;asignado_por_posicion
P64_7_1;Número de casos atendidos / Violencia hacia niñas, niños o adolescentes en la Institución Educativa por otra(o) niña, niño o adolescente (bullying );MÓDULO V: SERVICIOS PÚBLICOS LOCALES;;64;2021;34;ok;sin_valores
P64_8;¿Defensoría Municipal atendió casos de: Violencia hacia niñas, niños y adolescentes fuera del hogar?;MÓDULO V: SERVICIOS PÚBLICOS LOCALES;1: Sí | 2: No;64;2021;34;ok;asignado_por_posicion
P64_8_1;Número de casos atendidos / Violencia hacia niñas, niños y adolescentes fuera del hogar;MÓDULO V: SERVICIOS PÚBLICOS LOCALES;;64;2021;34;ok;sin_valores
P64_9;¿La Defensoría Municipal atendió casos de: Relacionados al nombre e identidad?;MÓDULO V: SERVICIOS PÚBLICOS LOCALES;1: Sí | 2: No;64;2021;34;ok;asignado_por_posicion
P64_9_1;Número de casos atendidos / Relacionados al nombre e identidad;MÓDULO V: SERVICIOS PÚBLICOS LOCALES;;64;2021;34;ok;sin_valores
P64_10;¿La Defensoría Municipal atendió casos de: Matrícula escolar?;MÓDULO V: SERVICIOS PÚBLICOS LOCALES;1: Sí | 2: No;64;2021;35;ok;asignado_por_posicion
P64_10_1;Número de casos atendidos / Matrícula escolar;MÓDULO V: SERVICIOS PÚBLICOS LOCALES;;64;2021;35;ok;sin_valores
P64_11;¿La Defensoría Municipal atendió casos de: Atentados contra la integridad sexual?;MÓDULO V: SERVICIOS PÚBLICOS LOCALES;1: Sí | 2: No;64;2021;35;ok;asignado_por_posicion
P64_11_1;Número de casos atendidos / Atentados contra la integridad sexual;MÓDULO V: SERVICIOS PÚBLICOS LOCALES;;64;2021;35;ok;sin_valores
P64_12;¿La Defensoría Municipal atendió casos de: Casos sociales?;MÓDULO V: SERVICIOS PÚBLICOS LOCALES;1: Sí | 2: No;64;2021;35;ok;asignado_por_posicion
P64_12_1;Número de casos atendidos / Casos sociales;MÓDULO V: SERVICIOS PÚBLICOS LOCALES;;64;2021;35;ok;sin_valores
P64_13;¿La Defensoría Municipal atendió casos de: Trabajo infantil?;MÓDULO V: SERVICIOS PÚBLICOS LOCALES;1: Sí | 2: No;64;2021;35;ok;asignado_por_posicion
P64_13_1;Número de casos atendidos / Trabajo infantil;MÓDULO V: SERVICIOS PÚBLICOS LOCALES;;64;2021;35;ok;sin_valores
P64_14;¿La Defensoría Municipal atendió casos de: Riesgo de desprotección familiar?;MÓDULO V: SERVICIOS PÚBLICOS LOCALES;1: Sí | 2: No;64;2021;35;ok;asignado_por_posicion
P64_14_1;Número de casos atendidos / Riesgo de desprotección familiar;MÓDULO V: SERVICIOS PÚBLICOS LOCALES;;64;brindó el Servicio de;35;ok;sin_valores
P64_15;¿La Defensoría Municipal atendió casos de: Desprotección familiar?;MÓDULO V: SERVICIOS PÚBLICOS LOCALES;1: Sí | 2: No;64;Defensoría;35;ok;asignado_por_posicion
P64_15_1;Número de casos atendidos / Desprotección familiar;MÓDULO V: SERVICIOS PÚBLICOS LOCALES;;64;el Adolescente;35;ok;sin_valores
P64_16;¿La Defensoría Municipal atendió caso de: Asesoría especializada psicológica?;MÓDULO V: SERVICIOS PÚBLICOS LOCALES;1: Sí | 2: No;64;casos atendidos,;35;ok;asignado_por_posicion
P64_16_1;Número de casos atendidos / Asesoría especializada psicológica;MÓDULO V: SERVICIOS PÚBLICOS LOCALES;;64;2021;35;ok;sin_valores
P64_17;¿La Defensoría Municipal atendió casos de: Asesoría especializada legal?;MÓDULO V: SERVICIOS PÚBLICOS LOCALES;1: Sí | 2: No;64;2021;35;ok;asignado_por_posicion
P64_17_1;Número de casos atendidos / Asesoría especializada legal;MÓDULO V: SERVICIOS PÚBLICOS LOCALES;;64;2021;35;ok;sin_valores
P64_18;¿La Defensoría Municipal atendió casos de: Otros casos?;MÓDULO V: SERVICIOS PÚBLICOS LOCALES;1: Sí | 2: No;64;2021;35;ok;asignado_por_posicion
P64_18_1;Número de casos atendidos / Otro;MÓDULO V: SERVICIOS PÚBLICOS LOCALES;;64;2021;35;ok;sin_valores
P64_18_O;Número de casos atendidos / Otro / Especifique;MÓDULO V: SERVICIOS PÚBLICOS LOCALES;;64;2021;35;ok;sin_valores
P64_19;madre, padre o ambos hayan fallecido durante la emergencia sanitaria por el ¿La Defensoría Municipal atendió casos de: Niñas, niños y adolescentes cuya COVID-19?;MÓDULO V: SERVICIOS PÚBLICOS LOCALES;1: Sí | 2: No;64;2021;35;ok;asignado_por_posicion
P64_19_1;Número de casos atendidos / Niñas, niños y adolescentes cuya madre, padre o ambos hayan fallecido durante la emergencia sanitaria por el COVID-19 SALUD;MÓDULO V: SERVICIOS PÚBLICOS LOCALES;;64;2021;35;ok;sin_valores
VFI_P66;Municipalidad informante;MÓDULO V: SERVICIOS PÚBLICOS LOCALES;0: No informó | 1: Informó;64;2021;35;ok;asignado_por_posicion
P66_1;¿La Municipalidad administra establecimientos de salud: Hospital / Clínica?;MÓDULO V: SERVICIOS PÚBLICOS LOCALES;1: Sí | 2: No;64;2021;35;ok;asignado_por_posicion
P66_1_1;Establecimientos administrados por la Municipalidad / Hospital / Clínica / Número de establecimientos;MÓDULO V: SERVICIOS PÚBLICOS LOCALES;;64;administra;35;ok;sin_valores
P66_2;¿La Municipalidad administra establecimientos de salud: Centro de salud?;MÓDULO V: SERVICIOS PÚBLICOS LOCALES;1: Sí | 2: No;65;salud que funcionan;35;ok;asignado_por_posicion
P66_2_1;Establecimientos administrados por la Municipalidad / Centro de salud / Número de establecimientos;MÓDULO V: SERVICIOS PÚBLICOS LOCALES;;65;en el distrito, 2022;35;ok;sin_valores
P66_3;¿La Municipalidad administra establecimientos de salud: Puesto / Posta de salud?;MÓDULO V: SERVICIOS PÚBLICOS LOCALES;1: Sí | 2: No;65;en el distrito, 2022;35;ok;asignado_por_posicion
P66_3_1;Establecimientos administrados por la Municipalidad / Puesto / Posta de salud / Número de establecimientos;MÓDULO V: SERVICIOS PÚBLICOS LOCALES;;65;en el distrito, 2022;36;ok;sin_valores
P66_4;¿La Municipalidad administra establecimientos de salud: Consultorio médico?;MÓDULO V: SERVICIOS PÚBLICOS LOCALES;1: Sí | 2: No;65;en el distrito, 2022;36;ok;asignado_por_posicion
P66_4_1;Establecimientos administrados por la Municipalidad / Consultorio médico / Número de establecimientos;MÓDULO V: SERVICIOS PÚBLICOS LOCALES;;65;en el distrito, 2022;36;ok;sin_valores
P66_5;¿La Municipalidad administra establecimientos de salud: Consultorio odontológico?;MÓDULO V: SERVICIOS PÚBLICOS LOCALES;1: Sí | 2: No;65;en el distrito, 2022;36;ok;asignado_por_posicion
P66_5_1;Establecimientos administrados por la Municipalidad / Consultorio odontológico / Número de establecimientos;MÓDULO V: SERVICIOS PÚBLICOS LOCALES;;65;en el distrito, 2022;36;ok;sin_valores
P66_6;¿La Municipalidad administra establecimientos de salud: Casa de reposo / Asilo?;MÓDULO V: SERVICIOS PÚBLICOS LOCALES;1: Sí | 2: No;65;en el distrito, 2022;36;ok;asignado_por_posicion
P66_6_1;Establecimientos administrados por la Municipalidad / Casa de reposo / Asilo / Número de establecimientos;MÓDULO V: SERVICIOS PÚBLICOS LOCALES;;65;Municipalidad que;36;ok;sin_valores
P66_7;¿La Municipalidad administra establecimientos de salud: Centro de rehabilitación?;MÓDULO V: SERVICIOS PÚBLICOS LOCALES;1: Sí | 2: No;65;establecimientos de;36;ok;asignado_por_posicion
P66_7_1;Establecimientos administrados por la Municipalidad / Centro de rehabilitación / Número de establecimientos;MÓDULO V: SERVICIOS PÚBLICOS LOCALES;;65;en el distrito, 2022;36;ok;sin_valores
P66_8;¿La Municipalidad administra establecimientos de salud: Farmacia?;MÓDULO V: SERVICIOS PÚBLICOS LOCALES;1: Sí | 2: No;65;en el distrito, 2022;36;ok;asignado_por_posicion
P66_8_1;Establecimientos administrados por la Municipalidad / Farmacia / Número de establecimientos;MÓDULO V: SERVICIOS PÚBLICOS LOCALES;;65;en el distrito, 2022;36;ok;sin_valores
P66_9;¿La Municipalidad administra establecimientos de salud: Botica?;MÓDULO V: SERVICIOS PÚBLICOS LOCALES;1: Sí | 2: No;65;en el distrito, 2022;36;ok;asignado_por_posicion
P66_9_1;Establecimientos administrados por la Municipalidad / Botica / Número de establecimientos;MÓDULO V: SERVICIOS PÚBLICOS LOCALES;;65;en el distrito, 2022;36;ok;sin_valores
P66_10;¿La Municipalidad administra establecimientos de salud: Botiquín comunal (Local)?;MÓDULO V: SERVICIOS PÚBLICOS LOCALES;1: Sí | 2: No;65;en el distrito, 2022;36;ok;asignado_por_posicion
P66_10_1;Establecimientos administrados por la Municipalidad / Botiquín comunal (Local) / Número de establecimientos;MÓDULO V: SERVICIOS PÚBLICOS LOCALES;;65;en el distrito, 2022;36;ok;sin_valores
VFI_P67;Municipalidad informante;MÓDULO V: SERVICIOS PÚBLICOS LOCALES;0: No informó | 1: Informó;65;en el distrito, 2022;36;ok;asignado_por_posicion
P67_1;La municipalidad realizó campañas en coordinación con el MINSA / Campañas de salud preventiva;MÓDULO V: SERVICIOS PÚBLICOS LOCALES;0: No | 1: Sí;65;en el distrito, 2022;36;ok;asignado_por_posicion
P67_2;La municipalidad realizó campañas en coordinación con el MINSA / Campañas de vacunación;MÓDULO V: SERVICIOS PÚBLICOS LOCALES;0: No | 2: Sí;65;en el distrito, 2022;36;ok;asignado_por_posicion
P67_3;La municipalidad realizó campañas en coordinación con el MINSA / Campañas de educación sanitaria;MÓDULO V: SERVICIOS PÚBLICOS LOCALES;0: No | 3: Sí;65;en el distrito, 2022;36;ok;asignado_por_posicion
P67_4;La municipalidad realizó campañas en coordinación con el MINSA / Campañas de primeros auxilios;MÓDULO V: SERVICIOS PÚBLICOS LOCALES;0: No | 4: Sí;65;en el distrito, 2022;36;ok;asignado_por_posicion
P67_5;La municipalidad realizó campañas en coordinación con el MINSA / Campañas de control de epidemias;MÓDULO V: SERVICIOS PÚBLICOS LOCALES;0: No | 5: Sí;66;coordinación con el;36;ok;asignado_por_posicion
P67_6;La municipalidad realizó campañas en coordinación con el MINSA / Campañas de profilaxis local;MÓDULO V: SERVICIOS PÚBLICOS LOCALES;0: No | 6: Sí;66;(MINSA), 2021;36;ok;asignado_por_posicion
P67_7;La municipalidad realizó campañas en coordinación con el MINSA / Campañas de fumigación;MÓDULO V: SERVICIOS PÚBLICOS LOCALES;0: No | 7: Sí;66;(MINSA), 2021;36;ok;asignado_por_posicion
P67_8;La municipalidad realizó campañas en coordinación con el MINSA / Campañas de salud mental;MÓDULO V: SERVICIOS PÚBLICOS LOCALES;0: No | 8: Sí;66;(MINSA), 2021;36;ok;asignado_por_posicion
P67_9;La municipalidad realizó campañas en coordinación con el MINSA / Campañas de registro y certificación de canes;MÓDULO V: SERVICIOS PÚBLICOS LOCALES;0: No | 9: Sí;66;(MINSA), 2021;36;ok;asignado_por_posicion
P67_10;La municipalidad realizó campañas en coordinación con el MINSA / Campañas de esterilización de perros y gatos;MÓDULO V: SERVICIOS PÚBLICOS LOCALES;0: No | 10: Sí;66;(MINSA), 2021;36;ok;asignado_por_posicion
P67_11;La municipalidad realizó campañas en coordinación con el MINSA / Otro;MÓDULO V: SERVICIOS PÚBLICOS LOCALES;0: No | 11: Sí;66;(MINSA), 2021;37;ok;asignado_por_posicion
P67_11_O;La municipalidad realizó campañas en coordinación con el MINSA / Otro / Especifique;MÓDULO V: SERVICIOS PÚBLICOS LOCALES;;66;coordinación con el;37;ok;sin_valores
P67_12;La municipalidad no realizó campañas en coordinación con el MINSA;MÓDULO V: SERVICIOS PÚBLICOS LOCALES;0: No | 12: Sí;66;(MINSA), 2021;37;ok;asignado_por_posicion
VFI_P68;Municipalidad informante;MÓDULO V: SERVICIOS PÚBLICOS LOCALES;0: No informó | 1: Informó;66;(MINSA), 2021;37;ok;asignado_por_posicion
P68_1;La municipalidad implementó programas de control y prevención de la salud en coordinación con el MINSA / Vacunación;MÓDULO V: SERVICIOS PÚBLICOS LOCALES;0: No | 1: Sí;66;(MINSA), 2021;37;ok;asignado_por_posicion
P68_2;La municipalidad implementó programas de control y prevención de la salud en coordinación con el MINSA / Control del crecimiento y desarrollo del niño;MÓDULO V: SERVICIOS PÚBLICOS LOCALES;0: No | 2: Sí;66;(MINSA), 2021;37;ok;asignado_por_posicion
P68_3;La municipalidad implementó programas de control y prevención de la salud en coordinación con el MINSA / Control de infecciones respiratorias agudas;MÓDULO V: SERVICIOS PÚBLICOS LOCALES;0: No | 3: Sí;66;(MINSA), 2021;37;ok;asignado_por_posicion
P68_4;La municipalidad implementó programas de control y prevención de la salud en coordinación con el MINSA / Control de enfermedades diarreicas agudas;MÓDULO V: SERVICIOS PÚBLICOS LOCALES;0: No | 4: Sí;66;(MINSA), 2021;37;ok;asignado_por_posicion
P68_5;La municipalidad implementó programas de control y prevención de la salud en coordinación con el MINSA / Control de tuberculosis;MÓDULO V: SERVICIOS PÚBLICOS LOCALES;0: No | 5: Sí;66;Municipalidad que;37;ok;asignado_por_posicion
P68_6;La municipalidad implementó programas de control y prevención de la salud en coordinación con el MINSA / Planificación familiar;MÓDULO V: SERVICIOS PÚBLICOS LOCALES;0: No | 6: Sí;67;de la Salud en;37;ok;asignado_por_posicion
P68_7;coordinación con el MINSA / Control de infecciones de transmisión sexual y La municipalidad implementó programas de control y prevención de la salud en VIH/SIDA;MÓDULO V: SERVICIOS PÚBLICOS LOCALES;0: No | 7: Sí;67;(MINSA), 2021;37;ok;asignado_por_posicion
P68_10;La municipalidad implementó programas de control y prevención de la salud en coordinación con el MINSA / Prevención y reducción de la anemia;MÓDULO V: SERVICIOS PÚBLICOS LOCALES;0: No | 10: Sí;67;(MINSA), 2021;37;ok;asignado_por_posicion
P68_11;La municipalidad implementó programas de control y prevención de la salud en coordinación con el MINSA / Preparación y respuesta frente al COVID-19;MÓDULO V: SERVICIOS PÚBLICOS LOCALES;0: No | 11: Sí;67;(MINSA), 2021;37;ok;asignado_por_posicion
P68_8;La municipalidad implementó programas de control y prevención de la salud en coordinación con el MINSA / Otro;MÓDULO V: SERVICIOS PÚBLICOS LOCALES;0: No | 8: Sí;67;(MINSA), 2021;37;ok;asignado_por_posicion
P68_8_O;La municipalidad implementó programas de control y prevención de la salud en coordinación con el MINSA / Otro / Especifique;MÓDULO V: SERVICIOS PÚBLICOS LOCALES;;67;(MINSA), 2021;37;ok;sin_valores
P68_9;La municipalidad no implementó programas de control y prevención de la salud en coordinación con el MINSA SEGURIDAD CIUDADANA;MÓDULO V: SERVICIOS PÚBLICOS LOCALES;0: No | 9: Sí;67;(MINSA), 2021;37;ok;asignado_por_posicion
VFI_P69;Municipalidad informante;MÓDULO V: SERVICIOS PÚBLICOS LOCALES;0: No informó | 1: Informó;67;(MINSA), 2021;37;ok;asignado_por_posicion
P69_1;¿La Municipalidad brindó el servicio de Serenazgo al 31 de diciembre 2021?;MÓDULO V: SERVICIOS PÚBLICOS LOCALES;1: Sí | 2: No;67;brinda el servicio de;37;ok;asignado_por_posicion
P69_1_T;Efectivos de serenazgo al 31 de diciembre 2021 / Total;MÓDULO V: SERVICIOS PÚBLICOS LOCALES;;68;diciembre 2021 y 31;37;ok;sin_valores
P69_1_M;Efectivos de serenazgo al 31 de diciembre 2021 / Mujer;MÓDULO V: SERVICIOS PÚBLICOS LOCALES;;68;de marzo 2022;37;ok;sin_valores
P69_1_H;Efectivos de serenazgo al 31 de diciembre 2021 / Hombre;MÓDULO V: SERVICIOS PÚBLICOS LOCALES;;68;de marzo 2022;37;ok;sin_valores
P69_2;¿La Municipalidad brindó el servicio de Serenazgo al 31 de marzo 2022?;MÓDULO V: SERVICIOS PÚBLICOS LOCALES;1: Sí | 2: No;68;Municipalidad que;38;ok;asignado_por_posicion
P69_2_T;Efectivos de serenazgo al 31 de marzo 2022 / Total;MÓDULO V: SERVICIOS PÚBLICOS LOCALES;;68;serenazgo,al 31 de;38;ok;sin_valores
P69_2_M;Efectivos de serenazgo al 31 de marzo 2022 / Mujer;MÓDULO V: SERVICIOS PÚBLICOS LOCALES;;68;diciembre 2021 y 31;38;ok;sin_valores
P69_2_H;Efectivos de serenazgo al 31 de marzo 2022 / Hombre;MÓDULO V: SERVICIOS PÚBLICOS LOCALES;;68;de marzo 2022;38;ok;sin_valores
VFI_P70;Municipalidad informante;MÓDULO V: SERVICIOS PÚBLICOS LOCALES;0: No informó | 1: Informó;68;de marzo 2022;38;ok;asignado_por_posicion
P70_1;¿La Municipalidad dispone de unidades móviles como auto y/o camioneta para actividades de serenazgo?;MÓDULO V: SERVICIOS PÚBLICOS LOCALES;1: Sí | 2: No;68;de marzo 2022;38;ok;asignado_por_posicion
P70A_1_1;Unidades móviles que dispone el serenazgo / Auto y/o camioneta / Total;MÓDULO V: SERVICIOS PÚBLICOS LOCALES;;68;de marzo 2022;38;ok;sin_valores
P70A_1_2;Unidades móviles que dispone el serenazgo / Auto y/o camioneta / Operativos;MÓDULO V: SERVICIOS PÚBLICOS LOCALES;;68;de marzo 2022;38;ok;sin_valores
P70A_1_3;Unidades móviles que dispone el serenazgo / Auto y/o camioneta / No Operativos;MÓDULO V: SERVICIOS PÚBLICOS LOCALES;;68;de marzo 2022;38;ok;sin_valores
P70_2;¿La municipalidad dispone de unidades móviles como Motocicleta para actividades de serenazgo?;MÓDULO V: SERVICIOS PÚBLICOS LOCALES;1: Sí | 2: No;68;de marzo 2022;38;ok;asignado_por_posicion
P70A_2_1;Unidades móviles que dispone el serenazgo / Motocicleta / Total;MÓDULO V: SERVICIOS PÚBLICOS LOCALES;;68;de marzo 2022;38;ok;sin_valores
P70A_2_2;Unidades móviles que dispone el serenazgo / Motocicleta / Operativos;MÓDULO V: SERVICIOS PÚBLICOS LOCALES;;68;de marzo 2022;38;ok;sin_valores
P70A_2_3;Unidades móviles que dispone el serenazgo / Motocicleta / No Operativos;MÓDULO V: SERVICIOS PÚBLICOS LOCALES;;68;de marzo 2022;38;ok;sin_valores
P70_3;¿La municipalidad dispone de unidades móviles como Bicicleta para actividades de serenazgo?;MÓDULO V: SERVICIOS PÚBLICOS LOCALES;1: Sí | 2: No;68;de marzo 2022;38;ok;asignado_por_posicion
P70A_3_1;Unidades móviles que dispone el serenazgo / Bicicleta / Total;MÓDULO V: SERVICIOS PÚBLICOS LOCALES;;68;de marzo 2022;38;ok;sin_valores
P70A_3_2;Unidades móviles que dispone el serenazgo / Bicicleta / Operativos;MÓDULO V: SERVICIOS PÚBLICOS LOCALES;;68;de marzo 2022;38;ok;sin_valores
P70A_3_3;Unidades móviles que dispone el serenazgo / Bicicleta / No Operativos;MÓDULO V: SERVICIOS PÚBLICOS LOCALES;;68;de marzo 2022;38;ok;sin_valores
P70_4;¿La municipalidad dispone de unidades móviles como Cuatrimoto para actividades de serenazgo?;MÓDULO V: SERVICIOS PÚBLICOS LOCALES;1: Sí | 2: No;68;de marzo 2022;38;ok;asignado_por_posicion
P70A_4_1;Unidades móviles que dispone el serenazgo / Cuatrimoto / Total;MÓDULO V: SERVICIOS PÚBLICOS LOCALES;;68;Municipalidad que;38;ok;sin_valores
P70A_4_2;Unidades móviles que dispone el serenazgo / Cuatrimoto / Operativos;MÓDULO V: SERVICIOS PÚBLICOS LOCALES;;68;dispone de;38;ok;sin_valores
P70A_4_3;Unidades móviles que dispone el serenazgo / Cuatrimoto / No Operativos;MÓDULO V: SERVICIOS PÚBLICOS LOCALES;;69;Infraestructura para;38;ok;sin_valores
P70_5;¿La municipalidad dispone de unidades móviles como Otros para actividades de serenazgo?;MÓDULO V: SERVICIOS PÚBLICOS LOCALES;1: Sí | 2: No;69;serenazgo, 2022;38;ok;asignado_por_posicion
P70A_5_1;Unidades móviles que dispone el serenazgo / Otro / Total;MÓDULO V: SERVICIOS PÚBLICOS LOCALES;;69;serenazgo, 2022;38;ok;sin_valores
P70A_5_2;Unidades móviles que dispone el serenazgo / Otro / Operativos;MÓDULO V: SERVICIOS PÚBLICOS LOCALES;;69;serenazgo, 2022;38;ok;sin_valores
P70A_5_3;Unidades móviles que dispone el serenazgo / Otro / No Operativos;MÓDULO V: SERVICIOS PÚBLICOS LOCALES;;69;serenazgo, 2022;38;ok;sin_valores
P70A_5_O;Unidades móviles que dispone el serenazgo / Otro / Especifique;MÓDULO V: SERVICIOS PÚBLICOS LOCALES;;69;serenazgo, 2022;38;ok;sin_valores
P70_6;¿La municipalidad dispone de equipos de comunicación y videovigilancia como Radio comunicador para actividades de serenazgo?;MÓDULO V: SERVICIOS PÚBLICOS LOCALES;1: Sí | 2: No;69;serenazgo, 2022;38;ok;asignado_por_posicion
P70A_6_1;Equipo de comunicación y videovigilancia que dispone el serenazgo / Radio comunicador / Total;MÓDULO V: SERVICIOS PÚBLICOS LOCALES;;69;serenazgo, 2022;38;ok;sin_valores
P70A_6_2;Equipo de comunicación y videovigilancia que dispone el serenazgo / Radio comunicador / Operativos;MÓDULO V: SERVICIOS PÚBLICOS LOCALES;;69;serenazgo, 2022;38;ok;sin_valores
P70A_6_3;Equipo de comunicación y videovigilancia que dispone el serenazgo / Radio comunicador / No Operativos;MÓDULO V: SERVICIOS PÚBLICOS LOCALES;;69;serenazgo, 2022;38;ok;sin_valores
P70_7;¿La municipalidad dispone de equipos de comunicación y videovigilancia como Cámara de videovigilancia para actividades de serenazgo?;MÓDULO V: SERVICIOS PÚBLICOS LOCALES;1: Sí | 2: No;69;serenazgo, 2022;38;ok;asignado_por_posicion
P70A_7_1;Equipo de comunicación y videovigilancia que dispone el serenazgo / Cámara de videovigilancia / Total;MÓDULO V: SERVICIOS PÚBLICOS LOCALES;;69;serenazgo, 2022;38;ok;sin_valores
P70A_7_2;Equipo de comunicación y videovigilancia que dispone el serenazgo / Cámara de videovigilancia / Operativos;MÓDULO V: SERVICIOS PÚBLICOS LOCALES;;69;serenazgo, 2022;38;ok;sin_valores
P70A_7_3;Equipo de comunicación y videovigilancia que dispone el serenazgo / Cámara de videovigilancia / No Operativos;MÓDULO V: SERVICIOS PÚBLICOS LOCALES;;69;serenazgo, 2022;38;ok;sin_valores
P70_8;¿La municipalidad dispone de equipos de comunicación y videovigilancia como Otro para actividades de serenazgo?;MÓDULO V: SERVICIOS PÚBLICOS LOCALES;1: Sí | 2: No;69;serenazgo, 2022;38;ok;asignado_por_posicion
P70A_8_1;Equipo de comunicación y videovigilancia que dispone el serenazgo / Otro / Total;MÓDULO V: SERVICIOS PÚBLICOS LOCALES;;69;serenazgo, 2022;39;ok;sin_valores
P70A_8_2;Equipo de comunicación y videovigilancia que dispone el serenazgo / Otro / Operativos;MÓDULO V: SERVICIOS PÚBLICOS LOCALES;;69;serenazgo, 2022;39;ok;sin_valores
P70A_8_3;Equipo de comunicación y videovigilancia que dispone el serenazgo / Otro / No Operativos;MÓDULO V: SERVICIOS PÚBLICOS LOCALES;;69;serenazgo, 2022;39;ok;sin_valores
P70A_8_O;Equipo de comunicación y videovigilancia que dispone el serenazgo / Otro / Especifique;MÓDULO V: SERVICIOS PÚBLICOS LOCALES;;69;serenazgo, 2022;39;ok;sin_valores
P70_9;¿El serenazgo dispone de infraestructura como Caseta, módulo y/o puesto de vigilancia para actividades de serenazgo?;MÓDULO V: SERVICIOS PÚBLICOS LOCALES;1: Sí | 2: No;69;serenazgo, 2022;39;ok;asignado_por_posicion
P70A_9_1;Infraestructura que dispone el serenazgo / Caseta, módulo y/o puesto de vigilancia / Total;MÓDULO V: SERVICIOS PÚBLICOS LOCALES;;69;serenazgo, 2022;39;ok;sin_valores
P70A_9_2;Infraestructura que dispone el serenazgo / Caseta, módulo y/o puesto de vigilancia / Operativos;MÓDULO V: SERVICIOS PÚBLICOS LOCALES;;69;serenazgo, 2022;39;ok;sin_valores
P70A_9_3;Infraestructura que dispone el serenazgo / Caseta, módulo y/o puesto de vigilancia / No Operativos;MÓDULO V: SERVICIOS PÚBLICOS LOCALES;;69;serenazgo, 2022;39;ok;sin_valores
P70_10;¿El serenazgo dispone de infraestructura como Central de control de videovigilancia para actividades de serenazgo?;MÓDULO V: SERVICIOS PÚBLICOS LOCALES;1: Sí | 2: No;69;serenazgo, 2022;39;ok;asignado_por_posicion
P70A_10_1;Infraestructura que dispone el serenazgo / Central de control de videovigilancia / Total;MÓDULO V: SERVICIOS PÚBLICOS LOCALES;;69;serenazgo, 2022;39;ok;sin_valores
P70A_10_2;Infraestructura que dispone el serenazgo / Central de control de videovigilancia / Operativos;MÓDULO V: SERVICIOS PÚBLICOS LOCALES;;69;serenazgo, 2022;39;ok;sin_valores
P70A_10_3;Infraestructura que dispone el serenazgo / Central de control de videovigilancia / No Operativos;MÓDULO V: SERVICIOS PÚBLICOS LOCALES;;69;serenazgo, 2022;39;ok;sin_valores
P70_11;¿El serenazgo dispone de infraestructura como Otro para actividades de serenazgo?;MÓDULO V: SERVICIOS PÚBLICOS LOCALES;1: Sí | 2: No;69;dispone de;39;ok;asignado_por_posicion
P70A_11_1;Infraestructura que dispone el serenazgo / Otro / Total;MÓDULO V: SERVICIOS PÚBLICOS LOCALES;;69;Infraestructura para;39;ok;sin_valores
P70A_11_2;Infraestructura que dispone el serenazgo / Otro / Operativos;MÓDULO V: SERVICIOS PÚBLICOS LOCALES;;69;actividades de;39;ok;sin_valores
P70A_11_3;Infraestructura que dispone el serenazgo / Otro / No Operativos;MÓDULO V: SERVICIOS PÚBLICOS LOCALES;;69;serenazgo, 2022;39;ok;sin_valores
P70A_11_O;Infraestructura que dispone el serenazgo / Otro / Especifique;MÓDULO V: SERVICIOS PÚBLICOS LOCALES;;69;serenazgo, 2022;39;ok;sin_valores
P70_12;¿La municipalidad dispone de equipamiento de seguridad como Vara de ley (vara de goma) para actividades de serenazgo?;MÓDULO V: SERVICIOS PÚBLICOS LOCALES;1: Sí | 2: No;69;serenazgo, 2022;39;ok;asignado_por_posicion
P70A_12_1;Equipamiento de seguridad que dispone el serenazgo / Vara de ley (vara de goma) / Total;MÓDULO V: SERVICIOS PÚBLICOS LOCALES;;69;serenazgo, 2022;39;ok;sin_valores
P70_13;¿La municipalidad dispone de equipamiento de seguridad como Chaleco antibalas para actividades de serenazgo?;MÓDULO V: SERVICIOS PÚBLICOS LOCALES;1: Sí | 2: No;69;serenazgo, 2022;39;ok;asignado_por_posicion
P70A_13_1;Equipamiento de seguridad que dispone el serenazgo / Chaleco antibalas / Total;MÓDULO V: SERVICIOS PÚBLICOS LOCALES;;69;serenazgo, 2022;39;ok;sin_valores
P70_14;completo (comprende camisa o polo, pantalón y zapatos o botas) para ¿La municipalidad dispone de equipamiento de seguridad como Uniforme actividades de serenazgo?;MÓDULO V: SERVICIOS PÚBLICOS LOCALES;1: Sí | 2: No;69;serenazgo, 2022;39;ok;asignado_por_posicion
P70A_14_1;Equipamiento de seguridad que dispone el serenazgo / Uniforme completo / Total;MÓDULO V: SERVICIOS PÚBLICOS LOCALES;;69;serenazgo, 2022;39;ok;sin_valores
P70_15;¿La municipalidad dispone de equipamiento de seguridad como Canes para actividades de serenazgo?;MÓDULO V: SERVICIOS PÚBLICOS LOCALES;1: Sí | 2: No;69;serenazgo, 2022;39;ok;asignado_por_posicion
P70A_15_1;Equipamiento de seguridad que dispone el serenazgo / Canes / Total;MÓDULO V: SERVICIOS PÚBLICOS LOCALES;;69;serenazgo, 2022;39;ok;sin_valores
P70_16;¿La municipalidad dispone de equipamiento de seguridad como Otro para actividades de serenazgo?;MÓDULO V: SERVICIOS PÚBLICOS LOCALES;1: Sí | 2: No;69;serenazgo, 2022;39;ok;asignado_por_posicion
P70A_16_1;Equipamiento de seguridad que dispone el serenazgo / Otro / Total;MÓDULO V: SERVICIOS PÚBLICOS LOCALES;;69;serenazgo, 2022;39;ok;sin_valores
P70A_16_O;Equipamiento de seguridad que dispone el serenazgo / Otro / Especifique;MÓDULO V: SERVICIOS PÚBLICOS LOCALES;;69;serenazgo, 2022;39;ok;sin_valores
VFI_P71;Municipalidad informante;MÓDULO V: SERVICIOS PÚBLICOS LOCALES;0: No informó | 1: Informó;69;Intervenciones;39;ok;asignado_por_posicion
P71;¿La Municipalidad registró intervenciones por el serenazgo?;MÓDULO V: SERVICIOS PÚBLICOS LOCALES;0: No | 1: Sí;70;serenazgo, 2021;39;ok;asignado_por_posicion
P71_1;¿El serenazgo registró intervenciones por Robo a transeúntes?;MÓDULO V: SERVICIOS PÚBLICOS LOCALES;1: Sí | 2: No;70;serenazgo, 2021;40;ok;asignado_por_posicion
P71A_1;Intervenciones registradas por el serenazgo / Robo a transeúntes / Número;MÓDULO V: SERVICIOS PÚBLICOS LOCALES;;70;serenazgo, 2021;40;ok;sin_valores
P71_2;¿El serenazgo registró intervenciones por Robo a domicilio?;MÓDULO V: SERVICIOS PÚBLICOS LOCALES;1: Sí | 2: No;70;serenazgo, 2021;40;ok;asignado_por_posicion
P71A_2;Intervenciones registradas por el serenazgo / Robo a domicilio / Número;MÓDULO V: SERVICIOS PÚBLICOS LOCALES;;70;serenazgo, 2021;40;ok;sin_valores
P71_3;¿El serenazgo registró intervenciones por Robo de vehículos?;MÓDULO V: SERVICIOS PÚBLICOS LOCALES;1: Sí | 2: No;70;serenazgo, 2021;40;ok;asignado_por_posicion
P71A_3;Intervenciones registradas por el serenazgo / Robo de vehículos / Número;MÓDULO V: SERVICIOS PÚBLICOS LOCALES;;70;serenazgo, 2021;40;ok;sin_valores
P71_4;¿El serenazgo registró intervenciones por Robo de autopartes?;MÓDULO V: SERVICIOS PÚBLICOS LOCALES;1: Sí | 2: No;70;serenazgo, 2021;40;ok;asignado_por_posicion
P71A_4;Intervenciones registradas por el serenazgo / Robo de autopartes / Número;MÓDULO V: SERVICIOS PÚBLICOS LOCALES;;70;serenazgo, 2021;40;ok;sin_valores
P71_5;¿El serenazgo registró intervenciones por Robo a establecimientos?;MÓDULO V: SERVICIOS PÚBLICOS LOCALES;1: Sí | 2: No;70;serenazgo, 2021;40;ok;asignado_por_posicion
P71A_5;Intervenciones registradas por el serenazgo / Robo a establecimientos / Número;MÓDULO V: SERVICIOS PÚBLICOS LOCALES;;70;serenazgo, 2021;40;ok;sin_valores
P71_6;¿El serenazgo registró intervenciones por Consumo de alcohol en vía pública?;MÓDULO V: SERVICIOS PÚBLICOS LOCALES;1: Sí | 2: No;70;serenazgo, 2021;40;ok;asignado_por_posicion
P71A_6;Intervenciones registradas por el serenazgo / Consumo de alcohol en vía pública / Número;MÓDULO V: SERVICIOS PÚBLICOS LOCALES;;70;serenazgo, 2021;40;ok;sin_valores
P71_7;¿El serenazgo registró intervenciones por Consumo de drogas?;MÓDULO V: SERVICIOS PÚBLICOS LOCALES;1: Sí | 2: No;70;serenazgo, 2021;40;ok;asignado_por_posicion
P71A_7;Intervenciones registradas por el serenazgo / Consumo de drogas / Número;MÓDULO V: SERVICIOS PÚBLICOS LOCALES;;70;serenazgo, 2021;40;ok;sin_valores
P71_8;¿El serenazgo registró intervenciones por Accidentes de tránsito?;MÓDULO V: SERVICIOS PÚBLICOS LOCALES;1: Sí | 2: No;70;serenazgo, 2021;40;ok;asignado_por_posicion
P71A_8;Intervenciones registradas por el serenazgo / Accidentes de tránsito / Número;MÓDULO V: SERVICIOS PÚBLICOS LOCALES;;70;serenazgo, 2021;40;ok;sin_valores
P71_9;¿El serenazgo registró intervenciones por Comercio informal?;MÓDULO V: SERVICIOS PÚBLICOS LOCALES;1: Sí | 2: No;70;serenazgo, 2021;40;ok;asignado_por_posicion
P71A_9;Intervenciones registradas por el serenazgo / Comercio informal / Número;MÓDULO V: SERVICIOS PÚBLICOS LOCALES;;70;serenazgo, 2021;40;ok;sin_valores
P71_10;¿El serenazgo registró intervenciones por Violencia familiar?;MÓDULO V: SERVICIOS PÚBLICOS LOCALES;1: Sí | 2: No;70;serenazgo, 2021;40;ok;asignado_por_posicion
P71A_10;Intervenciones registradas por el serenazgo / Violencia familiar / Número;MÓDULO V: SERVICIOS PÚBLICOS LOCALES;;70;serenazgo, 2021;40;ok;sin_valores
P71_11;¿El serenazgo registró intervenciones por Pandillaje (incluye pandillaje pernicioso)?;MÓDULO V: SERVICIOS PÚBLICOS LOCALES;1: Sí | 2: No;70;serenazgo, 2021;40;ok;asignado_por_posicion
P71A_11;Intervenciones registradas por el serenazgo / Pandillaje / Número;MÓDULO V: SERVICIOS PÚBLICOS LOCALES;;70;serenazgo, 2021;40;ok;sin_valores
P71_12;¿El serenazgo registró intervenciones por Otro?;MÓDULO V: SERVICIOS PÚBLICOS LOCALES;1: Sí | 2: No;70;serenazgo, 2021;40;ok;asignado_por_posicion
P71A_12;Intervenciones registradas por el serenazgo / Otro / Número;MÓDULO V: SERVICIOS PÚBLICOS LOCALES;;70;serenazgo, 2021;40;ok;sin_valores
P71A_12_O;Intervenciones registradas por el serenazgo / Otro / Especifique;MÓDULO V: SERVICIOS PÚBLICOS LOCALES;;70;serenazgo, 2021;40;ok;sin_valores
VFI_P72A;Municipalidad informante;MÓDULO V: SERVICIOS PÚBLICOS LOCALES;0: No informó | 1: Informó;70;serenazgo, 2021;40;ok;asignado_por_posicion
P72A;¿El distrito está sectorizado para actividades de patrullaje?;MÓDULO V: SERVICIOS PÚBLICOS LOCALES;1: Sí | 2: No;71;para actividades de;40;ok;asignado_por_posicion
P72A_1;Número de Sectores / Total;MÓDULO V: SERVICIOS PÚBLICOS LOCALES;;71;patrullaje, 2022;40;ok;sin_valores
P72A_2;Sectores patrullados por el serenazgo / Número;MÓDULO V: SERVICIOS PÚBLICOS LOCALES;;71;patrullaje, 2022;40;ok;sin_valores
VFI_P72B;Municipalidad informante;MÓDULO V: SERVICIOS PÚBLICOS LOCALES;0: No informó | 1: Informó;71;patrullaje, 2022;40;ok;asignado_por_posicion
P72B;¿El serenazgo realizó patrullaje integrado con la PNP?;MÓDULO V: SERVICIOS PÚBLICOS LOCALES;1: Sí | 2: No realiza;72;integrado con la;40;ok;asignado_por_posicion
P72B_1;Sectores con patrullaje integrado con la PNP / Número;MÓDULO V: SERVICIOS PÚBLICOS LOCALES;;72;Perú (PNP), 2022;40;ok;sin_valores
VFI_P73;Municipalidad informante;MÓDULO V: SERVICIOS PÚBLICOS LOCALES;0: No informó | 1: Informó;72;Perú (PNP), 2022;41;ok;asignado_por_posicion
P73_1;Modalidad del patrullaje integrado con la PNP / Auto y/o camioneta;MÓDULO V: SERVICIOS PÚBLICOS LOCALES;0: No | 1: Sí;72;Perú (PNP), 2022;41;ok;asignado_por_posicion
P73_2;Modalidad del patrullaje integrado con la PNP / Motocicleta;MÓDULO V: SERVICIOS PÚBLICOS LOCALES;0: No | 2: Sí;72;patrullaje integrado;41;ok;asignado_por_posicion
P73_3;Modalidad del patrullaje integrado con la PNP / A pie;MÓDULO V: SERVICIOS PÚBLICOS LOCALES;0: No | 3: Sí;73;Perú (PNP), 2022;41;ok;asignado_por_posicion
P73_4;Modalidad del patrullaje integrado con la PNP / Otra modalidad;MÓDULO V: SERVICIOS PÚBLICOS LOCALES;0: No | 4: Sí;73;Perú (PNP), 2022;41;ok;asignado_por_posicion
P73_4_O;Modalidad del patrullaje integrado con la PNP / Otra modalidad / Especifique;MÓDULO V: SERVICIOS PÚBLICOS LOCALES;;73;Perú (PNP), 2022;41;ok;sin_valores
VFI_P74;Municipalidad informante;MÓDULO V: SERVICIOS PÚBLICOS LOCALES;0: No informó | 1: Informó;73;Perú (PNP), 2022;41;ok;asignado_por_posicion
P74;Frecuencia del patrullaje integrado con la PNP;MÓDULO V: SERVICIOS PÚBLICOS LOCALES;1: Diaria | 2: Interdiaria | 3: Semanal | 4: Quincenal | 5: Mensual;74;Policía Nacional del;41;ok;asignado_por_posicion
VFI_P75;Municipalidad informante;MÓDULO V: SERVICIOS PÚBLICOS LOCALES;0: No informó | 1: Informó;74;Municipalidad que;41;ok;asignado_por_posicion
P75;¿La Municipalidad conformó el Comité Provincial / Distrital de Seguridad Ciudadana?;MÓDULO V: SERVICIOS PÚBLICOS LOCALES;1: Sí | 2: No ha conformado;75;de Seguridad;41;ok;asignado_por_posicion
VFI_P76;Municipalidad informante;MÓDULO V: SERVICIOS PÚBLICOS LOCALES;0: No informó | 1: Informó;75;Ciudadana, 2021;41;ok;asignado_por_posicion
P76_1;¿El Comité Provincial / Distrital de Seguridad Ciudadana realizó Sesiones de Comité de Seguridad Ciudadana?;MÓDULO V: SERVICIOS PÚBLICOS LOCALES;1: Sí | 2: No;75;Ciudadana, 2021;41;ok;asignado_por_posicion
P76A_1;Sesiones de Comité de Seguridad Ciudadana / Número;MÓDULO V: SERVICIOS PÚBLICOS LOCALES;;75;Ciudadana, 2021;41;ok;sin_valores
P76_2;¿El Comité Provincial / Distrital de Seguridad Ciudadana realizó Consultas públicas?;MÓDULO V: SERVICIOS PÚBLICOS LOCALES;1: Sí | 2: No;75;Ciudadana, 2021;41;ok;asignado_por_posicion
P76A_2;Consultas públicas / Número;MÓDULO V: SERVICIOS PÚBLICOS LOCALES;;75;Ciudadana, 2021;41;ok;sin_valores
P76_3;¿El Comité Provincial / Distrital de Seguridad Ciudadana realizó Capacitación a los efectivos de serenazgo?;MÓDULO V: SERVICIOS PÚBLICOS LOCALES;1: Sí | 2: No;75;Ciudadana, 2021;41;ok;asignado_por_posicion
P76A_3;Capacitaciones a efectivos de serenazgo / Número;MÓDULO V: SERVICIOS PÚBLICOS LOCALES;;75;/ Distrital de;41;ok;sin_valores
P76_4;¿El Comité Provincial / Distrital de Seguridad Ciudadana realizó Operativos conjuntos de prevención de delitos y faltas (Municipio, PNP, Fiscalía)?;MÓDULO V: SERVICIOS PÚBLICOS LOCALES;1: Sí | 2: No;76;Ciudadana realizó;41;ok;asignado_por_posicion
P76A_4;Operativos conjuntos de prevención de delitos y faltas (Municipio, PNP, Fiscalía) / Número;MÓDULO V: SERVICIOS PÚBLICOS LOCALES;;76;actividades, 2021;41;ok;sin_valores
P76_5;¿El Comité Provincial / Distrital de Seguridad Ciudadana realizó Capacitación en la elaboración del Mapa del Delito?;MÓDULO V: SERVICIOS PÚBLICOS LOCALES;1: Sí | 2: No;76;actividades, 2021;41;ok;asignado_por_posicion
P76A_5;Capacitaciones en la elaboración del Mapa del Delito / Número ¿El Comité Provincial / Distrital de seguridad ciudadana realizó Difusión de;MÓDULO V: SERVICIOS PÚBLICOS LOCALES;;76;actividades, 2021;41;ok;sin_valores
P76_6;anuncios de seguridad ciudadana en la página web y/o redes sociales de la municipalidad?;MÓDULO V: SERVICIOS PÚBLICOS LOCALES;1: Sí | 2: No;76;actividades, 2021;41;ok;asignado_por_posicion
P76_7;¿El Comité Provincial / Distrital de seguridad ciudadana realizó Recuperación de espacios públicos?;MÓDULO V: SERVICIOS PÚBLICOS LOCALES;1: Sí | 2: No;76;actividades, 2021;41;ok;asignado_por_posicion
VFI_P77;Municipalidad informante;MÓDULO V: SERVICIOS PÚBLICOS LOCALES;0: No informó | 1: Informó;76;Plan de Seguridad;41;ok;asignado_por_posicion
P77_1;El Plan de Seguridad Ciudadana formulado por el Comité Provincial / Distrital de Seguridad Ciudadana ha sido / Ratificado mediante Ordenanza Municipal;MÓDULO V: SERVICIOS PÚBLICOS LOCALES;0: No | 1: Sí;77;Comité Provincial /;41;ok;asignado_por_posicion
P77_2;El Plan de Seguridad Ciudadana formulado por el Comité Provincial / Distrital de Seguridad Ciudadana ha sido / Articulado al Plan Operativo Institucional;MÓDULO V: SERVICIOS PÚBLICOS LOCALES;0: No | 2: Sí;77;Seguridad;41;ok;asignado_por_posicion
P77_3;Seguridad Ciudadana ha sido / Derivado al Comité Reginal / Provincial para su El Plan de Seguridad Ciudadana formulado por el Comité Provincial / Distrital de evaluación;MÓDULO V: SERVICIOS PÚBLICOS LOCALES;0: No | 3: Sí;77;Ciudadana;42;ok;asignado_por_posicion
P77_4;No tiene Plan de Seguridad Ciudadana;MÓDULO V: SERVICIOS PÚBLICOS LOCALES;0: No | 4: Sí;77;Seguridad;42;ok;asignado_por_posicion
VFI_P78;Municipalidad informante;MÓDULO V: SERVICIOS PÚBLICOS LOCALES;0: No informó | 1: Informó;77;Ciudadana, 2021;42;ok;asignado_por_posicion
P78_1;Instrumento técnico que contiene el Plan de Seguridad Ciudadana / Mapa del Delito;MÓDULO V: SERVICIOS PÚBLICOS LOCALES;0: No | 1: Sí;77;Ciudadana, 2021;42;ok;asignado_por_posicion
P78_2;Instrumento técnico que contiene el Plan de Seguridad Ciudadana / Mapa de Riesgo;MÓDULO V: SERVICIOS PÚBLICOS LOCALES;0: No | 2: Sí;77;Ciudadana, 2021;42;ok;asignado_por_posicion
P78_3;Instrumento técnico que contiene el Plan de Seguridad Ciudadana / Plan de Patrullaje Integrado del Serenazgo con la Policía Nacional del Perú;MÓDULO V: SERVICIOS PÚBLICOS LOCALES;0: No | 3: Sí;78;contiene el Plan de;42;ok;asignado_por_posicion
P78_4;Instrumento técnico que contiene el Plan de Seguridad Ciudadana / Otro;MÓDULO V: SERVICIOS PÚBLICOS LOCALES;0: No | 4: Sí;78;Ciudadana, 2021;42;ok;asignado_por_posicion
P78_4_O;Instrumento técnico que contiene el Plan de Seguridad Ciudadana / Otro / Especifique;MÓDULO V: SERVICIOS PÚBLICOS LOCALES;;78;Ciudadana, 2021;42;ok;sin_valores
P78_5;El Plan de Seguridad Ciudadana no tiene instrumentos técnicos;MÓDULO V: SERVICIOS PÚBLICOS LOCALES;0: No | 5: Sí;78;Ciudadana, 2021;42;ok;asignado_por_posicion
VFI_P79;Municipalidad informante;MÓDULO V: SERVICIOS PÚBLICOS LOCALES;0: No informó | 1: Informó;78;Ciudadana, 2021;42;ok;asignado_por_posicion
P79_1;¿Existen en el distrito organizaciones de seguridad vecinal y comunal / Ronda Urbana?;MÓDULO V: SERVICIOS PÚBLICOS LOCALES;1: Sí | 2: No;78;Ciudadana, 2021;42;ok;asignado_por_posicion
P79A_1_1;Organizaciones de seguridad vecinal y comunal / Ronda Urbana / Registradas en la municipalidad / Número;MÓDULO V: SERVICIOS PÚBLICOS LOCALES;;78;Ciudadana, 2021;42;ok;sin_valores
P79A_1_2;Organizaciones de seguridad vecinal y comunal / Ronda Urbana / No registradas en la municipalidad / Número;MÓDULO V: SERVICIOS PÚBLICOS LOCALES;;78;Ciudadana, 2021;42;ok;sin_valores
P79_2;¿Existen en el distrito organizaciones de seguridad vecinal y comunal / Ronda Campesina?;MÓDULO V: SERVICIOS PÚBLICOS LOCALES;1: Sí | 2: No;78;Ciudadana, 2021;42;ok;asignado_por_posicion
P79A_2_1;Organizaciones de seguridad vecinal y comunal / Ronda Campesina / Registradas en la municipalidad / Número;MÓDULO V: SERVICIOS PÚBLICOS LOCALES;;78;Ciudadana, 2021;42;ok;sin_valores
P79A_2_2;Organizaciones de seguridad vecinal y comunal / Ronda Campesina / No registradas en la municipalidad / Número;MÓDULO V: SERVICIOS PÚBLICOS LOCALES;;78;Ciudadana, 2021;42;ok;sin_valores
P79_3;¿Existen en el distrito organizaciones de seguridad vecinal y comunal / Asociaciones vecinales de seguridad ciudadana?;MÓDULO V: SERVICIOS PÚBLICOS LOCALES;1: Sí | 2: No;78;Ciudadana, 2021;42;ok;asignado_por_posicion
P79A_3_1;Organizaciones de seguridad vecinal y comunal / Registradas en la municipalidad / Asociaciones vecinales de seguridad ciudadana/ Número;MÓDULO V: SERVICIOS PÚBLICOS LOCALES;;78;organizaciones de;42;ok;sin_valores
P79A_3_2;Organizaciones de seguridad vecinal y comunal / No registradas en la municipalidad / Asociaciones vecinales de seguridad ciudadana/ Número;MÓDULO V: SERVICIOS PÚBLICOS LOCALES;;79;comunal, 2022;42;ok;sin_valores
P79_4;¿Existe en el distrito organizaciones de seguridad vecinal y comunal / Comité de Autodefensa?;MÓDULO V: SERVICIOS PÚBLICOS LOCALES;1: Sí | 2: No;79;comunal, 2022;42;ok;asignado_por_posicion
P79A_4_1;Organizaciones de seguridad vecinal y comunal / Registradas en la municipalidad / Comité de Autodefensa / Número;MÓDULO V: SERVICIOS PÚBLICOS LOCALES;;79;comunal, 2022;42;ok;sin_valores
P79A_4_2;Organizaciones de seguridad vecinal y comunal / No registradas en la municipalidad / Comité de Autodefensa / Número;MÓDULO V: SERVICIOS PÚBLICOS LOCALES;;79;comunal, 2022;42;ok;sin_valores
P79_5;¿Existe en el distrito organizaciones de seguridad vecinal y comunal / Otro?;MÓDULO V: SERVICIOS PÚBLICOS LOCALES;1: Sí | 2: No;79;comunal, 2022;42;ok;asignado_por_posicion
P79A_5_1;Organizaciones de seguridad vecinal y comunal / Registradas en la municipalidad / Otro / Número;MÓDULO V: SERVICIOS PÚBLICOS LOCALES;;79;comunal, 2022;42;ok;sin_valores
P79A_5_2;Organizaciones de seguridad vecinal y comunal / No registradas en la municipalidad / Otro / Número;MÓDULO V: SERVICIOS PÚBLICOS LOCALES;;79;comunal, 2022;42;ok;sin_valores
P79A_5_O;Organizaciones de seguridad vecinal y comunal / Otro /Especifique;MÓDULO V: SERVICIOS PÚBLICOS LOCALES;;79;comunal, 2022;42;ok;sin_valores
P79_6;¿Existe en el distrito organizaciones de seguridad vecinal y comunal / Juntas Vecinales de Seguridad Ciudadana?;MÓDULO V: SERVICIOS PÚBLICOS LOCALES;1: Sí | 2: No;79;comunal, 2022;42;ok;asignado_por_posicion
P79A_6_1;Organizaciones de seguridad vecinal y comunal / Registradas en la municipalidad / Juntas Vecinales de Seguridad Ciudadana / Número;MÓDULO V: SERVICIOS PÚBLICOS LOCALES;;79;Existe en el distrito;43;ok;sin_valores
P79A_6_2;Organizaciones de seguridad vecinal y comunal / No registradas en la municipalidad / Juntas Vecinales de Seguridad Ciudadana / Número;MÓDULO V: SERVICIOS PÚBLICOS LOCALES;;79;seguridad vecinal y;43;ok;sin_valores
VFI_P80;Municipalidad informante;MÓDULO V: SERVICIOS PÚBLICOS LOCALES;0: No Informó | 1: Informó;79;comunal, 2022;43;ok;asignado_por_posicion
P80_1;La municipalidad realizó acciones para prevenir el consumo de drogas y alcohol / Conformó un Comité Multisectorial de Prevención;MÓDULO V: SERVICIOS PÚBLICOS LOCALES;0: No | 1: Sí;79;comunal, 2022;43;ok;asignado_por_posicion
P80_2;La municipalidad realizó acciones para prevenir el consumo de drogas y alcohol / Convenios de cooperación de prevención;MÓDULO V: SERVICIOS PÚBLICOS LOCALES;0: No | 2: Sí;79;comunal, 2022;43;ok;asignado_por_posicion
P80_3;La municipalidad realizó acciones para prevenir el consumo de drogas y alcohol / Charlas y/o talleres de prevención en instituciones educativas;MÓDULO V: SERVICIOS PÚBLICOS LOCALES;0: No | 3: Sí;79;comunal, 2022;43;ok;asignado_por_posicion
P80_4;Charlas y/o talleres de prevención y fortalecimiento en familias (Comités La municipalidad realizó acciones para prevenir el consumo de drogas y alcohol / vecinales, clubes de madres y comités del Programa de Vaso de Leche);MÓDULO V: SERVICIOS PÚBLICOS LOCALES;0: No | 4: Sí;79;comunal, 2022;43;ok;asignado_por_posicion
P80_5;La municipalidad realizó acciones para prevenir el consumo de drogas y alcohol / Campañas de concientización en ferias, medios de comunicación y otros eventos;MÓDULO V: SERVICIOS PÚBLICOS LOCALES;0: No | 5: Sí;79;Acciones que realizó;43;ok;asignado_por_posicion
P80_6;La municipalidad realizó acciones para prevenir el consumo de drogas y alcohol / Actividades recreativas, deportivas, culturales y de formación de valores;MÓDULO V: SERVICIOS PÚBLICOS LOCALES;0: No | 6: Sí;80;y alcohol, 2021;43;ok;asignado_por_posicion
P80_7;Recibió capacitación y asistencia técnica en aspectos de prevención por la La municipalidad realizó acciones para prevenir el consumo de drogas y alcohol / Comisión Nacional para el Desarrollo y Vida sin Drogas;MÓDULO V: SERVICIOS PÚBLICOS LOCALES;0: No | 7: Sí;80;y alcohol, 2021;43;ok;asignado_por_posicion
P80_8;Recibió capacitación y asistencia técnica en aspectos de prevención por La municipalidad realizó acciones para prevenir el consumo de drogas y alcohol / Organización No Gubernamental;MÓDULO V: SERVICIOS PÚBLICOS LOCALES;0: No | 8: Sí;80;y alcohol, 2021;43;ok;asignado_por_posicion
P80_9;La municipalidad realizó acciones para prevenir el consumo de drogas y alcohol / Otra acción;MÓDULO V: SERVICIOS PÚBLICOS LOCALES;0: No | 9: Sí;80;y alcohol, 2021;43;ok;asignado_por_posicion
P80_9_O;La municipalidad realizó acciones para prevenir el consumo de drogas y alcohol / Otra acción / Especifique;MÓDULO V: SERVICIOS PÚBLICOS LOCALES;;80;y alcohol, 2021;43;ok;sin_valores
P80_10;La municipalidad no realizó acciones para prevenir el consumo de drogas y alcohol;MÓDULO V: SERVICIOS PÚBLICOS LOCALES;0: No | 10: Sí;80;y alcohol, 2021;43;ok;asignado_por_posicion
VFI_P84A;Municipalidad informante;MÓDULO V: SERVICIOS PÚBLICOS LOCALES;0: No informó | 1: Informó;80;Brigadas para la;43;ok;asignado_por_posicion
P84A;Emergencias y a Desastres vinculadas al Programa Presupuestal N° 068: ¿La municipalidad tiene Implementado Brigadas para la Atencion Frente a Reducción de la Vulnerabilidad y Atención de Emergencias por Desastres?;MÓDULO V: SERVICIOS PÚBLICOS LOCALES;1: Si | 2: No implementó;81;Presupuestal N°;43;ok;asignado_por_posicion
P84A_1A;Número de Brigadas;MÓDULO V: SERVICIOS PÚBLICOS LOCALES;;81;Desastres, 2022;43;ok;sin_valores
VFI_P85;Municipalidad informante;MÓDULO V: SERVICIOS PÚBLICOS LOCALES;0: No informó | 1: Informó;81;Desastres, 2022;44;ok;asignado_por_posicion
P85_1;¿La municipalidad ha conformado el Centro de Operaciones de Emergencia Local (COEL)?;MÓDULO V: SERVICIOS PÚBLICOS LOCALES;1: Sí y el COEL se encuentra contemplado dentro de la estructura orgánica de la municipalidad | 2: Sí y el COEL no se encuentra contemplado dentro de la estructura orgánica de la municipalidad | 3: No ha conformado;82;Emergencia Local;44;ok;asignado_por_posicion
VFI_P86;Municipalidad informante;MÓDULO V: SERVICIOS PÚBLICOS LOCALES;0: No informó | 1: Informó;82;(COEL), 2022;44;ok;asignado_por_posicion
P86_1;Funcionamiento del Centro de Operaciones de Emergencia Local (COEL);MÓDULO V: SERVICIOS PÚBLICOS LOCALES;1: Funciona las 24 horas | 2: Funciona solo en horario de oficina | 3: Funciona solo cuando hay una emergencia;83;Emergencia Local;44;ok;asignado_por_posicion
VFI_P87;Municipalidad informante;MÓDULO V: SERVICIOS PÚBLICOS LOCALES;0: No informó | 1: Informó;83;(COEL), 2022;44;ok;asignado_por_posicion
P87_1;¿El Centro de Operaciones de Emergencia Local tiene / Personal con dedicación exclusíva?;MÓDULO V: SERVICIOS PÚBLICOS LOCALES;1: Sí | 2: No;83;(COEL), 2022;44;ok;asignado_por_posicion
P87_2;¿El Centro de Operaciones de Emergencia Local tiene / Computadora?;MÓDULO V: SERVICIOS PÚBLICOS LOCALES;1: Sí | 2: No;83;(COEL), 2022;44;ok;asignado_por_posicion
P87_3;¿El Centro de Operaciones de Emergencia Local tiene / Radio comunicador?;MÓDULO V: SERVICIOS PÚBLICOS LOCALES;1: Sí | 2: No;83;Equipos del Centro;44;ok;asignado_por_posicion
P87_4;¿El Centro de Operaciones de Emergencia Local tiene / Línea de telefonía fija?;MÓDULO V: SERVICIOS PÚBLICOS LOCALES;1: Sí | 2: No;84;Emergencia Local,;44;ok;asignado_por_posicion
P87_5;¿El Centro de Operaciones de Emergencia Local tiene / Línea de telefonía móvil?;MÓDULO V: SERVICIOS PÚBLICOS LOCALES;1: Sí | 2: No;84;2022;44;ok;asignado_por_posicion
P87_6;¿El Centro de Operaciones de Emergencia Local tiene / Otro?;MÓDULO V: SERVICIOS PÚBLICOS LOCALES;1: Sí | 2: No;84;2022;44;ok;asignado_por_posicion
P87_6_O;El Centro de Operaciones de Emergencia Local tiene / Otro / Especifique;MÓDULO V: SERVICIOS PÚBLICOS LOCALES;;84;2022;44;ok;sin_valores
VFI_P87A;Municipalidad informante;MÓDULO V: SERVICIOS PÚBLICOS LOCALES;0: No informó | 1: Informó;84;La Municipalidad;44;ok;asignado_por_posicion
P87A;¿La Municipalidad contó con Informes de Evaluación de Riesgos (EVAR), aprobado con Resolución de Alcaldía u otra Norma?;MÓDULO V: SERVICIOS PÚBLICOS LOCALES;1: Sí | 2: No contó;85;aprobado con;44;ok;asignado_por_posicion
P87A_1A;¿Ejecutó Medidas de Prevención y Reducción del Riesgo de Desastres, señaladas en los Informes de EVAR?;MÓDULO V: SERVICIOS PÚBLICOS LOCALES;1: Sí | 2: No;85;Norma, al 31 de;44;ok;asignado_por_posicion
VFI_P88;Municipalidad informante;MÓDULO V: SERVICIOS PÚBLICOS LOCALES;0: No informó | 1: Informó;85;diciembre 2021;45;ok;asignado_por_posicion
P88;¿La Municipalidad tiene almacén local de Bienes de Ayuda Humanitaria?;MÓDULO V: SERVICIOS PÚBLICOS LOCALES;1: Sí | 2: No tiene;85;diciembre 2021;45;ok;asignado_por_posicion
P88_1;Bienes de Ayuda Humanitaria / Techo (carpas, calaminas, planchas de triplay y otros);MÓDULO V: SERVICIOS PÚBLICOS LOCALES;0: No | 1: Sí;85;diciembre 2021;45;ok;asignado_por_posicion
P88_2;Bienes de Ayuda Humanitaria / Alimentos no perecibles;MÓDULO V: SERVICIOS PÚBLICOS LOCALES;0: No | 2: Sí;85;diciembre 2021;45;ok;asignado_por_posicion
P88_3;Bienes de Ayuda Humanitaria / Bidones de agua;MÓDULO V: SERVICIOS PÚBLICOS LOCALES;0: No | 3: Sí;85;diciembre 2021;45;ok;asignado_por_posicion
P88_4;Bienes de Ayuda Humanitaria / Botiquines de emergencia;MÓDULO V: SERVICIOS PÚBLICOS LOCALES;0: No | 4: Sí;85;Bienes de Ayuda;45;ok;asignado_por_posicion
P88_5;Bienes de Ayuda Humanitaria / Abrigo (ropas, camas plegables, colchas, colchones, frazadas y otros);MÓDULO V: SERVICIOS PÚBLICOS LOCALES;0: No | 5: Sí;86;municipalidad, 2022;45;ok;asignado_por_posicion
P88_6;Bienes de Ayuda Humanitaria / Enseres (utensílios de cocina, productos de higiene y otros);MÓDULO V: SERVICIOS PÚBLICOS LOCALES;0: No | 6: Sí;86;municipalidad, 2022;45;ok;asignado_por_posicion
P88_7;Bienes de Ayuda Humanitaria / Herramientas (lampas, carretillas, picos y otros);MÓDULO V: SERVICIOS PÚBLICOS LOCALES;0: No | 7: Sí;86;municipalidad, 2022;45;ok;asignado_por_posicion
P88_8;Bienes de Ayuda Humanitaria / Otro tipo de bien;MÓDULO V: SERVICIOS PÚBLICOS LOCALES;0: No | 8: Sí;86;municipalidad, 2022;45;ok;asignado_por_posicion
P88_8_O;Bienes de Ayuda Humanitaria / Otro tipo de bien / Especifique;MÓDULO V: SERVICIOS PÚBLICOS LOCALES;;86;municipalidad, 2022;45;ok;sin_valores
P88_9;No Dispone de Bienes de Ayuda Humanitaria;MÓDULO V: SERVICIOS PÚBLICOS LOCALES;0: No | 9: Sí;86;municipalidad, 2022;45;ok;asignado_por_posicion
VFI_P89;Municipalidad informante;MÓDULO V: SERVICIOS PÚBLICOS LOCALES;0: No informó | 1: Informó;86;municipalidad, 2022;45;ok;asignado_por_posicion
P89;¿La Municipalidad contó con Unidad de Gestión del Riesgo de Desastres u Oficina de Defensa Civil?;MÓDULO V: SERVICIOS PÚBLICOS LOCALES;1: Sí | 2: No contó;86;municipalidad, 2022;45;ok;asignado_por_posicion
P89_1;Medios de comunicación / Radiotransmisor;MÓDULO V: SERVICIOS PÚBLICOS LOCALES;0: No | 1: Sí;86;municipalidad, 2022;45;ok;asignado_por_posicion
P89_2;Medios de comunicación / Línea de telefonía fija;MÓDULO V: SERVICIOS PÚBLICOS LOCALES;0: No | 2: Sí;86;contó con Unidad de;45;ok;asignado_por_posicion
P89_3;Medios de comunicación / Línea de telefonía móvil;MÓDULO V: SERVICIOS PÚBLICOS LOCALES;0: No | 3: Sí;87;de Desastres u;45;ok;asignado_por_posicion
P89_4;Medios de comunicación / Acceso a internet;MÓDULO V: SERVICIOS PÚBLICOS LOCALES;0: No | 4: Sí;87;Civil, 2021;45;ok;asignado_por_posicion
P89_5;Medios de comunicación / Otro;MÓDULO V: SERVICIOS PÚBLICOS LOCALES;0: No | 5: Sí;87;Civil, 2021;45;ok;asignado_por_posicion
P89_5_O;Medios de comunicación / Otro / Especifique;MÓDULO V: SERVICIOS PÚBLICOS LOCALES;;87;Civil, 2021;45;ok;sin_valores
P89_6;Medios de comunicación / No tiene medios de comunicación;MÓDULO V: SERVICIOS PÚBLICOS LOCALES;0: No | 6: Sí;87;Civil, 2021;45;ok;asignado_por_posicion
VFI_P90;Municipalidad informante;MÓDULO V: SERVICIOS PÚBLICOS LOCALES;0: No informó | 1: Informó;87;Civil, 2021;45;ok;asignado_por_posicion
P90_1;Acciones que realizó la Oficina de Defensa Civil / Cursos de capacitación en Gestión Reactiva del Riesgo;MÓDULO V: SERVICIOS PÚBLICOS LOCALES;0: No | 1: Sí;87;Civil, 2021;45;ok;asignado_por_posicion
P90_2;Acciones que realizó la Oficina de Defensa Civil / Símulacros para evaluar el Plan de Operaciones de Emergencia Local;MÓDULO V: SERVICIOS PÚBLICOS LOCALES;0: No | 2: Sí;87;Acciones que realizó;45;ok;asignado_por_posicion
P90A_2;Número de Símulacros;MÓDULO V: SERVICIOS PÚBLICOS LOCALES;;88;Gestión del Riesgo;45;ok;sin_valores
P90_3;Acciones que realizó la Oficina de Defensa Civil / Identificación del nivel de riesgo existente en áreas de distrito;MÓDULO V: SERVICIOS PÚBLICOS LOCALES;0: No | 3: Sí;88;Oficina de Defensa;45;ok;asignado_por_posicion
P90_4;Acciones que realizó la Oficina de Defensa Civil / Supervisión del cumplimiento de las normas de seguridad en recintos con acceso al público;MÓDULO V: SERVICIOS PÚBLICOS LOCALES;0: No | 4: Sí;88;Civil, 2021;45;ok;asignado_por_posicion
P90_5;Acciones que realizó la Oficina de Defensa Civil / Señalización de zonas de seguridad en áreas de alto riesgo;MÓDULO V: SERVICIOS PÚBLICOS LOCALES;0: No | 5: Sí;88;Civil, 2021;45;ok;asignado_por_posicion
P90_6;Acciones que realizó la Oficina de Defensa Civil / Otra acción;MÓDULO V: SERVICIOS PÚBLICOS LOCALES;0: No | 6: Sí;88;Acciones que realizó;46;ok;asignado_por_posicion
P90_6_O;Acciones que realizó la Oficina de Defensa Civil / Otra acción / Especifique;MÓDULO V: SERVICIOS PÚBLICOS LOCALES;;88;Gestión del Riesgo;46;ok;sin_valores
P90_7;Acciones que realizó la Oficina de Defensa Civil / No realizó acciones;MÓDULO V: SERVICIOS PÚBLICOS LOCALES;0: No | 7: Sí;88;Civil, 2021;46;ok;asignado_por_posicion
VFI_P94;Municipalidad informante;MÓDULO V: SERVICIOS PÚBLICOS LOCALES;0: No informó | 1: Informó;88;Civil, 2021;46;ok;asignado_por_posicion
P94_1;Acciones realizadas / Promoción y publicidad;MÓDULO V: SERVICIOS PÚBLICOS LOCALES;0: No | 1: Si;88;Civil, 2021;46;ok;asignado_por_posicion
P94_2;Acciones realizadas / Ferias y concursos;MÓDULO V: SERVICIOS PÚBLICOS LOCALES;0: No | 2: Si;88;Civil, 2021;46;ok;asignado_por_posicion
P94_3;Acciones realizadas / Convenios con Organización No Gubernamental, empresas privadas;MÓDULO V: SERVICIOS PÚBLICOS LOCALES;0: No | 3: Si;88;Civil, 2021;46;ok;asignado_por_posicion
P94_4;Acciones realizadas / Capacitación presencial y/o semipresencial para mejorar la producción y venta;MÓDULO V: SERVICIOS PÚBLICOS LOCALES;0: No | 4: Si;88;Civil, 2021;46;ok;asignado_por_posicion
P94_5;Acciones realizadas / Simplificación de trámite para licencia de funcionamiento;MÓDULO V: SERVICIOS PÚBLICOS LOCALES;0: No | 5: Si;89;para incentivar a las;46;ok;asignado_por_posicion
P94_6;Acciones realizadas / Educación financiera orientada a la inversión y financiamiento;MÓDULO V: SERVICIOS PÚBLICOS LOCALES;0: No | 6: Si;89;empresas, 2021;46;ok;asignado_por_posicion
P94_7;Acciones realizadas / Otra acción;MÓDULO V: SERVICIOS PÚBLICOS LOCALES;0: No | 7: Si;89;empresas, 2021;46;ok;asignado_por_posicion
P94_7_O;Acciones realizadas / Otra acción / Especifique;MÓDULO V: SERVICIOS PÚBLICOS LOCALES;;89;empresas, 2021;46;ok;sin_valores
P94_8;No realizó acciones;MÓDULO V: SERVICIOS PÚBLICOS LOCALES;0: No | 8: Si;89;empresas, 2021;46;ok;asignado_por_posicion
P94_9;Capacitación Virtual para mejorar la producción y venta;MÓDULO V: SERVICIOS PÚBLICOS LOCALES;0: No | 9: Si;89;empresas, 2021;46;ok;asignado_por_posicion
VFI_P95;Municipalidad informante;MÓDULO V: SERVICIOS PÚBLICOS LOCALES;0: No informó | 1: Informó;89;empresas, 2021;46;ok;asignado_por_posicion
P95_1;Actividades realizadas / Promoción y publicidad;MÓDULO V: SERVICIOS PÚBLICOS LOCALES;0: No | 1: Si;89;empresas, 2021;46;ok;asignado_por_posicion
P95_2;Actividades realizadas / Ferias;MÓDULO V: SERVICIOS PÚBLICOS LOCALES;0: No | 2: Si;89;empresas, 2021;46;ok;asignado_por_posicion
P95_3;Actividades realizadas / Apoyo a comercialización directa de productos;MÓDULO V: SERVICIOS PÚBLICOS LOCALES;0: No | 3: Si;89;Actividades que;46;ok;asignado_por_posicion
P95_4;Actividades realizadas / Capacitación presencial y/o semipresencial para artesanos;MÓDULO V: SERVICIOS PÚBLICOS LOCALES;0: No | 4: Si;90;fomentar la;46;ok;asignado_por_posicion
P95_5;Actividades realizadas / Otra actividad;MÓDULO V: SERVICIOS PÚBLICOS LOCALES;0: No | 5: Si;90;distrito, 2021;46;ok;asignado_por_posicion
P95_5_O;Actividades realizadas / Otra actividad / Especifique;MÓDULO V: SERVICIOS PÚBLICOS LOCALES;;90;distrito, 2021;46;ok;sin_valores
P95_6;No realizó actividades;MÓDULO V: SERVICIOS PÚBLICOS LOCALES;0: No | 6: Si;90;distrito, 2021;46;ok;asignado_por_posicion
P95_7;Capacitación virtual para artesanos;MÓDULO V: SERVICIOS PÚBLICOS LOCALES;0: No | 7: Si;90;distrito, 2021;46;ok;asignado_por_posicion
VFI_P96;Municipalidad informante;MÓDULO V: SERVICIOS PÚBLICOS LOCALES;0: No informó | 1: Informó;90;Municipalidad que;47;ok;asignado_por_posicion
P96;¿La municipalidad tiene oficina o unidad ambiental?;MÓDULO V: SERVICIOS PÚBLICOS LOCALES;1: Si | 2: No tiene;91;unidad ambiental,;47;ok;asignado_por_posicion
VFI_P97;Municipalidad informante;MÓDULO V: SERVICIOS PÚBLICOS LOCALES;0: No informó | 1: Informó;91;2022;47;ok;asignado_por_posicion
P97_1;Elemento contaminante / Emanación de gases y partículas de fábricas o refinerías;MÓDULO V: SERVICIOS PÚBLICOS LOCALES;0: No | 1: Si;91;2022;47;ok;asignado_por_posicion
P97_2;Elemento contaminante / Emisión de gases de vehículos motorizados;MÓDULO V: SERVICIOS PÚBLICOS LOCALES;0: No | 2: Si;91;2022;47;ok;asignado_por_posicion
P97_3;Elemento contaminante / Relaves mineros;MÓDULO V: SERVICIOS PÚBLICOS LOCALES;0: No | 3: Si;91;2022;47;ok;asignado_por_posicion
P97_4;Elemento contaminante / Ruidos con alta intensidad que dañan la salud;MÓDULO V: SERVICIOS PÚBLICOS LOCALES;0: No | 4: Si;91;2022;47;ok;asignado_por_posicion
P97_5;Elemento contaminante / Aguas residuales;MÓDULO V: SERVICIOS PÚBLICOS LOCALES;0: No | 5: Si;91;Elementos que;47;ok;asignado_por_posicion
P97_6;Elemento contaminante / Acumulación y quema clandestina de basura y rastrojos;MÓDULO V: SERVICIOS PÚBLICOS LOCALES;0: No | 6: Si;92;ambiental en el;47;ok;asignado_por_posicion
P97_7;Elemento contaminante / Deforestación y quema de bosques;MÓDULO V: SERVICIOS PÚBLICOS LOCALES;0: No | 7: Si;92;distrito, 2022;47;ok;asignado_por_posicion
P97_8;Elemento contaminante / Crianza de animales domésticos sin control;MÓDULO V: SERVICIOS PÚBLICOS LOCALES;0: No | 8: Si;92;distrito, 2022;47;ok;asignado_por_posicion
P97_9;Elemento contaminante / Otro;MÓDULO V: SERVICIOS PÚBLICOS LOCALES;0: No | 9: Si;92;distrito, 2022;47;ok;asignado_por_posicion
P97_9_O;Elemento contaminante / Otro / Especifique;MÓDULO V: SERVICIOS PÚBLICOS LOCALES;;92;distrito, 2022;47;ok;sin_valores
P97_10;Elemento contaminante / No existen elementos contaminantes;MÓDULO V: SERVICIOS PÚBLICOS LOCALES;0: No | 10: Si;92;distrito, 2022;47;ok;asignado_por_posicion
VFI_P98;Municipalidad informante;MÓDULO V: SERVICIOS PÚBLICOS LOCALES;0: No informó | 1: Informó;92;distrito, 2022;47;ok;asignado_por_posicion
P98_1;Instrumentos de gestión ambiental / Política Ambiental Local (PAL);MÓDULO V: SERVICIOS PÚBLICOS LOCALES;0: No | 1: Si;92;distrito, 2022;47;ok;asignado_por_posicion
P98_2;Instrumentos de gestión ambiental / Diagnóstico Ambiental Local (DAL);MÓDULO V: SERVICIOS PÚBLICOS LOCALES;0: No | 2: Sí;92;distrito, 2022;47;ok;asignado_por_posicion
P98_3;Instrumentos de gestión ambiental / Plan de Acción Ambiental Local (PAAL);MÓDULO V: SERVICIOS PÚBLICOS LOCALES;0: No | 3: Si;92;distrito, 2022;47;ok;asignado_por_posicion
P98_4;Instrumentos de gestión ambiental / Agenda Ambiental Local (AAL);MÓDULO V: SERVICIOS PÚBLICOS LOCALES;0: No | 4: Si;92;Municipalidad que;47;ok;asignado_por_posicion
P98_5;Instrumentos de gestión ambiental / Plan Anual de Evaluación y Fiscalización Ambiental (PLANEFA);MÓDULO V: SERVICIOS PÚBLICOS LOCALES;0: No | 5: Si;93;gestión ambiental,;47;ok;asignado_por_posicion
P98_6;Instrumentos de gestión ambiental / Plan Nacional de Educación Ambiental (PLANEA);MÓDULO V: SERVICIOS PÚBLICOS LOCALES;0: No | 6: Si;93;2022;47;ok;asignado_por_posicion
P98_7;Instrumentos de gestión ambiental / Plan de Acción en Género y Cambio Climatológico (PAGCC);MÓDULO V: SERVICIOS PÚBLICOS LOCALES;0: No | 7: Si;93;2022;47;ok;asignado_por_posicion
P98_8;Instrumentos de gestión ambiental / Estrategia Nacional de Bosques y Cambio Climático;MÓDULO V: SERVICIOS PÚBLICOS LOCALES;0: No | 8: Sí;93;2022;47;ok;asignado_por_posicion
P98_9;Instrumentos de gestión ambiental / Plan Director de Áreas Naturales Protegidas;MÓDULO V: SERVICIOS PÚBLICOS LOCALES;0: No | 9: Si;93;2022;47;ok;asignado_por_posicion
P98_10;Instrumentos de gestión ambiental / Otro;MÓDULO V: SERVICIOS PÚBLICOS LOCALES;0: No | 10: Si;93;Municipalidad que;48;ok;asignado_por_posicion
P98_10_O;Instrumentos de gestión ambiental / Otro / Especifique;MÓDULO V: SERVICIOS PÚBLICOS LOCALES;;93;instrumentos de;48;ok;sin_valores
P98_11;Instrumentos de gestión ambiental / No tiene;MÓDULO V: SERVICIOS PÚBLICOS LOCALES;0: No | 11: Si;93;gestión ambiental,;48;ok;asignado_por_posicion
VFI_P99;Municipalidad informante;MÓDULO V: SERVICIOS PÚBLICOS LOCALES;0: No informó | 1: Informó;93;2022;48;ok;asignado_por_posicion
P99_1;Acciones realizadas / Campañas de concientización ambiental;MÓDULO V: SERVICIOS PÚBLICOS LOCALES;0: No | 1: Si;93;2022;48;ok;asignado_por_posicion
P99_2;Acciones realizadas / Concursos de iniciativas de cuidado del ambiente;MÓDULO V: SERVICIOS PÚBLICOS LOCALES;0: No | 2: Si;93;2022;48;ok;asignado_por_posicion
P99_3;Acciones realizadas / Ejecutó proyectos ambientales;MÓDULO V: SERVICIOS PÚBLICOS LOCALES;0: No | 3: Si;93;2022;48;ok;asignado_por_posicion
P99_4;Acciones realizadas / Dispone de Comisión Ambiental Municipal;MÓDULO V: SERVICIOS PÚBLICOS LOCALES;0: No | 4: Si;93;2022;48;ok;asignado_por_posicion
P99_5;Acciones realizadas / Apoyó en la formulación de proyectos sobre problemática ambiental;MÓDULO V: SERVICIOS PÚBLICOS LOCALES;0: No | 5: Si;93;Municipalidad que;48;ok;asignado_por_posicion
P99_6;Acciones realizadas / Convenios interinstitucionales;MÓDULO V: SERVICIOS PÚBLICOS LOCALES;0: No | 6: Si;94;para incentivar la;48;ok;asignado_por_posicion
P99_7;Acciones realizadas / Charlas educativas;MÓDULO V: SERVICIOS PÚBLICOS LOCALES;0: No | 7: Si;94;ambiental, 2021;48;ok;asignado_por_posicion
P99_8;Acciones realizadas / Atención y apoyo a denuncias ambientales por la población;MÓDULO V: SERVICIOS PÚBLICOS LOCALES;0: No | 8: Si;94;ambiental, 2021;48;ok;asignado_por_posicion
P99_9;Acciones realizadas / Realizó mediciones acústicas con sonómetro;MÓDULO V: SERVICIOS PÚBLICOS LOCALES;0: No | 9: Si;94;ambiental, 2021;48;ok;asignado_por_posicion
P99_10;Acciones realizadas / Otro;MÓDULO V: SERVICIOS PÚBLICOS LOCALES;0: No | 10: Si;94;ambiental, 2021;48;ok;asignado_por_posicion
P99_10_O;Acciones realizadas / Otro / Especifique;MÓDULO V: SERVICIOS PÚBLICOS LOCALES;;94;ambiental, 2021;48;ok;sin_valores
P99_11;Acciones realizadas / No realizó PARTICIPACIÓN VECINAL;MÓDULO V: SERVICIOS PÚBLICOS LOCALES;0: No | 11: Si;94;ambiental, 2021;48;ok;asignado_por_posicion
VFI_P100;Municipalidad informante;MÓDULO V: SERVICIOS PÚBLICOS LOCALES;0: No informó | 1: Informó;94;ambiental, 2021;48;ok;asignado_por_posicion
P100_1;Tipo de participación de la población en la gestión administrativa / Formulando el Plan de Desarrollo Municipal Concertado;MÓDULO V: SERVICIOS PÚBLICOS LOCALES;0: No | 1: Sí;94;ambiental, 2021;48;ok;asignado_por_posicion
P100_2;Tipo de participación de la población en la gestión administrativa / Concertando el presupuesto municipal;MÓDULO V: SERVICIOS PÚBLICOS LOCALES;0: No | 2: Sí;94;ambiental, 2021;48;ok;asignado_por_posicion
P100_3;Tipo de participación de la población en la gestión administrativa / Formulando y controlando los planes económicos locales;MÓDULO V: SERVICIOS PÚBLICOS LOCALES;0: No | 3: Sí;94;ambiental, 2021;48;ok;asignado_por_posicion
P100_4;Tipo de participación de la población en la gestión administrativa / En el presupuesto participativo;MÓDULO V: SERVICIOS PÚBLICOS LOCALES;0: No | 4: Sí;94;población en la;48;ok;asignado_por_posicion
P100_5;Tipo de participación de la población en la gestión administrativa / En cabildo abierto;MÓDULO V: SERVICIOS PÚBLICOS LOCALES;0: No | 5: Sí;95;administrativa de la;48;ok;asignado_por_posicion
P100_6;Tipo de participación de la población en la gestión administrativa / En audiencias públicas para rendición de cuentas;MÓDULO V: SERVICIOS PÚBLICOS LOCALES;0: No | 6: Sí;95;municipalidad, 2022;48;ok;asignado_por_posicion
P100_7;Tipo de participación de la población en la gestión administrativa / En acciones de seguridad en el distrito;MÓDULO V: SERVICIOS PÚBLICOS LOCALES;0: No | 7: Sí;95;municipalidad, 2022;48;ok;asignado_por_posicion
P100_8;Tipo de participación de la población en la gestión administrativa / En comités de gestión alimentaria;MÓDULO V: SERVICIOS PÚBLICOS LOCALES;0: No | 8: Sí;95;municipalidad, 2022;48;ok;asignado_por_posicion
P100_9;Tipo de participación de la población en la gestión administrativa / En comité de ejecución de obras;MÓDULO V: SERVICIOS PÚBLICOS LOCALES;0: No | 9: Sí;95;municipalidad, 2022;48;ok;asignado_por_posicion
P100_10;Tipo de participación de la población en la gestión administrativa / En juntas vecinales (comités vecinales);MÓDULO V: SERVICIOS PÚBLICOS LOCALES;0: No | 10: Sí;95;municipalidad, 2022;49;ok;asignado_por_posicion
P100_11;Tipo de participación de la población en la gestión administrativa / Otra;MÓDULO V: SERVICIOS PÚBLICOS LOCALES;0: No | 11: Sí;95;población en la;49;ok;asignado_por_posicion
P100_11_O;Tipo de participación de la población en la gestión administrativa / Otra / Especifique;MÓDULO V: SERVICIOS PÚBLICOS LOCALES;;95;administrativa de la;49;ok;sin_valores
P100_12;Tipo de participación de la población en la gestión administrativa / No participa;MÓDULO V: SERVICIOS PÚBLICOS LOCALES;0: No | 12: Sí;95;municipalidad, 2022;49;ok;asignado_por_posicion
VFI_P101;Municipalidad informante;MÓDULO V: SERVICIOS PÚBLICOS LOCALES;0: No informó | 1: Informó;95;municipalidad, 2022;49;ok;asignado_por_posicion
P101_1;Espacio de concertación en el que participa la municipalidad / Consejo Participativo Local de Educación;MÓDULO V: SERVICIOS PÚBLICOS LOCALES;0: No | 1: Sí;95;municipalidad, 2022;49;ok;asignado_por_posicion
P101_2;Espacio de concertación en el que participa la municipalidad / Consejo Local de Salud;MÓDULO V: SERVICIOS PÚBLICOS LOCALES;0: No | 2: Sí;95;municipalidad, 2022;49;ok;asignado_por_posicion
P101_3;Espacio de concertación en el que participa la municipalidad / Consejo Consultivo de Niñas, Niños y Adolescentes;MÓDULO V: SERVICIOS PÚBLICOS LOCALES;0: No | 3: Sí;95;Municipalidad que;49;ok;asignado_por_posicion
P101_4;Espacio de concertación en el que participa la municipalidad / Mesa de Concertación para la Lucha Contra la Pobreza;MÓDULO V: SERVICIOS PÚBLICOS LOCALES;0: No | 4: Sí;96;espacios de;49;ok;asignado_por_posicion
P101_5;Espacio de concertación en el que participa la municipalidad / Otro;MÓDULO V: SERVICIOS PÚBLICOS LOCALES;0: No | 5: Sí;96;concertación, 2022;49;ok;asignado_por_posicion
P101_5_O;Espacio de concertación en el que participa la municipalidad / Otro / Especifique;MÓDULO V: SERVICIOS PÚBLICOS LOCALES;;96;concertación, 2022;49;ok;sin_valores
P101_6;Espacio de concertación en el que participa la municipalidad / No participa;MÓDULO V: SERVICIOS PÚBLICOS LOCALES;0: No | 6: Sí;96;concertación, 2022;49;ok;asignado_por_posicion
VFI_P102;Municipalidad informante;MÓDULO V: SERVICIOS PÚBLICOS LOCALES;0: No informó | 1: Informó;96;concertación, 2022;49;ok;asignado_por_posicion
P102;¿La municipalidad tiene constituida la Junta de Delegados Vecinales?;MÓDULO V: SERVICIOS PÚBLICOS LOCALES;1: Sí | 2: No tiene constituida;96;concertación, 2022;49;ok;asignado_por_posicion
P102_1_T;Número de miembros de la Junta de Delegados Vecinales / Total;MÓDULO V: SERVICIOS PÚBLICOS LOCALES;;97;Junta de Delegados;49;ok;sin_valores
P102_1_M;Número de miembros de la Junta de Delegados Vecinales / Mujer;MÓDULO V: SERVICIOS PÚBLICOS LOCALES;;97;Vecinales, 2022;49;ok;sin_valores
P102_1_H;Número de miembros de la Junta de Delegados Vecinales / Hombre;MÓDULO V: SERVICIOS PÚBLICOS LOCALES;;97;Vecinales, 2022;49;ok;sin_valores
P102_2;¿La Junta de Delegados Vecinales se encuentra en actividad? FINANZAS MUNICIPALES;MÓDULO V: SERVICIOS PÚBLICOS LOCALES;1: Sí | 2: No;97;Vecinales, 2022;49;ok;asignado_por_posicion
VFI_C96;Municipalidad informante;MÓDULO V: SERVICIOS PÚBLICOS LOCALES;0: No informó | 1: Informó;97;Vecinales, 2022;49;ok;asignado_por_posicion
C96;Total Ingresos (I+II+III+IV);MÓDULO V: SERVICIOS PÚBLICOS LOCALES;;97;Vecinales, 2022;49;ok;sin_valores
C96_1;I. Ingresos corrientes;MÓDULO V: SERVICIOS PÚBLICOS LOCALES;;97;Vecinales, 2022;49;ok;sin_valores
C96_1_1;Ingresos corrientes / Impuestos y contribuciones obligatorias / Total;MÓDULO V: SERVICIOS PÚBLICOS LOCALES;;97;Vecinales, 2022;49;ok;sin_valores
C96_1_1_1;Ingresos corrientes / Impuestos y contribuciones obligatorias / Predial;MÓDULO V: SERVICIOS PÚBLICOS LOCALES;;97;Vecinales, 2022;49;ok;sin_valores
C96_1_1_2;Ingresos corrientes / Impuestos y contribuciones obligatorias / De alcabala;MÓDULO V: SERVICIOS PÚBLICOS LOCALES;;97;Ingresos;49;ok;sin_valores
C96_1_1_3;Ingresos corrientes / Impuestos y contribuciones obligatorias / Al patrimonio vehicular;MÓDULO V: SERVICIOS PÚBLICOS LOCALES;;97;recaudados por las;49;ok;sin_valores
C96_1_1_4;Ingresos corrientes / Impuestos y contribuciones obligatorias / A los casinos de juegos;MÓDULO V: SERVICIOS PÚBLICOS LOCALES;;97;2021;49;ok;sin_valores
C96_1_1_5;Ingresos corrientes / Impuestos y contribuciones obligatorias / A las apuestas y a los juegos;MÓDULO V: SERVICIOS PÚBLICOS LOCALES;;97;2021;49;ok;sin_valores
C96_1_1_6;Ingresos corrientes / Impuestos y contribuciones obligatorias / A los espectáculos públicos no deportivos;MÓDULO V: SERVICIOS PÚBLICOS LOCALES;;97;2021;49;ok;sin_valores
C96_1_1_7;Ingresos corrientes / Impuestos y contribuciones obligatorias / A los juegos de máquinas tragamonedas;MÓDULO V: SERVICIOS PÚBLICOS LOCALES;;97;2021;49;ok;sin_valores
C96_1_1_8;Ingresos corrientes / Impuestos y contribuciones obligatorias / Otros impuestos y contribuciones obligatorias;MÓDULO V: SERVICIOS PÚBLICOS LOCALES;;97;2021;50;ok;sin_valores
C96_1_2;Ingresos corrientes / Venta de bienes y servicios y derechos administrativos / Total;MÓDULO V: SERVICIOS PÚBLICOS LOCALES;;97;2021;50;ok;sin_valores
C96_1_2_1;Ingresos corrientes / Venta de bienes y servicios y derechos administrativos / Derechos administrativos generales;MÓDULO V: SERVICIOS PÚBLICOS LOCALES;;97;2021;50;ok;sin_valores
C96_1_2_2;Ingresos corrientes / Venta de bienes y servicios y derechos administrativos / Derechos administrativos de educación;MÓDULO V: SERVICIOS PÚBLICOS LOCALES;;97;2021;50;ok;sin_valores
C96_1_2_3;Ingresos corrientes / Venta de bienes y servicios y derechos administrativos / Derechos administrativos de agricultura;MÓDULO V: SERVICIOS PÚBLICOS LOCALES;;97;2021;50;ok;sin_valores
C96_1_2_4;Ingresos corrientes / Venta de bienes y servicios y derechos administrativos / Derechos administrativos de industria y comercio;MÓDULO V: SERVICIOS PÚBLICOS LOCALES;;97;2021;50;ok;sin_valores
C96_1_2_5;Ingresos corrientes / Venta de bienes y servicios y derechos administrativos / Derechos administrativos de salud;MÓDULO V: SERVICIOS PÚBLICOS LOCALES;;97;2021;50;ok;sin_valores
C96_1_2_6;Ingresos corrientes / Venta de bienes y servicios y derechos administrativos / Derechos administrativos de transportes y comunicaciones;MÓDULO V: SERVICIOS PÚBLICOS LOCALES;;97;2021;50;ok;sin_valores
C96_1_2_7;Ingresos corrientes / Venta de bienes y servicios y derechos administrativos / Derechos administrativos de vivienda y construcción;MÓDULO V: SERVICIOS PÚBLICOS LOCALES;;97;2021;50;ok;sin_valores
C96_1_2_8;Ingresos corrientes / Venta de bienes y servicios y derechos administrativos / Otros derechos administrativos;MÓDULO V: SERVICIOS PÚBLICOS LOCALES;;97;2021;50;ok;sin_valores
C96_1_2_9;Ingresos corrientes / Venta de bienes y servicios y derechos administrativos / Venta de bienes agrícolas y forestales;MÓDULO V: SERVICIOS PÚBLICOS LOCALES;;97;2021;50;ok;sin_valores
C96_1_2_10;Ingresos corrientes / Venta de bienes y servicios y derechos administrativos / Venta de productos de educación;MÓDULO V: SERVICIOS PÚBLICOS LOCALES;;97;2021;50;ok;sin_valores
C96_1_2_11;Ingresos corrientes / Venta de bienes y servicios y derechos administrativos / Venta de productos de salud;MÓDULO V: SERVICIOS PÚBLICOS LOCALES;;97;2021;50;ok;sin_valores
C96_1_2_12;Ingresos corrientes / Venta de bienes y servicios y derechos administrativos / Venta de productos minerales;MÓDULO V: SERVICIOS PÚBLICOS LOCALES;;97;2021;50;ok;sin_valores
C96_1_2_13;Ingresos corrientes / Venta de bienes y servicios y derechos administrativos / Venta de productos industriales;MÓDULO V: SERVICIOS PÚBLICOS LOCALES;;97;Ingresos;50;ok;sin_valores
C96_1_2_14;Ingresos corrientes / Venta de bienes y servicios y derechos administrativos / Servicios de educación, recreación y cultura;MÓDULO V: SERVICIOS PÚBLICOS LOCALES;;97;2021;50;ok;sin_valores
C96_1_2_15;Ingresos corrientes / Venta de bienes y servicios y derechos administrativos / Servicios de salud;MÓDULO V: SERVICIOS PÚBLICOS LOCALES;;97;2021;50;ok;sin_valores
C96_1_2_16;Ingresos corrientes / Venta de bienes y servicios y derechos administrativos / Servicios de transporte y comunicaciones;MÓDULO V: SERVICIOS PÚBLICOS LOCALES;;97;2021;50;ok;sin_valores
C96_1_2_17;Ingresos corrientes / Venta de bienes y servicios y derechos administrativos / Ingreso por alquileres;MÓDULO V: SERVICIOS PÚBLICOS LOCALES;;97;2021;50;ok;sin_valores
C96_1_2_18;Ingresos corrientes / Venta de bienes y servicios y derechos administrativos / Otros ingresos por prestación de servicios;MÓDULO V: SERVICIOS PÚBLICOS LOCALES;;97;2021;50;ok;sin_valores
C96_1_2_19;Ingresos corrientes / Venta de bienes y servicios y derechos administrativos / Otros ingresos por venta de bienes y servicios y derechos administrativos;MÓDULO V: SERVICIOS PÚBLICOS LOCALES;;97;2021;50;ok;sin_valores
C96_1_3;Ingresos corrientes / Rentas de la propiedad / Total;MÓDULO V: SERVICIOS PÚBLICOS LOCALES;;97;2021;50;ok;sin_valores
C96_1_3_1;Ingresos corrientes / Rentas de la propiedad / Rentas de la propiedad real;MÓDULO V: SERVICIOS PÚBLICOS LOCALES;;97;2021;50;ok;sin_valores
C96_1_3_2;Ingresos corrientes / Rentas de la propiedad / Rentas de la propiedad financiera;MÓDULO V: SERVICIOS PÚBLICOS LOCALES;;97;2021;50;ok;sin_valores
C96_1_4;Ingresos corrientes / Multas y sanciones no tributarias;MÓDULO V: SERVICIOS PÚBLICOS LOCALES;;97;2021;50;ok;sin_valores
C96_1_5;Ingresos corrientes / Otros ingresos corrientes;MÓDULO V: SERVICIOS PÚBLICOS LOCALES;;97;2021;50;ok;sin_valores
C96_2;II. Ingresos de capital;MÓDULO V: SERVICIOS PÚBLICOS LOCALES;;97;2021;50;ok;sin_valores
C96_2_1;Ingresos de capital / Venta de activos no financieros / Venta de activos no producidos;MÓDULO V: SERVICIOS PÚBLICOS LOCALES;;97;2021;50;ok;sin_valores
C96_2_2;Ingresos de capital / Venta de activos no financieros / Venta de otros activos no financieros;MÓDULO V: SERVICIOS PÚBLICOS LOCALES;;97;2021;50;ok;sin_valores
C96_3;III. Transferencias;MÓDULO V: SERVICIOS PÚBLICOS LOCALES;;97;2021;50;ok;sin_valores
C96_3_1;Transferencias / Canon y Sobrecanon / Total;MÓDULO V: SERVICIOS PÚBLICOS LOCALES;;97;2021;50;ok;sin_valores
C96_3_1_1;Transferencias / Canon y Sobrecanon / Canon Petrolero;MÓDULO V: SERVICIOS PÚBLICOS LOCALES;;97;2021;50;ok;sin_valores
C96_3_1_2;Transferencias / Canon y Sobrecanon / Sobrecanon Petrolero;MÓDULO V: SERVICIOS PÚBLICOS LOCALES;;97;2021;50;ok;sin_valores
C96_3_1_3;Transferencias / Canon y Sobrecanon / Canon Minero;MÓDULO V: SERVICIOS PÚBLICOS LOCALES;;97;2021;51;ok;sin_valores
C96_3_1_4;Transferencias / Canon y Sobrecanon / Canon Gasífero;MÓDULO V: SERVICIOS PÚBLICOS LOCALES;;97;2021;51;ok;sin_valores
C96_3_1_5;Transferencias / Canon y Sobrecanon / Canon Hidroenergético;MÓDULO V: SERVICIOS PÚBLICOS LOCALES;;97;2021;51;ok;sin_valores
C96_3_1_6;Transferencias / Canon y Sobrecanon / Canon Pesquero;MÓDULO V: SERVICIOS PÚBLICOS LOCALES;;97;2021;51;ok;sin_valores
C96_3_1_7;Transferencias / Canon y Sobrecanon / Canon Forestal;MÓDULO V: SERVICIOS PÚBLICOS LOCALES;;97;2021;51;ok;sin_valores
C96_3_2;Transferencias / Regalías / Total;MÓDULO V: SERVICIOS PÚBLICOS LOCALES;;97;2021;51;ok;sin_valores
C96_3_2_1;Transferencias / Regalías / Regalías FOCAM;MÓDULO V: SERVICIOS PÚBLICOS LOCALES;;97;Ingresos;51;ok;sin_valores
C96_3_2_2;Transferencias / Regalías / Regalías mineras;MÓDULO V: SERVICIOS PÚBLICOS LOCALES;;97;recaudados por las;51;ok;sin_valores
C96_3_3;Transferencias / Fondo de Compensación Municipal;MÓDULO V: SERVICIOS PÚBLICOS LOCALES;;97;2021;51;ok;sin_valores
C96_3_4;Transferencias / Participación por programa de incentivos a la mejora de la gestión municipal;MÓDULO V: SERVICIOS PÚBLICOS LOCALES;;97;2021;51;ok;sin_valores
C96_3_5;Transferencias / Otros ingresos por transferencias;MÓDULO V: SERVICIOS PÚBLICOS LOCALES;;97;2021;51;ok;sin_valores
C96_4;IV. Financiamiento;MÓDULO V: SERVICIOS PÚBLICOS LOCALES;;97;2021;51;ok;sin_valores
C96_4_1;Financiamiento / Endeudamiento;MÓDULO V: SERVICIOS PÚBLICOS LOCALES;;97;2021;51;ok;sin_valores
C96_4_2;Financiamiento / Saldos de balance;MÓDULO V: SERVICIOS PÚBLICOS LOCALES;;97;2021;51;ok;sin_valores
VFI_C97;Municipalidad informante;MÓDULO V: SERVICIOS PÚBLICOS LOCALES;0: No informó | 1: Informó;97;2021;51;ok;asignado_por_posicion
C97;Total gastos (I + II + III);MÓDULO V: SERVICIOS PÚBLICOS LOCALES;;97;2021;51;ok;sin_valores
C97_1;I. Gastos corrientes;MÓDULO V: SERVICIOS PÚBLICOS LOCALES;;97;2021;51;ok;sin_valores
C97_1_1;Gastos corrientes / Personal y obligaciones sociales;MÓDULO V: SERVICIOS PÚBLICOS LOCALES;;97;2021;51;ok;sin_valores
C97_1_2;Gastos corrientes / Pensiones y otras prestaciones sociales;MÓDULO V: SERVICIOS PÚBLICOS LOCALES;;97;2021;51;ok;sin_valores
C97_1_3;Gastos corrientes / Bienes y servicios;MÓDULO V: SERVICIOS PÚBLICOS LOCALES;;97;2021;51;ok;sin_valores
C97_1_4;Gastos corrientes / Donaciones y transferencias corrientes;MÓDULO V: SERVICIOS PÚBLICOS LOCALES;;97;2021;51;ok;sin_valores
C97_1_5;Gastos corrientes / Otros gastos corrientes;MÓDULO V: SERVICIOS PÚBLICOS LOCALES;;97;2021;51;ok;sin_valores
C97_2;II. Gastos de capital;MÓDULO V: SERVICIOS PÚBLICOS LOCALES;;97;2021;51;ok;sin_valores
C97_2_1;Gastos de capital / Adquisición de activos financieros;MÓDULO V: SERVICIOS PÚBLICOS LOCALES;;97;2021;51;ok;sin_valores
C97_2_2;Gastos de capital / Adquisición de activos no financieros / Total;MÓDULO V: SERVICIOS PÚBLICOS LOCALES;;97;2021;51;ok;sin_valores
C97_2_2_1;Gastos de capital / Adquisición de activos no financieros / Adquisición de edificios y estructuras;MÓDULO V: SERVICIOS PÚBLICOS LOCALES;;97;2021;51;ok;sin_valores
C97_2_2_2;Gastos de capital / Adquisición de activos no financieros / Adquisición de vehículos, maquinarias y otros;MÓDULO V: SERVICIOS PÚBLICOS LOCALES;;97;2021;51;ok;sin_valores
C97_2_2_3;Gastos de capital / Adquisición de activos no financieros / Gastos por construcción de edificios y estructuras / Total;MÓDULO V: SERVICIOS PÚBLICOS LOCALES;;97;por las;51;ok;sin_valores
C97_2_2_3_1;Gastos de capital / Adquisición de activos no financieros / Gastos por construcción de edificios y estructuras / Instalaciones educativas;MÓDULO V: SERVICIOS PÚBLICOS LOCALES;;97;2021;51;ok;sin_valores
C97_2_2_3_2;Gastos de capital / Adquisición de activos no financieros / Gastos por construcción de edificios y estructuras / Instalaciones médicas;MÓDULO V: SERVICIOS PÚBLICOS LOCALES;;97;2021;51;ok;sin_valores
C97_2_2_3_3;Gastos de capital / Adquisición de activos no financieros / Gastos por construcción de edificios y estructuras / Instalaciones sociales y culturales;MÓDULO V: SERVICIOS PÚBLICOS LOCALES;;97;2021;51;ok;sin_valores
C97_2_2_3_4;Gastos de capital / Adquisición de activos no financieros / Gastos por construcción de edificios y estructuras / Sistema de agua y saneamiento;MÓDULO V: SERVICIOS PÚBLICOS LOCALES;;97;2021;51;ok;sin_valores
C97_2_2_3_5;Gastos de capital / Adquisición de activos no financieros / Gastos por construcción de edificios y estructuras / Infraestructura agrícola;MÓDULO V: SERVICIOS PÚBLICOS LOCALES;;97;2021;51;ok;sin_valores
C97_2_2_3_6;Gastos de capital / Adquisición de activos no financieros / Gastos por construcción de edificios y estructuras / Infraestructura eléctrica;MÓDULO V: SERVICIOS PÚBLICOS LOCALES;;97;2021;51;ok;sin_valores
C97_2_2_3_7;Gastos de capital / Adquisición de activos no financieros / Gastos por construcción de edificios y estructuras / Infraestructura vial;MÓDULO V: SERVICIOS PÚBLICOS LOCALES;;97;2021;51;ok;sin_valores
C97_2_2_3_8;Gastos de capital / Adquisición de activos no financieros / Gastos por construcción de edificios y estructuras / Plazuelas parques y jardines;MÓDULO V: SERVICIOS PÚBLICOS LOCALES;;97;2021;51;ok;sin_valores
C97_2_2_3_9;Gastos de capital / Adquisición de activos no financieros / Gastos por construcción de edificios y estructuras / Edificios administrativos;MÓDULO V: SERVICIOS PÚBLICOS LOCALES;;97;2021;51;ok;sin_valores
C97_2_2_3_10;Gastos de capital / Adquisición de activos no financieros / Gastos por construcción de edificios y estructuras / Otras estructuras diversas;MÓDULO V: SERVICIOS PÚBLICOS LOCALES;;97;2021;51;ok;sin_valores
C97_2_2_3_11;Gastos de capital / Adquisición de activos no financieros / Gastos por construcción de edificios y estructuras / Otras obras de infraestructura;MÓDULO V: SERVICIOS PÚBLICOS LOCALES;;97;2021;52;ok;sin_valores
C97_2_2_4;Gastos de capital / Adquisición de activos no financieros / Otros gastos por adquisición de activos no financieros;MÓDULO V: SERVICIOS PÚBLICOS LOCALES;;97;Gastos ejecutados;52;ok;sin_valores
C97_2_3;Gastos de capital / Donaciones y transferencias de capital;MÓDULO V: SERVICIOS PÚBLICOS LOCALES;;97;municipalidades,;52;ok;sin_valores
C97_2_4;Gastos de capital / Otros gastos de capital;MÓDULO V: SERVICIOS PÚBLICOS LOCALES;;97;2021;52;ok;sin_valores
C97_3;III. Servicio de la deuda;MÓDULO V: SERVICIOS PÚBLICOS LOCALES;;97;2021;52;ok;sin_valores
