dataset,column_name,parquet_type,inferred_type,row_count,null_count,null_pct,empty_string_count,empty_string_pct,missing_like_count,missing_like_pct,non_missing_count,unique_count,unique_pct,cardinality_class,min_length,max_length,avg_length,numeric_valid_count,numeric_valid_pct,numeric_min,numeric_max,numeric_mean,q1,q3,iqr,outlier_count_iqr,outlier_pct_iqr,datetime_valid_pct,datetime_detected_format,datetime_min,datetime_max,sample_values,top_values
municipalidades_2022,Año,large_string,integer,1874,0,0.0,0,0.0,0,0.0,1874,1,0.0534,baja_categorica,4,4,4.0,1874,100.0,2022.0,2022.0,2022.0,2022.0,2022.0,0.0,,,0.0,,,,"[""2022""]","{""2022"": 1874}"
municipalidades_2022,idmunici,large_string,integer,1874,0,0.0,0,0.0,0,0.0,1874,1874,100.0,alta_posible_identificador,6,6,6.0,1874,100.0,10101.0,250401.0,106811.4418,50328.25,150805.75,100477.5,0,0.0,0.0,,,,"[""010101"", ""010102"", ""010103"", ""010104"", ""010105""]","{""010101"": 1, ""140104"": 1, ""140116"": 1, ""140115"": 1, ""140114"": 1, ""140113"": 1, ""140112"": 1, ""140111"": 1, ""140110"": 1, ""140109"": 1}"
municipalidades_2022,ccdd,large_string,integer,1874,0,0.0,0,0.0,0,0.0,1874,25,1.334,baja_categorica,2,2,2.0,1874,100.0,1.0,25.0,10.6265,5.0,15.0,10.0,0,0.0,0.0,,,,"[""01"", ""02"", ""03"", ""04"", ""05""]","{""15"": 171, ""02"": 166, ""06"": 127, ""12"": 124, ""05"": 119, ""08"": 112, ""21"": 110, ""04"": 109, ""09"": 100, ""01"": 84}"
municipalidades_2022,ccpp,large_string,integer,1874,0,0.0,0,0.0,0,0.0,1874,20,1.0672,baja_categorica,2,2,2.0,1874,100.0,1.0,20.0,5.3943,2.0,8.0,6.0,27,1.4408,0.0,,,,"[""01"", ""02"", ""03"", ""04"", ""05""]","{""01"": 351, ""02"": 190, ""05"": 179, ""04"": 177, ""03"": 172, ""06"": 170, ""07"": 153, ""08"": 112, ""10"": 102, ""09"": 85}"
municipalidades_2022,ccdi,large_string,integer,1874,0,0.0,0,0.0,0,0.0,1874,43,2.2946,baja_categorica,2,2,2.0,1874,100.0,1.0,43.0,7.333,3.0,9.75,6.75,109,5.8164,0.0,,,,"[""01"", ""02"", ""03"", ""04"", ""05""]","{""01"": 196, ""02"": 192, ""03"": 189, ""04"": 183, ""05"": 167, ""06"": 149, ""07"": 129, ""08"": 114, ""09"": 86, ""10"": 80}"
municipalidades_2022,Ubigeo,large_string,integer,1874,0,0.0,0,0.0,0,0.0,1874,1874,100.0,alta_posible_identificador,6,6,6.0,1874,100.0,10101.0,250401.0,106811.4418,50328.25,150805.75,100477.5,0,0.0,0.0,,,,"[""010101"", ""010102"", ""010103"", ""010104"", ""010105""]","{""010101"": 1, ""140104"": 1, ""140116"": 1, ""140115"": 1, ""140114"": 1, ""140113"": 1, ""140112"": 1, ""140111"": 1, ""140110"": 1, ""140109"": 1}"
municipalidades_2022,Departamento,large_string,categorical_text,1874,0,0.0,0,0.0,0,0.0,1874,25,1.334,baja_categorica,3,13,6.9696,0,0.0,,,,,,,,,0.0,,,,"[""AMAZONAS"", ""ANCASH"", ""APURIMAC"", ""AREQUIPA"", ""AYACUCHO""]","{""LIMA"": 171, ""ANCASH"": 166, ""CAJAMARCA"": 127, ""JUNIN"": 124, ""AYACUCHO"": 119, ""CUSCO"": 112, ""PUNO"": 110, ""AREQUIPA"": 109, ""HUANCAVELICA"": 100, ""AMAZONAS"": 84}"
municipalidades_2022,Provincia,large_string,text,1874,0,0.0,0,0.0,0,0.0,1874,196,10.4589,media,3,25,8.1291,0,0.0,,,,,,,,,0.0,,,,"[""CHACHAPOYAS"", ""BAGUA"", ""BONGARA"", ""CONDORCANQUI"", ""LUYA""]","{""LIMA"": 43, ""JAUJA"": 34, ""YAUYOS"": 33, ""HUAROCHIRI"": 32, ""AREQUIPA"": 29, ""HUANCAYO"": 28, ""LUYA"": 23, ""LUCANAS"": 21, ""TAYACAJA"": 21, ""CHACHAPOYAS"": 21}"
municipalidades_2022,Distrito,large_string,text,1874,0,0.0,0,0.0,0,0.0,1874,1722,91.889,media_alta,3,36,9.2705,0,0.0,,,,,,,,,0.0,,,,"[""CHACHAPOYAS"", ""ASUNCION"", ""BALSAS"", ""CHETO"", ""CHILIQUIN""]","{""SANTA ROSA"": 10, ""SAN ANTONIO"": 5, ""PUEBLO NUEVO"": 5, ""SANTA CRUZ"": 5, ""SAN LUIS"": 4, ""SAN MIGUEL"": 4, ""BELLAVISTA"": 4, ""INDEPENDENCIA"": 4, ""MIRAFLORES"": 4, ""SAN JUAN"": 4}"
municipalidades_2022,Tipomuni,large_string,integer,1874,0,0.0,0,0.0,0,0.0,1874,2,0.1067,baja_categorica,1,1,1.0,1874,100.0,1.0,2.0,1.8954,2.0,2.0,0.0,,,0.0,,,,"[""1"", ""2""]","{""2"": 1678, ""1"": 196}"
municipalidades_2022,VFI,large_string,categorical_indicator,1874,0,0.0,0,0.0,0,0.0,1874,1,0.0534,baja_categorica,1,1,1.0,1874,100.0,1.0,1.0,1.0,1.0,1.0,0.0,,,0.0,,,,"[""1""]","{""1"": 1874}"
municipalidades_2022,P04_1,large_string,integer,1874,0,0.0,0,0.0,0,0.0,1874,6,0.3202,baja_categorica,1,1,1.0,1874,100.0,1.0,6.0,3.3314,2.0,6.0,4.0,0,0.0,0.0,,,,"[""2"", ""3"", ""1"", ""6"", ""5""]","{""6"": 606, ""2"": 580, ""3"": 335, ""1"": 329, ""5"": 17, ""4"": 7}"
municipalidades_2022,P04_2,large_string,text,1874,0,0.0,0,0.0,0,0.0,1874,727,38.794,media,3,52,12.7705,0,0.0,,,,,,,,,0.0,,,,"[""ORTIZ ARRIETA"", ""NICARMAL - PLAZA DE ARMAS"", ""MARAÑON"", ""UNION"", ""SAN MARTIN""]","{""PLAZA DE ARMAS"": 343, ""PLAZA PRINCIPAL"": 182, ""SAN MARTIN"": 52, ""28 DE JULIO"": 42, ""LIMA"": 40, ""BOLOGNESI"": 25, ""TUPAC AMARU"": 23, ""PROGRESO"": 22, ""GRAU"": 21, ""MIGUEL GRAU"": 21}"
municipalidades_2022,P04_3,large_string,text,1874,0,0.0,87,4.6425,87,4.6425,1787,406,21.6649,media,1,4,2.9323,872,48.7969,1.0,5818.0,319.836,104.0,414.0,310.0,45,5.1606,0.0,,,,"[""588"", ""S/N"", ""565"", ""500"", ""123""]","{""S/N"": 912, ""100"": 82, ""101"": 26, ""1"": 18, ""2"": 13, ""500"": 11, ""102"": 10, ""104"": 10, ""300"": 9, ""120"": 8}"
municipalidades_2022,P04_4,large_string,text,1874,0,0.0,1597,85.2188,1597,85.2188,277,90,4.8026,baja_categorica,1,3,1.3466,99,35.7401,1.0,999.0,23.697,1.0,21.5,20.5,4,4.0404,0.0,,,,"[""5"", ""1"", ""24"", ""17"", ""18""]","{""1"": 39, ""A"": 16, ""M"": 11, ""SN"": 9, ""E"": 9, ""C"": 8, ""S"": 8, ""I"": 7, ""2"": 6, ""R"": 6}"
municipalidades_2022,P04_5,large_string,text,1874,0,0.0,1605,85.6457,1605,85.6457,269,36,1.921,baja_categorica,1,2,1.2007,246,91.4498,1.0,99.0,5.5935,1.0,7.0,6.0,11,4.4715,0.0,,,,"[""15"", ""1"", ""5"", ""8"", ""31""]","{""1"": 83, ""2"": 28, ""3"": 20, ""4"": 20, ""8"": 16, ""5"": 14, ""6"": 13, ""SN"": 9, ""12"": 8, ""7"": 7}"
municipalidades_2022,P04_6,large_string,decimal,1874,0,0.0,1751,93.4365,1751,93.4365,123,66,3.5219,baja_categorica,1,6,1.9187,123,100.0,0.5,437.4,49.9691,1.0,62.5,61.5,12,9.7561,0.0,,,,"[""50"", ""1"", ""17"", ""130"", ""80""]","{""1"": 39, ""5"": 4, ""20"": 4, ""15"": 3, ""10"": 3, ""50"": 2, ""3"": 2, ""2"": 2, ""25"": 2, ""12"": 2}"
municipalidades_2022,P05_CC,large_string,integer,1874,0,0.0,0,0.0,0,0.0,1874,24,1.2807,baja_categorica,2,3,2.905,1874,100.0,1.0,84.0,55.2295,43.0,67.0,24.0,178,9.4984,0.0,,,,"[""041"", ""043"", ""083"", ""054"", ""066""]","{""01"": 178, ""043"": 166, ""076"": 127, ""064"": 124, ""066"": 119, ""084"": 112, ""051"": 110, ""054"": 109, ""067"": 100, ""041"": 84}"
municipalidades_2022,P05_1,large_string,integer,1874,0,0.0,1283,68.4632,1283,68.4632,591,562,29.9893,media,6,7,6.176,591,100.0,201077.0,7914353.0,1192069.154,359873.5,756156.5,396283.0,104,17.5973,0.0,,,,"[""477002"", ""484940"", ""503617"", ""471285"", ""718034""]","{""222222"": 23, ""323232"": 2, ""300000"": 2, ""367027"": 2, ""351136"": 2, ""837100"": 2, ""666666"": 2, ""333333"": 2, ""2364001"": 1, ""2363424"": 1}"
municipalidades_2022,P05_2,large_string,integer,1874,0,0.0,871,46.4781,871,46.4781,1003,1000,53.3618,media_alta,9,9,9.0,1003,100.0,900011356.0,999989043.0,958616023.4187,940617441.5,980623021.5,40005580.0,0,0.0,0.0,,,,"[""960084144"", ""992669364"", ""954385270"", ""999225249"", ""978373773""]","{""901380292"": 3, ""939049425"": 2, ""960084144"": 1, ""976373745"": 1, ""960252396"": 1, ""992683023"": 1, ""914527672"": 1, ""991686250"": 1, ""964732122"": 1, ""916670589"": 1}"
municipalidades_2022,P05_3,large_string,integer,1874,0,0.0,1419,75.7204,1419,75.7204,455,453,24.1729,media,9,9,9.0,455,100.0,900563631.0,999654107.0,955093430.1407,935028990.5,977190320.5,42161330.0,0,0.0,0.0,,,,"[""973838372"", ""985867645"", ""932143498"", ""992017010"", ""942187419""]","{""938758149"": 3, ""973838372"": 1, ""924879700"": 1, ""921171377"": 1, ""964457964"": 1, ""964934954"": 1, ""947489681"": 1, ""964937439"": 1, ""954428208"": 1, ""931371307"": 1}"
municipalidades_2022,P06_CC,large_string,integer,1874,0,0.0,0,0.0,0,0.0,1874,24,1.2807,baja_categorica,2,3,2.905,1874,100.0,1.0,84.0,55.2295,43.0,67.0,24.0,178,9.4984,0.0,,,,"[""041"", ""043"", ""083"", ""054"", ""066""]","{""01"": 178, ""043"": 166, ""076"": 127, ""064"": 124, ""066"": 119, ""084"": 112, ""051"": 110, ""054"": 109, ""067"": 100, ""041"": 84}"
municipalidades_2022,P06,large_string,integer,1874,0,0.0,151,8.0576,151,8.0576,1723,1692,90.2882,media_alta,6,9,8.35,1723,100.0,201616.0,999994734.0,735463612.1178,911551061.0,971602453.0,60051392.0,402,23.3314,0.0,,,,"[""477002"", ""920696668"", ""931869918"", ""968933510"", ""999224113""]","{""222222"": 11, ""300000"": 8, ""333333"": 3, ""666666"": 3, ""222222222"": 3, ""999355010"": 2, ""444444"": 2, ""2222222"": 2, ""981686548"": 2, ""973825942"": 2}"
municipalidades_2022,P07,large_string,text,1874,0,0.0,698,37.2465,698,37.2465,1176,1172,62.54,media_alta,24,94,40.6412,0,0.0,,,,,,,,,0.0,,,,"[""WWW.FACEBOOK.COM/MUNICHACHAPOYAS"", ""WWW.FACEBOOK.COM/MUNIBALSAS"", ""WWW.FACEBOOK.COM/MUNICIPALIDADHUANCAS"", ""WWW.FACEBOOK.COM/LEVANTO2022"", ""WWW.FACEBOOK.COM./SAN FRANCISCO.DAGUAS.3""]","{""WWW.FACEBOOK.COM/MDJEPELACIO"": 2, ""WWW.FACEBOOK.COM/MUNILUCRE"": 2, ""WWW.FACEBOOK.COM/MDSANTAROSA"": 2, ""WWW.FACEBOOK.COM/MUNISANBORJA"": 2, ""WWW.FACEBOOK.COM/MUNICHACHAPOYAS"": 1, ""WWW.FACEBOOK.COM/MUNIANCON"": 1, ""WWW.FACEBOOK.COM/MUNICHACLA"": 1, ""WWW.FACEBOOK.COM/MUNICARABAYLLO"": 1, ""WWW.FACEBOOK.COM/MUNICIPALIDADDEBREÑA"": 1, ""WWW.FACEBOOK.COM/MUNIDEBARRANCO"": 1}"
municipalidades_2022,P08,large_string,email,1874,0,0.0,102,5.4429,102,5.4429,1772,1770,94.4504,media_alta,16,54,28.6642,0,0.0,,,,,,,,,0.0,,,,"[""ALCALDIA@MUNICHACHAPOYAS.GOB.PE"", ""MUNIASUNCION.TRAMITE@GMAIL.COM"", ""MUNIBALSAS2019@GMAIL.COM"", ""MUNICHETO2019@GMAIL.COM"", ""MDCHILIQUIN@HOTMAIL.COM""]","{""MESADEPARTES@GMAIL.COM"": 2, ""MUNICIPALIDADEJEPELACIO@GMAIL.COM"": 2, ""ALCALDIA@MUNICHACHAPOYAS.GOB.PE"": 1, ""MUNICHONGOYAPE@MUNICHONGOYAPE.GOB.PE"": 1, ""MESADEPARTESVIRTUAL@MUNIREQUE.GOB.PE"": 1, ""SECALCALDIA@MUNIPIMENTEL.GOB.PE"": 1, ""MUNIOYOTUN.1925@GMAIL.COM"": 1, ""MUNICIPALIDADNUEVAARICA@GMAIL.COM"": 1, ""MUNIMONSEFU@MUNIMONSEFU.GOB.PE"": 1, ""MUNICIPALIDADDELAGUNASMOCUPE@GMAIL.COM"": 1}"
municipalidades_2022,P09,large_string,text,1874,0,0.0,1137,60.6724,1137,60.6724,737,735,39.2209,media,14,83,24.8128,0,0.0,,,,,,,,,0.0,,,,"[""WWW.GOB.PE/MUNICHACHAPOYAS"", ""WWW.MUNIBAGUA.GOB.PE"", ""WWW.MUNIIMAZA.GOB.PE"", ""WWW.MUNICOROSHA.GOB.PE"", ""WWW.GOB.PE/MUNIJAZAN""]","{""WWW.MUNICCORCA.GOB.PE"": 2, ""WWW.GOB.PE/MUNIJEPELACIO"": 2, ""WWW.GOB.PE/MUNICHACHAPOYAS"": 1, ""WWW.SANTIAGODETUNA.GOB.PE"": 1, ""WWW.MUNIHUALMAY.GOB.PE"": 1, ""WWW.MUNIHUAURA.GOB.PE"": 1, ""WWW.MUNISANTAMARIA.GOB.PE"": 1, ""WWW.GOB.PE/MUNISAYAN"": 1, ""WWW.MUNIVEGUETA.GOB.PE"": 1, ""WWW.GOB.PE/MUNICIPALIDAD-PROVINCIAL-DE-OYON-MPOYON"": 1}"
municipalidades_2022,P10_1,large_string,text,1874,0,0.0,0,0.0,0,0.0,1874,1437,76.6809,media_alta,3,24,10.1798,0,0.0,,,,,,,,,0.0,,,,"[""VICTOR RAUL"", ""HELDA"", ""SEGUNDO PABLO"", ""ELITA"", ""JAIME""]","{""JUAN CARLOS"": 16, ""JOSE"": 11, ""JOSE LUIS"": 11, ""MIGUEL ANGEL"": 11, ""LUIS ALBERTO"": 10, ""HUGO"": 10, ""JAVIER"": 10, ""JULIO CESAR"": 10, ""CARLOS ALBERTO"": 8, ""DAVID"": 8}"
municipalidades_2022,P10_2,large_string,text,1874,0,0.0,0,0.0,0,0.0,1874,1013,54.0555,media_alta,2,15,6.5886,0,0.0,,,,,,,,,0.0,,,,"[""CULQUI"", ""MOLINARI"", ""MAZA"", ""CULQUIMBOZ"", ""PINEDO""]","{""QUISPE"": 30, ""GARCIA"": 23, ""LOPEZ"": 21, ""SANCHEZ"": 19, ""MENDOZA"": 18, ""VARGAS"": 18, ""ESPINOZA"": 17, ""DIAZ"": 17, ""RODRIGUEZ"": 17, ""MAMANI"": 15}"
municipalidades_2022,P10_3,large_string,text,1874,0,0.0,0,0.0,0,0.0,1874,980,52.2946,media_alta,3,16,6.6099,0,0.0,,,,,,,,,0.0,,,,"[""PUERTA"", ""TRAUCO"", ""SANCHEZ"", ""HUAMAN"", ""SOPLA""]","{""QUISPE"": 33, ""ROJAS"": 23, ""PEREZ"": 19, ""SANCHEZ"": 19, ""HUAMAN"": 19, ""GARCIA"": 19, ""GUTIERREZ"": 19, ""MENDOZA"": 18, ""CHAVEZ"": 18, ""FLORES"": 18}"
municipalidades_2022,P10_4,large_string,integer,1874,0,0.0,0,0.0,0,0.0,1874,2,0.1067,baja_categorica,1,1,1.0,1874,100.0,1.0,2.0,1.9397,2.0,2.0,0.0,,,0.0,,,,"[""2"", ""1""]","{""2"": 1761, ""1"": 113}"
municipalidades_2022,VFI_P11A,large_string,categorical_indicator,1874,0,0.0,0,0.0,0,0.0,1874,1,0.0534,baja_categorica,1,1,1.0,1874,100.0,1.0,1.0,1.0,1.0,1.0,0.0,,,0.0,,,,"[""1""]","{""1"": 1874}"
municipalidades_2022,P11A_1,large_string,integer,1874,0,0.0,0,0.0,0,0.0,1874,2,0.1067,baja_categorica,1,1,1.0,1874,100.0,1.0,2.0,1.1894,1.0,1.0,0.0,,,0.0,,,,"[""1"", ""2""]","{""1"": 1519, ""2"": 355}"
municipalidades_2022,P11A_1_1,large_string,integer,1874,0,0.0,355,18.9434,355,18.9434,1519,56,2.9883,baja_categorica,1,3,1.0849,1519,100.0,0.0,222.0,4.1606,1.0,3.0,2.0,176,11.5866,0.0,,,,"[""9"", ""1"", ""0"", ""2"", ""3""]","{""1"": 582, ""2"": 315, ""3"": 159, ""0"": 132, ""4"": 82, ""6"": 37, ""5"": 36, ""10"": 22, ""8"": 20, ""7"": 19}"
municipalidades_2022,P11A_1_2,large_string,integer,1874,0,0.0,355,18.9434,355,18.9434,1519,24,1.2807,baja_categorica,1,2,1.0171,1519,100.0,0.0,82.0,1.2548,0.0,1.0,1.0,174,11.4549,0.0,,,,"[""1"", ""4"", ""0"", ""3"", ""2""]","{""0"": 768, ""1"": 409, ""2"": 168, ""3"": 71, ""4"": 36, ""5"": 18, ""6"": 8, ""7"": 8, ""8"": 6, ""11"": 4}"
municipalidades_2022,P11A_2,large_string,integer,1874,0,0.0,0,0.0,0,0.0,1874,2,0.1067,baja_categorica,1,1,1.0,1874,100.0,1.0,2.0,1.1841,1.0,1.0,0.0,,,0.0,,,,"[""1"", ""2""]","{""1"": 1529, ""2"": 345}"
municipalidades_2022,P11A_2_1,large_string,integer,1874,0,0.0,345,18.4098,345,18.4098,1529,64,3.4152,baja_categorica,1,3,1.1727,1529,100.0,0.0,197.0,6.5003,1.0,6.0,5.0,169,11.053,0.0,,,,"[""18"", ""1"", ""0"", ""2"", ""4""]","{""1"": 348, ""2"": 290, ""3"": 152, ""4"": 128, ""0"": 108, ""5"": 82, ""6"": 65, ""7"": 39, ""10"": 37, ""9"": 31}"
municipalidades_2022,P11A_2_2,large_string,integer,1874,0,0.0,345,18.4098,345,18.4098,1529,37,1.9744,baja_categorica,1,2,1.0556,1529,100.0,0.0,61.0,2.3846,0.0,3.0,3.0,113,7.3905,0.0,,,,"[""2"", ""0"", ""1"", ""4"", ""7""]","{""0"": 705, ""1"": 255, ""2"": 182, ""3"": 91, ""4"": 74, ""5"": 52, ""6"": 29, ""7"": 28, ""8"": 20, ""10"": 16}"
municipalidades_2022,P11A_3,large_string,integer,1874,0,0.0,0,0.0,0,0.0,1874,2,0.1067,baja_categorica,1,1,1.0,1874,100.0,1.0,2.0,1.8533,2.0,2.0,0.0,,,0.0,,,,"[""2"", ""1""]","{""2"": 1599, ""1"": 275}"
municipalidades_2022,P11A_3_1,large_string,integer,1874,0,0.0,1599,85.3255,1599,85.3255,275,7,0.3735,baja_categorica,1,1,1.0,275,100.0,0.0,7.0,1.0618,1.0,1.0,0.0,,,0.0,,,,"[""1"", ""2"", ""0"", ""3"", ""7""]","{""1"": 193, ""0"": 43, ""2"": 27, ""3"": 7, ""4"": 3, ""7"": 1, ""5"": 1}"
municipalidades_2022,P11A_3_2,large_string,integer,1874,0,0.0,1599,85.3255,1599,85.3255,275,5,0.2668,baja_categorica,1,1,1.0,275,100.0,0.0,4.0,0.3055,0.0,0.0,0.0,,,0.0,,,,"[""0"", ""1"", ""2"", ""4"", ""3""]","{""0"": 212, ""1"": 46, ""2"": 14, ""3"": 2, ""4"": 1}"
municipalidades_2022,P11A_4,large_string,integer,1874,0,0.0,0,0.0,0,0.0,1874,2,0.1067,baja_categorica,1,1,1.0,1874,100.0,1.0,2.0,1.3047,1.0,2.0,1.0,0,0.0,0.0,,,,"[""1"", ""2""]","{""1"": 1303, ""2"": 571}"
municipalidades_2022,P11A_4_1,large_string,integer,1874,0,0.0,571,30.4696,571,30.4696,1303,17,0.9072,baja_categorica,1,2,1.01,1303,100.0,0.0,20.0,1.6969,1.0,2.0,1.0,112,8.5955,0.0,,,,"[""2"", ""0"", ""1"", ""3"", ""6""]","{""1"": 693, ""2"": 272, ""0"": 132, ""3"": 94, ""4"": 46, ""5"": 24, ""6"": 14, ""7"": 7, ""9"": 5, ""13"": 4}"
municipalidades_2022,P11A_4_2,large_string,integer,1874,0,0.0,571,30.4696,571,30.4696,1303,9,0.4803,baja_categorica,1,1,1.0,1303,100.0,0.0,8.0,0.5756,0.0,1.0,1.0,68,5.2187,0.0,,,,"[""1"", ""0"", ""2"", ""3"", ""4""]","{""0"": 832, ""1"": 310, ""2"": 93, ""3"": 42, ""4"": 15, ""5"": 5, ""8"": 3, ""6"": 2, ""7"": 1}"
municipalidades_2022,P11A_5,large_string,integer,1874,0,0.0,0,0.0,0,0.0,1874,2,0.1067,baja_categorica,1,1,1.0,1874,100.0,1.0,2.0,1.5331,1.0,2.0,1.0,0,0.0,0.0,,,,"[""1"", ""2""]","{""2"": 999, ""1"": 875}"
municipalidades_2022,P11A_5_1,large_string,integer,1874,0,0.0,999,53.3084,999,53.3084,875,23,1.2273,baja_categorica,1,2,1.0343,875,100.0,0.0,46.0,2.1097,1.0,2.0,1.0,113,12.9143,0.0,,,,"[""5"", ""1"", ""2"", ""3"", ""4""]","{""1"": 567, ""2"": 122, ""0"": 37, ""3"": 36, ""4"": 32, ""5"": 15, ""6"": 14, ""8"": 9, ""7"": 8, ""11"": 7}"
municipalidades_2022,P11A_5_2,large_string,integer,1874,0,0.0,999,53.3084,999,53.3084,875,12,0.6403,baja_categorica,1,2,1.0034,875,100.0,0.0,32.0,0.4446,0.0,0.0,0.0,,,0.0,,,,"[""0"", ""1"", ""3"", ""2"", ""8""]","{""0"": 702, ""1"": 103, ""2"": 36, ""3"": 13, ""8"": 5, ""4"": 5, ""5"": 3, ""6"": 3, ""7"": 2, ""15"": 1}"
municipalidades_2022,P11A_6,large_string,integer,1874,0,0.0,0,0.0,0,0.0,1874,2,0.1067,baja_categorica,1,1,1.0,1874,100.0,1.0,2.0,1.7679,2.0,2.0,0.0,,,0.0,,,,"[""2"", ""1""]","{""2"": 1439, ""1"": 435}"
municipalidades_2022,P11A_6_1,large_string,integer,1874,0,0.0,1439,76.7876,1439,76.7876,435,10,0.5336,baja_categorica,1,2,1.0046,435,100.0,0.0,13.0,1.5287,1.0,2.0,1.0,34,7.8161,0.0,,,,"[""2"", ""1"", ""3"", ""0"", ""5""]","{""1"": 260, ""2"": 72, ""0"": 43, ""3"": 26, ""5"": 13, ""4"": 13, ""7"": 5, ""10"": 1, ""8"": 1, ""13"": 1}"
municipalidades_2022,P11A_6_2,large_string,integer,1874,0,0.0,1439,76.7876,1439,76.7876,435,7,0.3735,baja_categorica,1,1,1.0,435,100.0,0.0,7.0,0.3494,0.0,0.5,0.5,26,5.977,0.0,,,,"[""0"", ""2"", ""1"", ""3"", ""7""]","{""0"": 326, ""1"": 83, ""2"": 18, ""3"": 3, ""4"": 3, ""7"": 1, ""5"": 1}"
municipalidades_2022,P11A_7,large_string,integer,1874,0,0.0,0,0.0,0,0.0,1874,2,0.1067,baja_categorica,1,1,1.0,1874,100.0,1.0,2.0,1.6681,1.0,2.0,1.0,0,0.0,0.0,,,,"[""1"", ""2""]","{""2"": 1252, ""1"": 622}"
municipalidades_2022,P11A_7_1,large_string,integer,1874,0,0.0,1252,66.809,1252,66.809,622,19,1.0139,baja_categorica,1,2,1.0273,622,100.0,0.0,24.0,1.7315,1.0,2.0,1.0,62,9.9678,0.0,,,,"[""4"", ""2"", ""0"", ""1"", ""3""]","{""1"": 362, ""0"": 102, ""2"": 72, ""3"": 24, ""4"": 19, ""6"": 8, ""9"": 7, ""5"": 6, ""10"": 5, ""7"": 4}"
municipalidades_2022,P11A_7_2,large_string,integer,1874,0,0.0,1252,66.809,1252,66.809,622,10,0.5336,baja_categorica,1,2,1.0032,622,100.0,0.0,10.0,0.5225,0.0,1.0,1.0,19,3.0547,0.0,,,,"[""0"", ""1"", ""2"", ""3"", ""9""]","{""0"": 426, ""1"": 131, ""2"": 46, ""3"": 7, ""4"": 4, ""8"": 2, ""7"": 2, ""10"": 2, ""9"": 1, ""6"": 1}"
municipalidades_2022,P11A_8,large_string,integer,1874,0,0.0,0,0.0,0,0.0,1874,2,0.1067,baja_categorica,1,1,1.0,1874,100.0,1.0,2.0,1.7385,1.0,2.0,1.0,0,0.0,0.0,,,,"[""2"", ""1""]","{""2"": 1384, ""1"": 490}"
municipalidades_2022,P11A_8_1,large_string,integer,1874,0,0.0,1384,73.8527,1384,73.8527,490,18,0.9605,baja_categorica,1,2,1.0265,490,100.0,0.0,35.0,1.702,1.0,2.0,1.0,29,5.9184,0.0,,,,"[""2"", ""1"", ""0"", ""11"", ""3""]","{""1"": 283, ""0"": 83, ""2"": 70, ""3"": 25, ""5"": 4, ""8"": 4, ""10"": 3, ""4"": 3, ""7"": 3, ""6"": 2}"
municipalidades_2022,P11A_8_2,large_string,integer,1874,0,0.0,1384,73.8527,1384,73.8527,490,8,0.4269,baja_categorica,1,2,1.002,490,100.0,0.0,19.0,0.5367,0.0,1.0,1.0,18,3.6735,0.0,,,,"[""0"", ""1"", ""2"", ""3"", ""4""]","{""0"": 332, ""1"": 104, ""2"": 36, ""4"": 7, ""3"": 6, ""5"": 3, ""19"": 1, ""7"": 1}"
municipalidades_2022,P11A_9,large_string,integer,1874,0,0.0,0,0.0,0,0.0,1874,2,0.1067,baja_categorica,1,1,1.0,1874,100.0,1.0,2.0,1.9456,2.0,2.0,0.0,,,0.0,,,,"[""2"", ""1""]","{""2"": 1772, ""1"": 102}"
municipalidades_2022,P11A_9_1,large_string,integer,1874,0,0.0,1772,94.5571,1772,94.5571,102,20,1.0672,baja_categorica,1,3,1.1863,102,100.0,0.0,426.0,9.0294,1.0,6.0,5.0,14,13.7255,0.0,,,,"[""2"", ""0"", ""6"", ""4"", ""1""]","{""1"": 23, ""0"": 23, ""2"": 16, ""8"": 7, ""6"": 5, ""4"": 5, ""3"": 4, ""10"": 4, ""20"": 2, ""28"": 2}"
municipalidades_2022,P11A_9_2,large_string,integer,1874,0,0.0,1772,94.5571,1772,94.5571,102,8,0.4269,baja_categorica,1,2,1.0196,102,100.0,0.0,20.0,0.8824,0.0,1.0,1.0,5,4.902,0.0,,,,"[""0"", ""1"", ""2"", ""3"", ""20""]","{""0"": 68, ""1"": 16, ""2"": 13, ""3"": 1, ""20"": 1, ""15"": 1, ""4"": 1, ""6"": 1}"
municipalidades_2022,P11A_10,large_string,integer,1874,0,0.0,0,0.0,0,0.0,1874,2,0.1067,baja_categorica,1,1,1.0,1874,100.0,1.0,2.0,1.682,1.0,2.0,1.0,0,0.0,0.0,,,,"[""2"", ""1""]","{""2"": 1278, ""1"": 596}"
municipalidades_2022,P11A_10_1,large_string,integer,1874,0,0.0,1278,68.1964,1278,68.1964,596,22,1.174,baja_categorica,1,2,1.0369,596,100.0,0.0,27.0,2.0252,1.0,2.0,1.0,78,13.0872,0.0,,,,"[""1"", ""0"", ""2"", ""4"", ""3""]","{""1"": 336, ""0"": 79, ""2"": 78, ""3"": 25, ""4"": 16, ""5"": 13, ""6"": 13, ""10"": 6, ""7"": 6, ""9"": 4}"
municipalidades_2022,P11A_10_2,large_string,integer,1874,0,0.0,1278,68.1964,1278,68.1964,596,15,0.8004,baja_categorica,1,2,1.0117,596,100.0,0.0,18.0,0.7265,0.0,1.0,1.0,41,6.8792,0.0,,,,"[""0"", ""1"", ""4"", ""2"", ""6""]","{""0"": 410, ""1"": 114, ""2"": 31, ""4"": 13, ""3"": 8, ""5"": 6, ""6"": 3, ""7"": 3, ""18"": 2, ""15"": 1}"
municipalidades_2022,P11A_10_O,large_string,categorical_text,1874,0,0.0,1278,68.1964,1278,68.1964,596,13,0.6937,baja_categorica,9,43,24.8792,0,0.0,,,,,,,,,0.0,,,,"[""COMBI (HASTA 15 ASIENTOS)"", ""TRIMOTO Y/O MOTOTAXY"", ""FURGONETA Y/O VAN"", ""MOTOFURGONETA Y/O MOTOCARGA"", ""COMPRESORA DE AIRE""]","{""MOTOFURGONETA Y/O MOTOCARGA"": 235, ""TRIMOTO Y/O MOTOTAXY"": 103, ""FURGONETA Y/O VAN"": 52, ""MINIVAN Y/O MINIBUS (ENTRE 8 Y 11 ASIENTOS)"": 43, ""COMBI (HASTA 15 ASIENTOS)"": 35, ""OMNIBUS ENTRE 40 Y 50 ASIENTOS"": 34, ""COUSTER (ENTRE 26 Y 30 ASIENTOS)"": 26, ""COMPRESORA DE AIRE"": 21, ""CUATRIMOTO"": 21, ""MOTOBOMBA DE AGUA"": 16}"
municipalidades_2022,VFI_P11B,large_string,categorical_indicator,1874,0,0.0,0,0.0,0,0.0,1874,1,0.0534,baja_categorica,1,1,1.0,1874,100.0,1.0,1.0,1.0,1.0,1.0,0.0,,,0.0,,,,"[""1""]","{""1"": 1874}"
municipalidades_2022,P11B_11,large_string,integer,1874,0,0.0,0,0.0,0,0.0,1874,2,0.1067,baja_categorica,1,1,1.0,1874,100.0,1.0,2.0,1.8298,2.0,2.0,0.0,,,0.0,,,,"[""1"", ""2""]","{""2"": 1555, ""1"": 319}"
municipalidades_2022,P11B_11_1,large_string,integer,1874,0,0.0,1555,82.9776,1555,82.9776,319,6,0.3202,baja_categorica,1,1,1.0,319,100.0,0.0,7.0,0.9937,1.0,1.0,0.0,,,0.0,,,,"[""1"", ""2"", ""0"", ""4"", ""3""]","{""1"": 239, ""0"": 47, ""2"": 28, ""4"": 3, ""3"": 1, ""7"": 1}"
municipalidades_2022,P11B_11_2,large_string,integer,1874,0,0.0,1555,82.9776,1555,82.9776,319,3,0.1601,baja_categorica,1,1,1.0,319,100.0,0.0,2.0,0.2288,0.0,0.0,0.0,,,0.0,,,,"[""0"", ""1"", ""2""]","{""0"": 256, ""1"": 53, ""2"": 10}"
municipalidades_2022,P11B_12,large_string,integer,1874,0,0.0,0,0.0,0,0.0,1874,2,0.1067,baja_categorica,1,1,1.0,1874,100.0,1.0,2.0,1.6366,1.0,2.0,1.0,0,0.0,0.0,,,,"[""1"", ""2""]","{""2"": 1193, ""1"": 681}"
municipalidades_2022,P11B_12_1,large_string,integer,1874,0,0.0,1193,63.6606,1193,63.6606,681,7,0.3735,baja_categorica,1,1,1.0,681,100.0,0.0,9.0,0.953,1.0,1.0,0.0,,,0.0,,,,"[""1"", ""0"", ""2"", ""3"", ""4""]","{""1"": 525, ""0"": 103, ""2"": 46, ""3"": 4, ""4"": 1, ""7"": 1, ""9"": 1}"
municipalidades_2022,P11B_12_2,large_string,integer,1874,0,0.0,1193,63.6606,1193,63.6606,681,3,0.1601,baja_categorica,1,1,1.0,681,100.0,0.0,2.0,0.2408,0.0,0.0,0.0,,,0.0,,,,"[""0"", ""1"", ""2""]","{""0"": 531, ""1"": 136, ""2"": 14}"
municipalidades_2022,P11B_13,large_string,integer,1874,0,0.0,0,0.0,0,0.0,1874,2,0.1067,baja_categorica,1,1,1.0,1874,100.0,1.0,2.0,1.6958,1.0,2.0,1.0,0,0.0,0.0,,,,"[""1"", ""2""]","{""2"": 1304, ""1"": 570}"
municipalidades_2022,P11B_13_1,large_string,integer,1874,0,0.0,1304,69.5838,1304,69.5838,570,6,0.3202,baja_categorica,1,1,1.0,570,100.0,0.0,5.0,1.0421,1.0,1.0,0.0,,,0.0,,,,"[""1"", ""2"", ""0"", ""3"", ""5""]","{""1"": 418, ""0"": 78, ""2"": 55, ""3"": 12, ""4"": 5, ""5"": 2}"
municipalidades_2022,P11B_13_2,large_string,integer,1874,0,0.0,1304,69.5838,1304,69.5838,570,4,0.2134,baja_categorica,1,1,1.0,570,100.0,0.0,3.0,0.2667,0.0,0.0,0.0,,,0.0,,,,"[""0"", ""1"", ""2"", ""3""]","{""0"": 437, ""1"": 115, ""2"": 17, ""3"": 1}"
municipalidades_2022,P11B_14,large_string,integer,1874,0,0.0,0,0.0,0,0.0,1874,2,0.1067,baja_categorica,1,1,1.0,1874,100.0,1.0,2.0,1.5229,1.0,2.0,1.0,0,0.0,0.0,,,,"[""1"", ""2""]","{""2"": 980, ""1"": 894}"
municipalidades_2022,P11B_14_1,large_string,integer,1874,0,0.0,980,52.2946,980,52.2946,894,8,0.4269,baja_categorica,1,1,1.0,894,100.0,0.0,9.0,0.9899,1.0,1.0,0.0,,,0.0,,,,"[""2"", ""1"", ""0"", ""3"", ""9""]","{""1"": 626, ""0"": 163, ""2"": 84, ""3"": 10, ""4"": 7, ""9"": 2, ""8"": 1, ""7"": 1}"
municipalidades_2022,P11B_14_2,large_string,integer,1874,0,0.0,980,52.2946,980,52.2946,894,6,0.3202,baja_categorica,1,2,1.0011,894,100.0,0.0,12.0,0.3579,0.0,1.0,1.0,8,0.8949,0.0,,,,"[""0"", ""1"", ""2"", ""3"", ""12""]","{""0"": 623, ""1"": 241, ""2"": 22, ""3"": 6, ""12"": 1, ""5"": 1}"
municipalidades_2022,P11B_15,large_string,integer,1874,0,0.0,0,0.0,0,0.0,1874,2,0.1067,baja_categorica,1,1,1.0,1874,100.0,1.0,2.0,1.6345,1.0,2.0,1.0,0,0.0,0.0,,,,"[""1"", ""2""]","{""2"": 1189, ""1"": 685}"
municipalidades_2022,P11B_15_1,large_string,integer,1874,0,0.0,1189,63.4472,1189,63.4472,685,7,0.3735,baja_categorica,1,2,1.0015,685,100.0,0.0,17.0,1.0175,1.0,1.0,0.0,,,0.0,,,,"[""0"", ""2"", ""1"", ""4"", ""3""]","{""1"": 452, ""0"": 135, ""2"": 74, ""3"": 15, ""4"": 5, ""5"": 3, ""17"": 1}"
municipalidades_2022,P11B_15_2,large_string,integer,1874,0,0.0,1189,63.4472,1189,63.4472,685,5,0.2668,baja_categorica,1,1,1.0,685,100.0,0.0,4.0,0.3781,0.0,1.0,1.0,6,0.8759,0.0,,,,"[""1"", ""0"", ""2"", ""3"", ""4""]","{""0"": 470, ""1"": 178, ""2"": 31, ""3"": 5, ""4"": 1}"
municipalidades_2022,P11B_16,large_string,integer,1874,0,0.0,0,0.0,0,0.0,1874,2,0.1067,baja_categorica,1,1,1.0,1874,100.0,1.0,2.0,1.7524,2.0,2.0,0.0,,,0.0,,,,"[""2"", ""1""]","{""2"": 1410, ""1"": 464}"
municipalidades_2022,P11B_16_1,large_string,integer,1874,0,0.0,1410,75.2401,1410,75.2401,464,19,1.0139,baja_categorica,1,2,1.028,464,100.0,0.0,23.0,1.8815,1.0,2.0,1.0,62,13.3621,0.0,,,,"[""0"", ""2"", ""1"", ""11"", ""4""]","{""1"": 219, ""0"": 96, ""2"": 65, ""3"": 22, ""4"": 19, ""5"": 10, ""8"": 8, ""6"": 6, ""9"": 3, ""7"": 3}"
municipalidades_2022,P11B_16_2,large_string,integer,1874,0,0.0,1410,75.2401,1410,75.2401,464,9,0.4803,baja_categorica,1,1,1.0,464,100.0,0.0,8.0,0.7198,0.0,1.0,1.0,30,6.4655,0.0,,,,"[""1"", ""0"", ""2"", ""4"", ""3""]","{""0"": 275, ""1"": 119, ""2"": 40, ""3"": 10, ""4"": 9, ""6"": 5, ""7"": 3, ""5"": 2, ""8"": 1}"
municipalidades_2022,P11B_17,large_string,integer,1874,0,0.0,0,0.0,0,0.0,1874,2,0.1067,baja_categorica,1,1,1.0,1874,100.0,1.0,2.0,1.7935,2.0,2.0,0.0,,,0.0,,,,"[""1"", ""2""]","{""2"": 1487, ""1"": 387}"
municipalidades_2022,P11B_17_1,large_string,integer,1874,0,0.0,1487,79.349,1487,79.349,387,10,0.5336,baja_categorica,1,2,1.0078,387,100.0,0.0,21.0,1.2222,1.0,1.0,0.0,,,0.0,,,,"[""0"", ""2"", ""1"", ""21"", ""3""]","{""1"": 273, ""0"": 56, ""2"": 33, ""4"": 9, ""3"": 8, ""6"": 3, ""5"": 2, ""21"": 1, ""12"": 1, ""13"": 1}"
municipalidades_2022,P11B_17_2,large_string,integer,1874,0,0.0,1487,79.349,1487,79.349,387,7,0.3735,baja_categorica,1,2,1.0026,387,100.0,0.0,14.0,0.3566,0.0,0.0,0.0,,,0.0,,,,"[""1"", ""0"", ""2"", ""6"", ""3""]","{""0"": 297, ""1"": 67, ""2"": 16, ""3"": 3, ""5"": 2, ""6"": 1, ""14"": 1}"
municipalidades_2022,P11B_18,large_string,integer,1874,0,0.0,0,0.0,0,0.0,1874,2,0.1067,baja_categorica,1,1,1.0,1874,100.0,1.0,2.0,1.9082,2.0,2.0,0.0,,,0.0,,,,"[""2"", ""1""]","{""2"": 1702, ""1"": 172}"
municipalidades_2022,P11B_18_1,large_string,integer,1874,0,0.0,1702,90.8218,1702,90.8218,172,8,0.4269,baja_categorica,1,1,1.0,172,100.0,0.0,7.0,1.3488,1.0,2.0,1.0,8,4.6512,0.0,,,,"[""1"", ""2"", ""0"", ""3"", ""4""]","{""1"": 110, ""2"": 30, ""0"": 18, ""3"": 6, ""4"": 2, ""7"": 2, ""6"": 2, ""5"": 2}"
municipalidades_2022,P11B_18_2,large_string,integer,1874,0,0.0,1702,90.8218,1702,90.8218,172,7,0.3735,baja_categorica,1,2,1.0058,172,100.0,0.0,25.0,0.5581,0.0,1.0,1.0,4,2.3256,0.0,,,,"[""0"", ""1"", ""2"", ""8"", ""3""]","{""0"": 126, ""1"": 28, ""2"": 14, ""8"": 1, ""3"": 1, ""4"": 1, ""25"": 1}"
municipalidades_2022,P11B_18_O,large_string,categorical_text,1874,0,0.0,1702,90.8218,1702,90.8218,172,9,0.4803,baja_categorica,11,50,23.9128,0,0.0,,,,,,,,,0.0,,,,"[""COMPACTADORA MANUAL PARA SUELO CON PLACA VIBRADORA"", ""MINICARGADOR FRONTAL"", ""MINIEXCAVADORA"", ""TROMPO MEZCLADOR DE CONCRETO"", ""MARTILLO HIDRAULICO""]","{""MINICARGADOR FRONTAL"": 85, ""TROMPO MEZCLADOR DE CONCRETO"": 57, ""COMPACTADORA MANUAL PARA SUELO CON PLACA VIBRADORA"": 10, ""MINIEXCAVADORA"": 6, ""MARTILLO HIDRAULICO"": 5, ""ASFALTADORA"": 4, ""CAMION GRUA / GRUA"": 2, ""MINIRETROEXCAVADORA"": 2, ""TRACTOR CORTA CESPED"": 1}"
municipalidades_2022,VFI_P12,large_string,categorical_indicator,1874,0,0.0,0,0.0,0,0.0,1874,1,0.0534,baja_categorica,1,1,1.0,1874,100.0,1.0,1.0,1.0,1.0,1.0,0.0,,,0.0,,,,"[""1""]","{""1"": 1874}"
municipalidades_2022,P12_1,large_string,integer,1874,0,0.0,0,0.0,0,0.0,1874,2,0.1067,baja_categorica,1,1,1.0,1874,100.0,1.0,2.0,1.6745,1.0,2.0,1.0,0,0.0,0.0,,,,"[""1"", ""2""]","{""2"": 1264, ""1"": 610}"
municipalidades_2022,P12A_1,large_string,integer,1874,0,0.0,1264,67.4493,1264,67.4493,610,30,1.6009,baja_categorica,1,3,1.0672,610,100.0,1.0,421.0,3.9066,1.0,2.0,1.0,95,15.5738,0.0,,,,"[""1"", ""2"", ""3"", ""4"", ""21""]","{""1"": 400, ""2"": 84, ""3"": 31, ""4"": 20, ""5"": 10, ""8"": 8, ""7"": 7, ""10"": 6, ""6"": 6, ""9"": 5}"
municipalidades_2022,P12_2,large_string,integer,1874,0,0.0,0,0.0,0,0.0,1874,2,0.1067,baja_categorica,1,1,1.0,1874,100.0,1.0,2.0,1.4338,1.0,2.0,1.0,0,0.0,0.0,,,,"[""1"", ""2""]","{""1"": 1061, ""2"": 813}"
municipalidades_2022,P12A_2,large_string,integer,1874,0,0.0,813,43.3831,813,43.3831,1061,68,3.6286,baja_categorica,1,4,1.1565,1061,100.0,1.0,1906.0,9.4204,1.0,3.0,2.0,181,17.0594,0.0,,,,"[""2"", ""1"", ""7"", ""3"", ""18""]","{""1"": 571, ""2"": 204, ""3"": 53, ""6"": 24, ""10"": 23, ""5"": 19, ""8"": 11, ""7"": 10, ""12"": 9, ""18"": 9}"
municipalidades_2022,VFI_P13,large_string,categorical_indicator,1874,0,0.0,0,0.0,0,0.0,1874,1,0.0534,baja_categorica,1,1,1.0,1874,100.0,1.0,1.0,1.0,1.0,1.0,0.0,,,0.0,,,,"[""1""]","{""1"": 1874}"
municipalidades_2022,P13_1,large_string,integer,1874,0,0.0,0,0.0,0,0.0,1874,2,0.1067,baja_categorica,1,1,1.0,1874,100.0,1.0,2.0,1.6788,1.0,2.0,1.0,0,0.0,0.0,,,,"[""2"", ""1""]","{""2"": 1272, ""1"": 602}"
municipalidades_2022,P13A_1,large_string,integer,1874,0,0.0,1272,67.8762,1272,67.8762,602,35,1.8677,baja_categorica,1,3,1.1545,602,100.0,1.0,496.0,6.3189,2.0,7.0,5.0,42,6.9767,0.0,,,,"[""1"", ""7"", ""3"", ""2"", ""5""]","{""1"": 134, ""2"": 91, ""3"": 78, ""4"": 63, ""5"": 46, ""6"": 36, ""7"": 28, ""8"": 22, ""10"": 20, ""9"": 12}"
municipalidades_2022,P13_2,large_string,integer,1874,0,0.0,0,0.0,0,0.0,1874,2,0.1067,baja_categorica,1,1,1.0,1874,100.0,1.0,2.0,1.7668,2.0,2.0,0.0,,,0.0,,,,"[""2"", ""1""]","{""2"": 1437, ""1"": 437}"
municipalidades_2022,P13A_2,large_string,integer,1874,0,0.0,1437,76.6809,1437,76.6809,437,27,1.4408,baja_categorica,1,2,1.1076,437,100.0,1.0,70.0,4.3524,1.0,4.0,3.0,51,11.6705,0.0,,,,"[""1"", ""3"", ""6"", ""4"", ""2""]","{""1"": 136, ""2"": 93, ""3"": 56, ""4"": 43, ""6"": 26, ""5"": 18, ""7"": 11, ""10"": 10, ""11"": 7, ""12"": 6}"
municipalidades_2022,P13_3,large_string,integer,1874,0,0.0,0,0.0,0,0.0,1874,2,0.1067,baja_categorica,1,1,1.0,1874,100.0,1.0,2.0,1.6233,1.0,2.0,1.0,0,0.0,0.0,,,,"[""1"", ""2""]","{""2"": 1168, ""1"": 706}"
municipalidades_2022,P13A_3,large_string,integer,1874,0,0.0,1168,62.3266,1168,62.3266,706,63,3.3618,baja_categorica,1,3,1.2422,706,100.0,1.0,301.0,10.1218,2.0,8.0,6.0,83,11.7564,0.0,,,,"[""2"", ""1"", ""4"", ""3"", ""44""]","{""1"": 141, ""2"": 133, ""3"": 83, ""5"": 55, ""4"": 48, ""6"": 29, ""8"": 23, ""10"": 21, ""7"": 19, ""12"": 14}"
municipalidades_2022,P13_4,large_string,integer,1874,0,0.0,0,0.0,0,0.0,1874,2,0.1067,baja_categorica,1,1,1.0,1874,100.0,1.0,2.0,1.7882,2.0,2.0,0.0,,,0.0,,,,"[""1"", ""2""]","{""2"": 1477, ""1"": 397}"
municipalidades_2022,P13A_4,large_string,integer,1874,0,0.0,1477,78.8154,1477,78.8154,397,33,1.7609,baja_categorica,1,2,1.1688,397,100.0,1.0,49.0,5.4207,1.0,6.0,5.0,39,9.8237,0.0,,,,"[""1"", ""2"", ""6"", ""3"", ""18""]","{""1"": 112, ""2"": 81, ""3"": 42, ""5"": 27, ""4"": 26, ""6"": 16, ""10"": 13, ""7"": 12, ""15"": 9, ""8"": 9}"
municipalidades_2022,P13_5,large_string,integer,1874,0,0.0,0,0.0,0,0.0,1874,2,0.1067,baja_categorica,1,1,1.0,1874,100.0,1.0,2.0,1.2236,1.0,1.0,0.0,,,0.0,,,,"[""1"", ""2""]","{""1"": 1455, ""2"": 419}"
municipalidades_2022,P13A_5,large_string,integer,1874,0,0.0,419,22.3586,419,22.3586,1455,86,4.5891,baja_categorica,1,3,1.3677,1455,100.0,1.0,287.0,12.7711,3.0,14.0,11.0,130,8.9347,0.0,,,,"[""34"", ""2"", ""1"", ""4"", ""3""]","{""3"": 155, ""2"": 144, ""1"": 143, ""5"": 125, ""4"": 107, ""8"": 73, ""6"": 71, ""7"": 65, ""10"": 58, ""9"": 51}"
municipalidades_2022,P13_6,large_string,integer,1874,0,0.0,0,0.0,0,0.0,1874,2,0.1067,baja_categorica,1,1,1.0,1874,100.0,1.0,2.0,1.1958,1.0,1.0,0.0,,,0.0,,,,"[""1"", ""2""]","{""1"": 1507, ""2"": 367}"
municipalidades_2022,P13A_6,large_string,integer,1874,0,0.0,367,19.5838,367,19.5838,1507,137,7.3106,media,1,3,1.4791,1507,100.0,1.0,610.0,21.4147,3.0,20.0,17.0,167,11.0816,0.0,,,,"[""75"", ""1"", ""5"", ""2"", ""4""]","{""2"": 153, ""1"": 148, ""5"": 106, ""3"": 105, ""4"": 99, ""8"": 71, ""6"": 71, ""10"": 69, ""7"": 54, ""9"": 39}"
municipalidades_2022,P13_7,large_string,integer,1874,0,0.0,0,0.0,0,0.0,1874,2,0.1067,baja_categorica,1,1,1.0,1874,100.0,1.0,2.0,1.31,1.0,2.0,1.0,0,0.0,0.0,,,,"[""1"", ""2""]","{""1"": 1293, ""2"": 581}"
municipalidades_2022,P13A_7,large_string,integer,1874,0,0.0,581,31.0032,581,31.0032,1293,122,6.5101,media,1,4,1.4145,1293,100.0,1.0,2192.0,20.6814,2.0,17.0,15.0,155,11.9876,0.0,,,,"[""50"", ""3"", ""4"", ""1"", ""2""]","{""1"": 187, ""2"": 144, ""3"": 106, ""4"": 95, ""5"": 82, ""7"": 55, ""6"": 53, ""8"": 52, ""10"": 50, ""9"": 27}"
municipalidades_2022,P13_8,large_string,integer,1874,0,0.0,0,0.0,0,0.0,1874,2,0.1067,baja_categorica,1,1,1.0,1874,100.0,1.0,2.0,1.7204,1.0,2.0,1.0,0,0.0,0.0,,,,"[""1"", ""2""]","{""2"": 1350, ""1"": 524}"
municipalidades_2022,P13A_8,large_string,integer,1874,0,0.0,1350,72.0384,1350,72.0384,524,37,1.9744,baja_categorica,1,2,1.1565,524,100.0,1.0,87.0,5.6221,1.0,6.0,5.0,40,7.6336,0.0,,,,"[""3"", ""1"", ""2"", ""8"", ""10""]","{""1"": 159, ""2"": 85, ""3"": 60, ""4"": 39, ""5"": 38, ""6"": 25, ""7"": 15, ""10"": 15, ""8"": 13, ""12"": 12}"
municipalidades_2022,P13_9,large_string,integer,1874,0,0.0,0,0.0,0,0.0,1874,2,0.1067,baja_categorica,1,1,1.0,1874,100.0,1.0,2.0,1.8661,2.0,2.0,0.0,,,0.0,,,,"[""2"", ""1""]","{""2"": 1623, ""1"": 251}"
municipalidades_2022,P13A_9,large_string,integer,1874,0,0.0,1623,86.6062,1623,86.6062,251,21,1.1206,baja_categorica,1,3,1.0876,251,100.0,1.0,158.0,5.0279,1.0,5.0,4.0,16,6.3745,0.0,,,,"[""3"", ""4"", ""2"", ""5"", ""8""]","{""1"": 93, ""2"": 41, ""3"": 28, ""4"": 18, ""5"": 13, ""6"": 12, ""8"": 11, ""7"": 8, ""9"": 7, ""12"": 4}"
municipalidades_2022,P13A_9_O,large_string,categorical_text,1874,0,0.0,1623,86.6062,1623,86.6062,251,5,0.2668,baja_categorica,7,13,9.6295,0,0.0,,,,,,,,,0.0,,,,"[""INTEL ATOM"", ""INTEL XEON"", ""INTEL GENUINE"", ""CORE I9"", ""OCTA CORE""]","{""INTEL XEON"": 149, ""CORE I9"": 47, ""INTEL ATOM"": 27, ""INTEL GENUINE"": 19, ""OCTA CORE"": 9}"
municipalidades_2022,VFI_P14,large_string,categorical_indicator,1874,0,0.0,0,0.0,0,0.0,1874,1,0.0534,baja_categorica,1,1,1.0,1874,100.0,1.0,1.0,1.0,1.0,1.0,0.0,,,0.0,,,,"[""1""]","{""1"": 1874}"
municipalidades_2022,P14,large_string,integer,1874,0,0.0,0,0.0,0,0.0,1874,2,0.1067,baja_categorica,1,1,1.0,1874,100.0,1.0,2.0,1.0406,1.0,1.0,0.0,,,0.0,,,,"[""1"", ""2""]","{""1"": 1798, ""2"": 76}"
municipalidades_2022,P14A_1,large_string,integer,1874,0,0.0,76,4.0555,76,4.0555,1798,241,12.8602,media,1,4,1.8437,1798,100.0,1.0,2974.0,50.3648,8.0,45.0,37.0,227,12.6251,0.0,,,,"[""165"", ""3"", ""2"", ""5"", ""7""]","{""6"": 76, ""7"": 75, ""5"": 74, ""10"": 69, ""12"": 65, ""4"": 62, ""8"": 59, ""9"": 59, ""13"": 56, ""3"": 54}"
municipalidades_2022,P14A_2,large_string,integer,1874,0,0.0,76,4.0555,76,4.0555,1798,5,0.2668,baja_categorica,1,1,1.0,1798,100.0,1.0,5.0,3.2291,1.0,5.0,4.0,0,0.0,0.0,,,,"[""5"", ""1"", ""4"", ""2"", ""3""]","{""5"": 622, ""1"": 494, ""4"": 310, ""3"": 218, ""2"": 154}"
municipalidades_2022,VFI_P15,large_string,categorical_indicator,1874,0,0.0,0,0.0,0,0.0,1874,1,0.0534,baja_categorica,1,1,1.0,1874,100.0,1.0,1.0,1.0,1.0,1.0,0.0,,,0.0,,,,"[""1""]","{""1"": 1874}"
municipalidades_2022,P15_1,large_string,integer,1874,0,0.0,0,0.0,0,0.0,1874,2,0.1067,baja_categorica,1,1,1.0,1874,100.0,1.0,2.0,1.318,1.0,2.0,1.0,0,0.0,0.0,,,,"[""1"", ""2""]","{""1"": 1278, ""2"": 596}"
municipalidades_2022,P15A_1,large_string,integer,1874,0,0.0,596,31.8036,596,31.8036,1278,31,1.6542,baja_categorica,1,2,1.0532,1278,100.0,1.0,67.0,2.9577,1.0,3.0,2.0,107,8.3725,0.0,,,,"[""3"", ""1"", ""2"", ""15"", ""4""]","{""1"": 618, ""2"": 282, ""3"": 130, ""4"": 68, ""5"": 45, ""6"": 28, ""10"": 19, ""8"": 19, ""7"": 12, ""9"": 8}"
municipalidades_2022,P15_2,large_string,integer,1874,0,0.0,0,0.0,0,0.0,1874,2,0.1067,baja_categorica,1,1,1.0,1874,100.0,1.0,2.0,1.6489,1.0,2.0,1.0,0,0.0,0.0,,,,"[""1"", ""2""]","{""2"": 1216, ""1"": 658}"
municipalidades_2022,P15A_2,large_string,integer,1874,0,0.0,1216,64.8879,1216,64.8879,658,25,1.334,baja_categorica,1,2,1.0608,658,100.0,1.0,96.0,3.345,1.0,3.0,2.0,65,9.8784,0.0,,,,"[""8"", ""1"", ""4"", ""3"", ""2""]","{""1"": 307, ""2"": 126, ""3"": 63, ""4"": 39, ""5"": 39, ""6"": 19, ""10"": 14, ""8"": 12, ""7"": 8, ""9"": 5}"
municipalidades_2022,P15_3,large_string,integer,1874,0,0.0,0,0.0,0,0.0,1874,2,0.1067,baja_categorica,1,1,1.0,1874,100.0,1.0,2.0,1.3127,1.0,2.0,1.0,0,0.0,0.0,,,,"[""1"", ""2""]","{""1"": 1288, ""2"": 586}"
municipalidades_2022,P15A_3,large_string,integer,1874,0,0.0,586,31.27,586,31.27,1288,86,4.5891,baja_categorica,1,3,1.3106,1288,100.0,1.0,436.0,11.5769,2.0,11.0,9.0,135,10.4814,0.0,,,,"[""12"", ""1"", ""2"", ""3"", ""22""]","{""2"": 183, ""1"": 179, ""3"": 134, ""5"": 118, ""4"": 115, ""10"": 59, ""6"": 58, ""7"": 48, ""8"": 43, ""9"": 27}"
municipalidades_2022,P15_4,large_string,integer,1874,0,0.0,0,0.0,0,0.0,1874,2,0.1067,baja_categorica,1,1,1.0,1874,100.0,1.0,2.0,1.0523,1.0,1.0,0.0,,,0.0,,,,"[""1"", ""2""]","{""1"": 1776, ""2"": 98}"
municipalidades_2022,P15A_4,large_string,integer,1874,0,0.0,98,5.2295,98,5.2295,1776,108,5.7631,media,1,3,1.4685,1776,100.0,1.0,445.0,16.353,4.0,19.0,15.0,149,8.3896,0.0,,,,"[""34"", ""1"", ""2"", ""4"", ""3""]","{""2"": 136, ""1"": 126, ""3"": 125, ""4"": 118, ""5"": 115, ""8"": 98, ""7"": 94, ""6"": 91, ""10"": 80, ""9"": 65}"
municipalidades_2022,P15_5,large_string,integer,1874,0,0.0,0,0.0,0,0.0,1874,2,0.1067,baja_categorica,1,1,1.0,1874,100.0,1.0,2.0,1.2204,1.0,1.0,0.0,,,0.0,,,,"[""1"", ""2""]","{""1"": 1461, ""2"": 413}"
municipalidades_2022,P15A_5,large_string,integer,1874,0,0.0,413,22.0384,413,22.0384,1461,32,1.7076,baja_categorica,1,3,1.0404,1461,100.0,1.0,224.0,2.6776,1.0,2.0,1.0,211,14.4422,0.0,,,,"[""10"", ""1"", ""2"", ""4"", ""3""]","{""1"": 880, ""2"": 268, ""3"": 102, ""4"": 56, ""5"": 42, ""6"": 25, ""7"": 13, ""8"": 12, ""10"": 11, ""12"": 8}"
municipalidades_2022,P15_6,large_string,integer,1874,0,0.0,0,0.0,0,0.0,1874,2,0.1067,baja_categorica,1,1,1.0,1874,100.0,1.0,2.0,1.8709,2.0,2.0,0.0,,,0.0,,,,"[""2"", ""1""]","{""2"": 1632, ""1"": 242}"
municipalidades_2022,P15A_6,large_string,integer,1874,0,0.0,1632,87.0864,1632,87.0864,242,19,1.0139,baja_categorica,1,2,1.0496,242,100.0,1.0,36.0,2.595,1.0,2.0,1.0,37,15.2893,0.0,,,,"[""1"", ""2"", ""3"", ""6"", ""7""]","{""1"": 151, ""2"": 40, ""3"": 14, ""4"": 12, ""5"": 5, ""6"": 4, ""10"": 3, ""7"": 2, ""24"": 1, ""19"": 1}"
municipalidades_2022,P15A_6_O,large_string,categorical_text,1874,0,0.0,1632,87.0864,1632,87.0864,242,4,0.2134,baja_categorica,7,26,10.219,0,0.0,,,,,,,,,0.0,,,,"[""IMPRESORA TERMICA"", ""LECTOR BIOMETRICO"", ""PLOTTER"", ""LECTOR DE CODIGO DE BARRAS""]","{""PLOTTER"": 165, ""LECTOR BIOMETRICO"": 42, ""IMPRESORA TERMICA"": 34, ""LECTOR DE CODIGO DE BARRAS"": 1}"
municipalidades_2022,VFI_P16,large_string,categorical_indicator,1874,0,0.0,0,0.0,0,0.0,1874,1,0.0534,baja_categorica,1,1,1.0,1874,100.0,1.0,1.0,1.0,1.0,1.0,0.0,,,0.0,,,,"[""1""]","{""1"": 1874}"
municipalidades_2022,P16_1,large_string,categorical_indicator,1874,0,0.0,0,0.0,0,0.0,1874,2,0.1067,baja_categorica,1,1,1.0,1874,100.0,0.0,1.0,0.0176,0.0,0.0,0.0,,,0.0,,,,"[""0"", ""1""]","{""0"": 1841, ""1"": 33}"
municipalidades_2022,P16_2,large_string,integer,1874,0,0.0,0,0.0,0,0.0,1874,2,0.1067,baja_categorica,1,1,1.0,1874,100.0,0.0,2.0,0.1697,0.0,0.0,0.0,,,0.0,,,,"[""2"", ""0""]","{""0"": 1715, ""2"": 159}"
municipalidades_2022,P16_3,large_string,integer,1874,0,0.0,0,0.0,0,0.0,1874,2,0.1067,baja_categorica,1,1,1.0,1874,100.0,0.0,3.0,1.3703,0.0,3.0,3.0,0,0.0,0.0,,,,"[""3"", ""0""]","{""0"": 1018, ""3"": 856}"
municipalidades_2022,P16_4,large_string,integer,1874,0,0.0,0,0.0,0,0.0,1874,1,0.0534,baja_categorica,1,1,1.0,1874,100.0,4.0,4.0,4.0,4.0,4.0,0.0,,,0.0,,,,"[""4""]","{""4"": 1874}"
municipalidades_2022,P16_5,large_string,integer,1874,0,0.0,0,0.0,0,0.0,1874,2,0.1067,baja_categorica,1,1,1.0,1874,100.0,0.0,5.0,0.683,0.0,0.0,0.0,,,0.0,,,,"[""5"", ""0""]","{""0"": 1618, ""5"": 256}"
municipalidades_2022,P16_6,large_string,integer,1874,0,0.0,0,0.0,0,0.0,1874,2,0.1067,baja_categorica,1,1,1.0,1874,100.0,0.0,6.0,0.5091,0.0,0.0,0.0,,,0.0,,,,"[""0"", ""6""]","{""0"": 1715, ""6"": 159}"
municipalidades_2022,P16_7,large_string,integer,1874,0,0.0,0,0.0,0,0.0,1874,2,0.1067,baja_categorica,1,1,1.0,1874,100.0,0.0,7.0,0.4296,0.0,0.0,0.0,,,0.0,,,,"[""0"", ""7""]","{""0"": 1759, ""7"": 115}"
municipalidades_2022,P16_8,large_string,integer,1874,0,0.0,0,0.0,0,0.0,1874,2,0.1067,baja_categorica,1,1,1.0,1874,100.0,0.0,8.0,1.1825,0.0,0.0,0.0,,,0.0,,,,"[""0"", ""8""]","{""0"": 1597, ""8"": 277}"
municipalidades_2022,P16_9,large_string,integer,1874,0,0.0,0,0.0,0,0.0,1874,2,0.1067,baja_categorica,1,1,1.0,1874,100.0,0.0,9.0,0.5619,0.0,0.0,0.0,,,0.0,,,,"[""0"", ""9""]","{""0"": 1757, ""9"": 117}"
municipalidades_2022,P16_9_O,large_string,text,1874,0,0.0,1757,93.7567,1757,93.7567,117,22,1.174,baja_categorica,13,78,51.1282,0,0.0,,,,,,,,,0.0,,,,"[""SISFOH - Sistema de Focalización de Hogares"", ""RUBPVL-Registro Único de Beneficiarios del Programa del Vaso de Leche"", ""SIGOF - Sistema Integrado para la gestion de operaciones de Focalizacion"", ""MIF - Módulo de Instrumentos Financieros"", ""SEACE - Sistema Electrónico de contrataciones del Estado""]","{""SISFOH - Sistema de Focalización de Hogares"": 21, ""Sistema Integrado de Registro Civil"": 15, ""PDT PLAME - Sistema de Planilla Mensual de Pagos"": 12, ""SEACE - Sistema Electrónico de contrataciones del Estado"": 11, ""SIGOF - Sistema Integrado para la gestion de operaciones de Focalizacion"": 10, ""SINGER - Sistema Nacional de Gestión de Control del Espectro Radio Electrónico"": 10, ""RUBPVL-Registro Único de Beneficiarios del Programa del Vaso de Leche"": 6, ""SINABIP - Sistema de Información Nacional de Bienes Estatales"": 4, ""PIDE - Plataforma de Interoperabilidad del Estado"": 4, ""SIAL - Sistema de Informacion Ambiental Local"": 4}"
municipalidades_2022,VFI_P17,large_string,categorical_indicator,1874,0,0.0,0,0.0,0,0.0,1874,1,0.0534,baja_categorica,1,1,1.0,1874,100.0,1.0,1.0,1.0,1.0,1.0,0.0,,,0.0,,,,"[""1""]","{""1"": 1874}"
municipalidades_2022,P17_1,large_string,categorical_indicator,1874,0,0.0,0,0.0,0,0.0,1874,2,0.1067,baja_categorica,1,1,1.0,1874,100.0,0.0,1.0,0.3671,0.0,1.0,1.0,0,0.0,0.0,,,,"[""1"", ""0""]","{""0"": 1186, ""1"": 688}"
municipalidades_2022,P17_2,large_string,integer,1874,0,0.0,0,0.0,0,0.0,1874,2,0.1067,baja_categorica,1,1,1.0,1874,100.0,0.0,2.0,0.7289,0.0,2.0,2.0,0,0.0,0.0,,,,"[""2"", ""0""]","{""0"": 1191, ""2"": 683}"
municipalidades_2022,P17_3,large_string,integer,1874,0,0.0,0,0.0,0,0.0,1874,2,0.1067,baja_categorica,1,1,1.0,1874,100.0,0.0,3.0,1.4728,0.0,3.0,3.0,0,0.0,0.0,,,,"[""3"", ""0""]","{""0"": 954, ""3"": 920}"
municipalidades_2022,P17_4,large_string,integer,1874,0,0.0,0,0.0,0,0.0,1874,2,0.1067,baja_categorica,1,1,1.0,1874,100.0,0.0,4.0,1.4941,0.0,4.0,4.0,0,0.0,0.0,,,,"[""4"", ""0""]","{""0"": 1174, ""4"": 700}"
municipalidades_2022,P17_5,large_string,integer,1874,0,0.0,0,0.0,0,0.0,1874,2,0.1067,baja_categorica,1,1,1.0,1874,100.0,0.0,5.0,2.2305,0.0,5.0,5.0,0,0.0,0.0,,,,"[""5"", ""0""]","{""0"": 1038, ""5"": 836}"
municipalidades_2022,P17_6,large_string,integer,1874,0,0.0,0,0.0,0,0.0,1874,2,0.1067,baja_categorica,1,1,1.0,1874,100.0,0.0,6.0,1.8186,0.0,6.0,6.0,0,0.0,0.0,,,,"[""6"", ""0""]","{""0"": 1306, ""6"": 568}"
municipalidades_2022,P17_7,large_string,integer,1874,0,0.0,0,0.0,0,0.0,1874,2,0.1067,baja_categorica,1,1,1.0,1874,100.0,0.0,7.0,3.1713,0.0,7.0,7.0,0,0.0,0.0,,,,"[""7"", ""0""]","{""0"": 1025, ""7"": 849}"
municipalidades_2022,P17_8,large_string,integer,1874,0,0.0,0,0.0,0,0.0,1874,2,0.1067,baja_categorica,1,1,1.0,1874,100.0,0.0,8.0,1.0886,0.0,0.0,0.0,,,0.0,,,,"[""0"", ""8""]","{""0"": 1619, ""8"": 255}"
municipalidades_2022,P17_9,large_string,integer,1874,0,0.0,0,0.0,0,0.0,1874,2,0.1067,baja_categorica,1,1,1.0,1874,100.0,0.0,9.0,1.8346,0.0,0.0,0.0,,,0.0,,,,"[""9"", ""0""]","{""0"": 1492, ""9"": 382}"
municipalidades_2022,P17_10,large_string,integer,1874,0,0.0,0,0.0,0,0.0,1874,2,0.1067,baja_categorica,1,2,1.1014,1874,100.0,0.0,10.0,1.0139,0.0,0.0,0.0,,,0.0,,,,"[""0"", ""10""]","{""0"": 1684, ""10"": 190}"
municipalidades_2022,P17_11,large_string,integer,1874,0,0.0,0,0.0,0,0.0,1874,2,0.1067,baja_categorica,1,2,1.04,1874,100.0,0.0,11.0,0.4402,0.0,0.0,0.0,,,0.0,,,,"[""0"", ""11""]","{""0"": 1799, ""11"": 75}"
municipalidades_2022,P17_12,large_string,integer,1874,0,0.0,0,0.0,0,0.0,1874,2,0.1067,baja_categorica,1,2,1.4931,1874,100.0,0.0,12.0,5.9168,0.0,12.0,12.0,0,0.0,0.0,,,,"[""12"", ""0""]","{""0"": 950, ""12"": 924}"
municipalidades_2022,P17_13,large_string,integer,1874,0,0.0,0,0.0,0,0.0,1874,2,0.1067,baja_categorica,1,2,1.0342,1874,100.0,0.0,13.0,0.444,0.0,0.0,0.0,,,0.0,,,,"[""0"", ""13""]","{""0"": 1810, ""13"": 64}"
municipalidades_2022,P17_13_O,large_string,text,1874,0,0.0,1810,96.5848,1810,96.5848,64,24,1.2807,baja_categorica,12,77,38.4062,0,0.0,,,,,,,,,0.0,,,,"[""SISTEMA DE COBRO DE AGUA"", ""SIGMU-SISTEMA INTEGRAL DE GESTION MUNICIPAL"", ""SISTEMA PARA MESA DE PARTES VIRTUAL"", ""SISTEMA DE EMISION DE LICENCIAS DE TAXI"", ""SISTEMA DE AGUA Y SANEAMIENTO (SEMAPA)""]","{""SISTEMA DE CONTROL DE CAJA"": 8, ""SIGMU-SISTEMA INTEGRAL DE GESTION MUNICIPAL"": 8, ""SISTEMA PARA MESA DE PARTES VIRTUAL"": 6, ""SIADEG - SISTEMA INTEGRADO DE ADMINISTRACION EMPRESARIAL Y GUBERNAMENTAL"": 6, ""SISTEMA DE COBRO DE AGUA"": 5, ""SISTEMA DE ALMACEN Y LOGISTICA"": 5, ""SISTEMA SIAL"": 5, ""SISTEMA PARA CONTROL Y CERTIFICADOS PARA VEHICULOS"": 2, ""SISTEMA DE AGUA Y SANEAMIENTO (SEMAPA)"": 2, ""SISTEMA INTEGRADO DE ADMINISTRACION MUNICIPAL - SIAM"": 2}"
municipalidades_2022,P17_14,large_string,integer,1874,0,0.0,0,0.0,0,0.0,1874,2,0.1067,baja_categorica,1,2,1.1878,1874,100.0,0.0,14.0,2.6297,0.0,0.0,0.0,,,0.0,,,,"[""0"", ""14""]","{""0"": 1522, ""14"": 352}"
municipalidades_2022,VFI_P18,large_string,categorical_indicator,1874,0,0.0,0,0.0,0,0.0,1874,1,0.0534,baja_categorica,1,1,1.0,1874,100.0,1.0,1.0,1.0,1.0,1.0,0.0,,,0.0,,,,"[""1""]","{""1"": 1874}"
municipalidades_2022,P18,large_string,integer,1874,0,0.0,0,0.0,0,0.0,1874,4,0.2134,baja_categorica,1,1,1.0,1874,100.0,1.0,4.0,2.2417,1.0,3.0,2.0,0,0.0,0.0,,,,"[""1"", ""3"", ""2"", ""4""]","{""2"": 648, ""3"": 508, ""1"": 497, ""4"": 221}"
municipalidades_2022,P18_Portal,large_string,text,1874,0,0.0,1156,61.6862,1156,61.6862,718,716,38.207,media,19,161,85.9109,0,0.0,,,,,,,,,0.0,,,,"[""www.transparencia.gob.pe/enlaces/pte_transparencia_enlaces.aspx?id_entidad=193#.xbcds5pkgdw"", ""www.transparencia.gob.pe/enlaces/pte_transparencia_enlaces.aspx?id_entidad=10104.yljde_lkiuk"", ""www.transparencia.gob.pe/enlaces/pte_transparencia_enlaces.aspx?id_entidad=10105&id_tema=1&ver=d"", ""www.transparencia.gob.pe/enlaces/pte_transparencia_enlaces.aspx?id_entidad=10108&id_tema=1&ver=d"", ""www.transparencia.gob.pe/enlaces/pte_transparencia_enlaces.aspx?id_entidad=10111&id_tema=5&ver=#.xbmfbppkiuk""]","{""www.transparencia.gob.pe/enlaces/pte_transparencia_enlaces.aspx?id_entidad=11532&id_tema=1&ver=d"": 2, ""www.transparencia.gob.pe/enlaces/pte_transparencia_enlaces.aspx?id_entidad=12144#.y7iq9nzbwdu"": 2, ""www.transparencia.gob.pe/enlaces/pte_transparencia_enlaces.aspx?id_entidad=193#.xbcds5pkgdw"": 1, ""www.transparencia.gob.pe/enlaces/pte_transparencia_enlaces.aspx?id_entidad=10165.ympqg2hkiul"": 1, ""www.transparencia.gob.pe/enlaces/pte_transparencia_enlaces.aspx?id_entidad=10116&id_tema=1&ver=.xujzu0u3aui"": 1, ""www.transparencia.gob.pe/enlaces/pte_transparencia_enlaces.aspx?id_entidad=10042&id_tema=1&ver=d"": 1, ""www.transparencia.gob.pe/enlaces/pte_transparencia_enlaces.aspx?id_entidad=10118&id_tema=1&ver=d"": 1, ""www.munives.gob.pe/transparencia.php"": 1, ""www.munivmt.gob.pe/portal/transparencia.php"": 1, ""www.transparencia.gob.pe/enlaces/pte_transparencia_enlaces.aspx?id_entidad=12116&id_tema=1&ver=d.yswgonzbym9"": 1}"
municipalidades_2022,VFI_P19,large_string,categorical_indicator,1874,0,0.0,0,0.0,0,0.0,1874,1,0.0534,baja_categorica,1,1,1.0,1874,100.0,1.0,1.0,1.0,1.0,1.0,0.0,,,0.0,,,,"[""1""]","{""1"": 1874}"
municipalidades_2022,P19D_T,large_string,integer,1874,0,0.0,0,0.0,0,0.0,1874,336,17.9296,media,1,4,1.834,1874,100.0,0.0,6524.0,94.4771,6.0,55.0,49.0,265,14.1409,0.0,,,,"[""198"", ""0"", ""2"", ""6"", ""1""]","{""5"": 83, ""4"": 81, ""2"": 74, ""6"": 69, ""7"": 68, ""1"": 68, ""8"": 62, ""3"": 60, ""9"": 58, ""10"": 57}"
municipalidades_2022,P19D_NM,large_string,integer,1874,0,0.0,0,0.0,0,0.0,1874,68,3.6286,baja_categorica,1,3,1.1105,1874,100.0,0.0,501.0,4.3287,0.0,2.0,2.0,294,15.6884,0.0,,,,"[""9"", ""0"", ""1"", ""2"", ""10""]","{""0"": 876, ""1"": 377, ""2"": 158, ""3"": 70, ""4"": 53, ""5"": 46, ""6"": 32, ""7"": 24, ""10"": 20, ""9"": 19}"
municipalidades_2022,P19D_NH,large_string,integer,1874,0,0.0,0,0.0,0,0.0,1874,87,4.6425,baja_categorica,1,3,1.1676,1874,100.0,0.0,529.0,7.0961,0.0,5.0,5.0,241,12.8602,0.0,,,,"[""15"", ""0"", ""2"", ""1"", ""30""]","{""0"": 584, ""1"": 326, ""2"": 216, ""3"": 139, ""4"": 94, ""5"": 61, ""6"": 50, ""7"": 41, ""9"": 36, ""8"": 26}"
municipalidades_2022,P19D_CM,large_string,integer,1874,0,0.0,0,0.0,0,0.0,1874,64,3.4152,baja_categorica,1,3,1.0854,1874,100.0,0.0,223.0,3.8714,0.0,3.0,3.0,195,10.4055,0.0,,,,"[""21"", ""0"", ""1"", ""2"", ""3""]","{""0"": 951, ""1"": 263, ""2"": 174, ""3"": 97, ""4"": 71, ""5"": 60, ""6"": 38, ""8"": 26, ""7"": 25, ""9"": 20}"
municipalidades_2022,P19D_CH,large_string,integer,1874,0,0.0,0,0.0,0,0.0,1874,83,4.429,baja_categorica,1,3,1.1702,1874,100.0,0.0,526.0,7.5016,0.0,6.0,6.0,187,9.9787,0.0,,,,"[""23"", ""0"", ""2"", ""1"", ""13""]","{""0"": 732, ""1"": 245, ""2"": 167, ""3"": 100, ""4"": 94, ""6"": 61, ""5"": 58, ""7"": 51, ""8"": 37, ""9"": 31}"
municipalidades_2022,P19D_LM,large_string,integer,1874,0,0.0,0,0.0,0,0.0,1874,114,6.0832,media,1,3,1.1473,1874,100.0,0.0,549.0,8.6916,0.0,1.0,1.0,370,19.7439,0.0,,,,"[""1"", ""0"", ""7"", ""13"", ""8""]","{""0"": 1346, ""1"": 108, ""2"": 50, ""3"": 35, ""4"": 29, ""5"": 21, ""7"": 21, ""6"": 14, ""10"": 11, ""11"": 11}"
municipalidades_2022,P19D_LH,large_string,integer,1874,0,0.0,0,0.0,0,0.0,1874,179,9.5518,media,1,4,1.2764,1874,100.0,0.0,1276.0,22.6558,0.0,6.0,6.0,331,17.6628,0.0,,,,"[""6"", ""0"", ""55"", ""1"", ""8""]","{""0"": 1113, ""1"": 126, ""2"": 56, ""3"": 50, ""9"": 26, ""5"": 25, ""4"": 25, ""6"": 19, ""10"": 17, ""8"": 15}"
municipalidades_2022,P19D_VM,large_string,integer,1874,0,0.0,0,0.0,0,0.0,1874,131,6.9904,media,1,4,1.246,1874,100.0,0.0,1191.0,15.1425,0.0,7.0,7.0,263,14.0342,0.0,,,,"[""42"", ""0"", ""1"", ""6"", ""2""]","{""0"": 498, ""1"": 254, ""2"": 222, ""3"": 130, ""4"": 112, ""6"": 72, ""5"": 66, ""7"": 56, ""8"": 44, ""12"": 30}"
municipalidades_2022,P19D_VH,large_string,integer,1874,0,0.0,0,0.0,0,0.0,1874,162,8.6446,media,1,4,1.3741,1874,100.0,0.0,2341.0,25.1894,1.0,14.0,13.0,236,12.5934,0.0,,,,"[""81"", ""0"", ""2"", ""1"", ""15""]","{""0"": 380, ""1"": 189, ""2"": 140, ""3"": 133, ""4"": 108, ""5"": 80, ""7"": 70, ""8"": 60, ""6"": 58, ""9"": 43}"
municipalidades_2022,P19_1_T,large_string,integer,1874,0,0.0,0,0.0,0,0.0,1874,59,3.1483,baja_categorica,1,3,1.1985,1874,100.0,0.0,214.0,6.2508,0.0,7.0,7.0,209,11.1526,0.0,,,,"[""15"", ""0"", ""1"", ""3"", ""2""]","{""0"": 627, ""1"": 308, ""2"": 124, ""3"": 98, ""4"": 75, ""6"": 68, ""5"": 64, ""7"": 54, ""8"": 53, ""10"": 34}"
municipalidades_2022,P19_1_NM,large_string,integer,1874,0,0.0,0,0.0,0,0.0,1874,10,0.5336,baja_categorica,1,3,1.0016,1874,100.0,0.0,118.0,0.2321,0.0,0.0,0.0,,,0.0,,,,"[""0"", ""2"", ""1"", ""6"", ""9""]","{""0"": 1708, ""1"": 99, ""2"": 29, ""3"": 16, ""4"": 8, ""5"": 6, ""6"": 5, ""9"": 1, ""118"": 1, ""11"": 1}"
municipalidades_2022,P19_1_NH,large_string,integer,1874,0,0.0,0,0.0,0,0.0,1874,17,0.9072,baja_categorica,1,2,1.0053,1874,100.0,0.0,96.0,0.4365,0.0,0.0,0.0,,,0.0,,,,"[""0"", ""1"", ""2"", ""5"", ""7""]","{""0"": 1566, ""1"": 176, ""2"": 53, ""3"": 27, ""4"": 17, ""5"": 9, ""7"": 7, ""6"": 5, ""8"": 3, ""11"": 3}"
municipalidades_2022,P19_1_CM,large_string,integer,1874,0,0.0,0,0.0,0,0.0,1874,18,0.9605,baja_categorica,1,2,1.008,1874,100.0,0.0,30.0,0.4877,0.0,0.0,0.0,,,0.0,,,,"[""0"", ""1"", ""4"", ""2"", ""8""]","{""0"": 1525, ""1"": 183, ""2"": 64, ""3"": 33, ""4"": 18, ""5"": 10, ""6"": 9, ""7"": 9, ""8"": 6, ""10"": 6}"
municipalidades_2022,P19_1_CH,large_string,integer,1874,0,0.0,0,0.0,0,0.0,1874,27,1.4408,baja_categorica,1,2,1.0342,1874,100.0,0.0,33.0,1.3191,0.0,1.0,1.0,265,14.1409,0.0,,,,"[""1"", ""0"", ""2"", ""8"", ""6""]","{""0"": 1296, ""1"": 228, ""2"": 85, ""4"": 40, ""3"": 38, ""5"": 36, ""6"": 29, ""7"": 29, ""8"": 16, ""9"": 13}"
municipalidades_2022,P19_1_LM,large_string,categorical_indicator,1874,0,0.0,0,0.0,0,0.0,1874,1,0.0534,baja_categorica,1,1,1.0,1874,100.0,0.0,0.0,0.0,0.0,0.0,0.0,,,0.0,,,,"[""0""]","{""0"": 1874}"
municipalidades_2022,P19_1_LH,large_string,categorical_indicator,1874,0,0.0,0,0.0,0,0.0,1874,2,0.1067,baja_categorica,1,1,1.0,1874,100.0,0.0,1.0,0.0005,0.0,0.0,0.0,,,0.0,,,,"[""0"", ""1""]","{""0"": 1873, ""1"": 1}"
municipalidades_2022,P19_1_VM,large_string,integer,1874,0,0.0,0,0.0,0,0.0,1874,21,1.1206,baja_categorica,1,2,1.032,1874,100.0,0.0,40.0,1.087,0.0,1.0,1.0,245,13.0736,0.0,,,,"[""3"", ""0"", ""1"", ""2"", ""4""]","{""0"": 1382, ""1"": 174, ""2"": 73, ""3"": 50, ""4"": 38, ""6"": 30, ""5"": 26, ""10"": 20, ""7"": 15, ""8"": 14}"
municipalidades_2022,P19_1_VH,large_string,integer,1874,0,0.0,0,0.0,0,0.0,1874,39,2.0811,baja_categorica,1,2,1.0939,1874,100.0,0.0,51.0,2.6878,0.0,2.0,2.0,256,13.6606,0.0,,,,"[""11"", ""0"", ""2"", ""1"", ""5""]","{""0"": 1158, ""1"": 188, ""2"": 82, ""3"": 82, ""5"": 55, ""4"": 53, ""6"": 23, ""8"": 23, ""7"": 19, ""10"": 16}"
municipalidades_2022,P19_2_T,large_string,integer,1874,0,0.0,0,0.0,0,0.0,1874,117,6.2433,media,1,3,1.3426,1874,100.0,0.0,912.0,13.6884,1.0,13.0,12.0,177,9.445,0.0,,,,"[""45"", ""0"", ""1"", ""2"", ""3""]","{""0"": 309, ""1"": 177, ""2"": 151, ""3"": 123, ""4"": 113, ""5"": 102, ""6"": 96, ""7"": 82, ""8"": 56, ""9"": 53}"
municipalidades_2022,P19_2_NM,large_string,integer,1874,0,0.0,0,0.0,0,0.0,1874,25,1.334,baja_categorica,1,2,1.0155,1874,100.0,0.0,60.0,0.8042,0.0,0.0,0.0,,,0.0,,,,"[""2"", ""0"", ""3"", ""1"", ""5""]","{""0"": 1458, ""1"": 177, ""2"": 81, ""3"": 44, ""4"": 27, ""5"": 23, ""6"": 14, ""7"": 8, ""9"": 7, ""10"": 7}"
municipalidades_2022,P19_2_NH,large_string,integer,1874,0,0.0,0,0.0,0,0.0,1874,29,1.5475,baja_categorica,1,2,1.0256,1874,100.0,0.0,46.0,1.1329,0.0,1.0,1.0,232,12.3799,0.0,,,,"[""2"", ""0"", ""8"", ""3"", ""1""]","{""0"": 1320, ""1"": 216, ""2"": 106, ""3"": 64, ""4"": 37, ""5"": 33, ""6"": 15, ""7"": 13, ""8"": 12, ""10"": 11}"
municipalidades_2022,P19_2_CM,large_string,integer,1874,0,0.0,0,0.0,0,0.0,1874,31,1.6542,baja_categorica,1,3,1.0187,1874,100.0,0.0,112.0,1.0662,0.0,1.0,1.0,193,10.2988,0.0,,,,"[""8"", ""0"", ""1"", ""2"", ""4""]","{""0"": 1389, ""1"": 183, ""2"": 109, ""3"": 59, ""4"": 31, ""5"": 30, ""6"": 16, ""7"": 10, ""8"": 8, ""12"": 5}"
municipalidades_2022,P19_2_CH,large_string,integer,1874,0,0.0,0,0.0,0,0.0,1874,48,2.5614,baja_categorica,1,3,1.0438,1874,100.0,0.0,332.0,2.3383,0.0,1.0,1.0,324,17.2892,0.0,,,,"[""5"", ""0"", ""1"", ""3"", ""10""]","{""0"": 1238, ""1"": 206, ""2"": 106, ""3"": 71, ""4"": 52, ""5"": 40, ""6"": 30, ""7"": 23, ""9"": 15, ""8"": 15}"
municipalidades_2022,P19_2_LM,large_string,integer,1874,0,0.0,0,0.0,0,0.0,1874,3,0.1601,baja_categorica,1,1,1.0,1874,100.0,0.0,2.0,0.0021,0.0,0.0,0.0,,,0.0,,,,"[""0"", ""2"", ""1""]","{""0"": 1871, ""1"": 2, ""2"": 1}"
municipalidades_2022,P19_2_LH,large_string,integer,1874,0,0.0,0,0.0,0,0.0,1874,3,0.1601,baja_categorica,1,1,1.0,1874,100.0,0.0,2.0,0.0027,0.0,0.0,0.0,,,0.0,,,,"[""0"", ""2"", ""1""]","{""0"": 1871, ""2"": 2, ""1"": 1}"
municipalidades_2022,P19_2_VM,large_string,integer,1874,0,0.0,0,0.0,0,0.0,1874,51,2.7215,baja_categorica,1,3,1.0811,1874,100.0,0.0,425.0,3.5299,0.0,3.0,3.0,184,9.8186,0.0,,,,"[""10"", ""0"", ""3"", ""1"", ""7""]","{""0"": 880, ""1"": 258, ""2"": 181, ""3"": 132, ""4"": 92, ""5"": 61, ""6"": 55, ""7"": 31, ""8"": 18, ""9"": 17}"
municipalidades_2022,P19_2_VH,large_string,integer,1874,0,0.0,0,0.0,0,0.0,1874,58,3.095,baja_categorica,1,3,1.1334,1874,100.0,0.0,426.0,4.8122,0.0,5.0,5.0,168,8.9648,0.0,,,,"[""18"", ""0"", ""1"", ""2"", ""9""]","{""0"": 761, ""1"": 188, ""2"": 161, ""3"": 141, ""4"": 102, ""5"": 75, ""6"": 66, ""7"": 59, ""8"": 48, ""10"": 33}"
municipalidades_2022,P19_3_T,large_string,integer,1874,0,0.0,0,0.0,0,0.0,1874,139,7.4173,media,1,4,1.3047,1874,100.0,0.0,1141.0,15.5667,1.0,11.0,10.0,242,12.9136,0.0,,,,"[""47"", ""0"", ""4"", ""1"", ""2""]","{""0"": 414, ""1"": 194, ""2"": 187, ""3"": 133, ""4"": 116, ""5"": 96, ""6"": 71, ""7"": 57, ""8"": 50, ""9"": 47}"
municipalidades_2022,P19_3_NM,large_string,integer,1874,0,0.0,0,0.0,0,0.0,1874,46,2.4546,baja_categorica,1,3,1.0582,1874,100.0,0.0,348.0,2.1937,0.0,1.0,1.0,306,16.3287,0.0,,,,"[""3"", ""0"", ""1"", ""2"", ""5""]","{""0"": 1178, ""1"": 266, ""2"": 124, ""3"": 54, ""4"": 38, ""5"": 37, ""6"": 28, ""7"": 22, ""12"": 14, ""10"": 14}"
municipalidades_2022,P19_3_NH,large_string,integer,1874,0,0.0,0,0.0,0,0.0,1874,49,2.6147,baja_categorica,1,3,1.0742,1874,100.0,0.0,407.0,2.9034,0.0,2.0,2.0,229,12.2199,0.0,,,,"[""3"", ""0"", ""1"", ""13"", ""2""]","{""0"": 1063, ""1"": 260, ""2"": 131, ""3"": 90, ""4"": 59, ""5"": 42, ""6"": 32, ""7"": 23, ""10"": 22, ""8"": 20}"
municipalidades_2022,P19_3_CM,large_string,integer,1874,0,0.0,0,0.0,0,0.0,1874,38,2.0277,baja_categorica,1,3,1.0272,1874,100.0,0.0,109.0,1.2332,0.0,0.0,0.0,,,0.0,,,,"[""9"", ""0"", ""1"", ""2"", ""12""]","{""0"": 1436, ""1"": 160, ""2"": 86, ""3"": 44, ""4"": 41, ""5"": 26, ""8"": 11, ""7"": 9, ""12"": 7, ""6"": 6}"
municipalidades_2022,P19_3_CH,large_string,integer,1874,0,0.0,0,0.0,0,0.0,1874,50,2.6681,baja_categorica,1,3,1.0443,1874,100.0,0.0,169.0,1.9504,0.0,1.0,1.0,240,12.8068,0.0,,,,"[""5"", ""0"", ""1"", ""4"", ""3""]","{""0"": 1381, ""1"": 154, ""2"": 99, ""3"": 53, ""4"": 30, ""5"": 27, ""6"": 18, ""8"": 17, ""12"": 11, ""10"": 11}"
municipalidades_2022,P19_3_LM,large_string,integer,1874,0,0.0,0,0.0,0,0.0,1874,4,0.2134,baja_categorica,1,2,1.0005,1874,100.0,0.0,13.0,0.0096,0.0,0.0,0.0,,,0.0,,,,"[""0"", ""13"", ""1"", ""2""]","{""0"": 1870, ""2"": 2, ""13"": 1, ""1"": 1}"
municipalidades_2022,P19_3_LH,large_string,integer,1874,0,0.0,0,0.0,0,0.0,1874,5,0.2668,baja_categorica,1,2,1.0005,1874,100.0,0.0,29.0,0.0213,0.0,0.0,0.0,,,0.0,,,,"[""0"", ""4"", ""29"", ""2"", ""5""]","{""0"": 1870, ""4"": 1, ""29"": 1, ""2"": 1, ""5"": 1}"
municipalidades_2022,P19_3_VM,large_string,integer,1874,0,0.0,0,0.0,0,0.0,1874,60,3.2017,baja_categorica,1,3,1.0795,1874,100.0,0.0,141.0,3.1724,0.0,2.0,2.0,216,11.5261,0.0,,,,"[""11"", ""0"", ""1"", ""2"", ""3""]","{""0"": 1082, ""1"": 249, ""2"": 145, ""3"": 85, ""4"": 65, ""5"": 32, ""6"": 23, ""7"": 23, ""8"": 15, ""12"": 15}"
municipalidades_2022,P19_3_VH,large_string,integer,1874,0,0.0,0,0.0,0,0.0,1874,67,3.5752,baja_categorica,1,3,1.095,1874,100.0,0.0,245.0,4.0827,0.0,3.0,3.0,212,11.3127,0.0,,,,"[""16"", ""0"", ""1"", ""4"", ""2""]","{""0"": 1063, ""1"": 213, ""2"": 121, ""3"": 94, ""4"": 56, ""5"": 43, ""6"": 41, ""7"": 31, ""9"": 26, ""8"": 19}"
municipalidades_2022,P19_4_T,large_string,integer,1874,0,0.0,0,0.0,0,0.0,1874,137,7.3106,media,1,4,1.2215,1874,100.0,0.0,2606.0,16.8095,0.0,6.0,6.0,265,14.1409,0.0,,,,"[""52"", ""0"", ""1"", ""10"", ""3""]","{""0"": 869, ""1"": 184, ""2"": 131, ""3"": 90, ""4"": 67, ""5"": 54, ""8"": 37, ""6"": 37, ""7"": 31, ""11"": 22}"
municipalidades_2022,P19_4_NM,large_string,integer,1874,0,0.0,0,0.0,0,0.0,1874,33,1.7609,baja_categorica,1,3,1.0251,1874,100.0,0.0,110.0,1.0043,0.0,0.0,0.0,,,0.0,,,,"[""2"", ""0"", ""1"", ""6"", ""3""]","{""0"": 1479, ""1"": 163, ""2"": 77, ""3"": 37, ""4"": 18, ""5"": 18, ""6"": 16, ""7"": 9, ""10"": 9, ""8"": 8}"
municipalidades_2022,P19_4_NH,large_string,integer,1874,0,0.0,0,0.0,0,0.0,1874,46,2.4546,baja_categorica,1,3,1.0486,1874,100.0,0.0,208.0,2.0977,0.0,1.0,1.0,316,16.8623,0.0,,,,"[""3"", ""0"", ""9"", ""2"", ""1""]","{""0"": 1252, ""1"": 206, ""2"": 100, ""3"": 58, ""4"": 51, ""5"": 39, ""7"": 26, ""6"": 26, ""8"": 15, ""9"": 14}"
municipalidades_2022,P19_4_CM,large_string,integer,1874,0,0.0,0,0.0,0,0.0,1874,33,1.7609,baja_categorica,1,3,1.0197,1874,100.0,0.0,185.0,0.8917,0.0,0.0,0.0,,,0.0,,,,"[""4"", ""0"", ""1"", ""16"", ""5""]","{""0"": 1620, ""1"": 86, ""2"": 48, ""3"": 32, ""4"": 15, ""5"": 14, ""7"": 10, ""8"": 6, ""6"": 6, ""10"": 4}"
municipalidades_2022,P19_4_CH,large_string,integer,1874,0,0.0,0,0.0,0,0.0,1874,41,2.1878,baja_categorica,1,3,1.0358,1874,100.0,0.0,373.0,1.4712,0.0,0.0,0.0,,,0.0,,,,"[""8"", ""0"", ""1"", ""3"", ""7""]","{""0"": 1523, ""1"": 108, ""2"": 63, ""3"": 35, ""4"": 27, ""5"": 17, ""7"": 13, ""6"": 13, ""10"": 10, ""8"": 9}"
municipalidades_2022,P19_4_LM,large_string,integer,1874,0,0.0,0,0.0,0,0.0,1874,3,0.1601,baja_categorica,1,2,1.0005,1874,100.0,0.0,11.0,0.0069,0.0,0.0,0.0,,,0.0,,,,"[""0"", ""11"", ""2""]","{""0"": 1872, ""11"": 1, ""2"": 1}"
municipalidades_2022,P19_4_LH,large_string,integer,1874,0,0.0,0,0.0,0,0.0,1874,4,0.2134,baja_categorica,1,1,1.0,1874,100.0,0.0,8.0,0.008,0.0,0.0,0.0,,,0.0,,,,"[""0"", ""5"", ""8"", ""2""]","{""0"": 1871, ""5"": 1, ""8"": 1, ""2"": 1}"
municipalidades_2022,P19_4_VM,large_string,integer,1874,0,0.0,0,0.0,0,0.0,1874,71,3.7887,baja_categorica,1,3,1.071,1874,100.0,0.0,564.0,3.9797,0.0,0.0,0.0,,,0.0,,,,"[""11"", ""0"", ""5"", ""1"", ""25""]","{""0"": 1482, ""1"": 103, ""2"": 60, ""3"": 39, ""5"": 24, ""6"": 15, ""4"": 13, ""8"": 11, ""14"": 8, ""7"": 8}"
municipalidades_2022,P19_4_VH,large_string,integer,1874,0,0.0,0,0.0,0,0.0,1874,86,4.5891,baja_categorica,1,4,1.0998,1874,100.0,0.0,1484.0,7.3501,0.0,1.0,1.0,318,16.9691,0.0,,,,"[""24"", ""0"", ""3"", ""2"", ""1""]","{""0"": 1371, ""1"": 116, ""2"": 69, ""3"": 42, ""4"": 34, ""5"": 25, ""6"": 23, ""7"": 12, ""11"": 10, ""12"": 10}"
municipalidades_2022,P19_5_T,large_string,integer,1874,0,0.0,0,0.0,0,0.0,1874,138,7.3639,media,1,4,1.222,1874,100.0,0.0,1001.0,13.1574,0.0,5.0,5.0,308,16.4354,0.0,,,,"[""24"", ""0"", ""1"", ""17"", ""6""]","{""0"": 1010, ""1"": 173, ""2"": 93, ""3"": 56, ""4"": 49, ""5"": 47, ""6"": 26, ""8"": 26, ""10"": 21, ""12"": 18}"
municipalidades_2022,P19_5_NM,large_string,integer,1874,0,0.0,0,0.0,0,0.0,1874,9,0.4803,baja_categorica,1,1,1.0,1874,100.0,0.0,8.0,0.0464,0.0,0.0,0.0,,,0.0,,,,"[""2"", ""0"", ""1"", ""6"", ""8""]","{""0"": 1829, ""1"": 29, ""2"": 7, ""4"": 3, ""3"": 2, ""6"": 1, ""8"": 1, ""5"": 1, ""7"": 1}"
municipalidades_2022,P19_5_NH,large_string,integer,1874,0,0.0,0,0.0,0,0.0,1874,15,0.8004,baja_categorica,1,2,1.0032,1874,100.0,0.0,24.0,0.1734,0.0,0.0,0.0,,,0.0,,,,"[""3"", ""0"", ""1"", ""2"", ""4""]","{""0"": 1748, ""1"": 75, ""2"": 12, ""4"": 12, ""3"": 11, ""5"": 5, ""7"": 2, ""8"": 2, ""10"": 1, ""12"": 1}"
municipalidades_2022,P19_5_CM,large_string,integer,1874,0,0.0,0,0.0,0,0.0,1874,10,0.5336,baja_categorica,1,3,1.0016,1874,100.0,0.0,123.0,0.1275,0.0,0.0,0.0,,,0.0,,,,"[""0"", ""2"", ""1"", ""3"", ""6""]","{""0"": 1820, ""1"": 29, ""2"": 8, ""3"": 8, ""4"": 3, ""5"": 2, ""6"": 1, ""12"": 1, ""7"": 1, ""123"": 1}"
municipalidades_2022,P19_5_CH,large_string,integer,1874,0,0.0,0,0.0,0,0.0,1874,11,0.587,baja_categorica,1,3,1.0027,1874,100.0,0.0,167.0,0.1841,0.0,0.0,0.0,,,0.0,,,,"[""1"", ""0"", ""3"", ""2"", ""10""]","{""0"": 1803, ""1"": 29, ""2"": 19, ""3"": 10, ""4"": 3, ""5"": 3, ""10"": 2, ""7"": 2, ""14"": 1, ""6"": 1}"
municipalidades_2022,P19_5_LM,large_string,integer,1874,0,0.0,0,0.0,0,0.0,1874,76,4.0555,baja_categorica,1,3,1.0918,1874,100.0,0.0,232.0,3.7465,0.0,0.0,0.0,,,0.0,,,,"[""0"", ""4"", ""1"", ""6"", ""5""]","{""0"": 1450, ""1"": 96, ""2"": 44, ""3"": 31, ""4"": 26, ""5"": 19, ""10"": 19, ""7"": 17, ""8"": 12, ""9"": 11}"
municipalidades_2022,P19_5_LH,large_string,integer,1874,0,0.0,0,0.0,0,0.0,1874,83,4.429,baja_categorica,1,3,1.1307,1874,100.0,0.0,437.0,5.5987,0.0,1.0,1.0,387,20.651,0.0,,,,"[""3"", ""0"", ""13"", ""1"", ""6""]","{""0"": 1334, ""1"": 92, ""2"": 61, ""3"": 33, ""4"": 29, ""5"": 27, ""10"": 21, ""7"": 19, ""8"": 18, ""9"": 17}"
municipalidades_2022,P19_5_VM,large_string,integer,1874,0,0.0,0,0.0,0,0.0,1874,47,2.508,baja_categorica,1,3,1.0384,1874,100.0,0.0,411.0,1.6371,0.0,0.0,0.0,,,0.0,,,,"[""4"", ""0"", ""1"", ""2"", ""3""]","{""0"": 1684, ""1"": 40, ""2"": 31, ""4"": 13, ""3"": 9, ""5"": 9, ""10"": 7, ""7"": 7, ""8"": 6, ""6"": 5}"
municipalidades_2022,P19_5_VH,large_string,integer,1874,0,0.0,0,0.0,0,0.0,1874,47,2.508,baja_categorica,1,3,1.0384,1874,100.0,0.0,434.0,1.6435,0.0,0.0,0.0,,,0.0,,,,"[""11"", ""0"", ""5"", ""1"", ""10""]","{""0"": 1649, ""1"": 53, ""2"": 33, ""3"": 15, ""4"": 13, ""5"": 11, ""6"": 11, ""9"": 10, ""7"": 9, ""11"": 9}"
municipalidades_2022,P19_6_T,large_string,integer,1874,0,0.0,0,0.0,0,0.0,1874,183,9.7652,media,1,4,1.2471,1874,100.0,0.0,1451.0,25.968,0.0,4.0,4.0,337,17.9829,0.0,,,,"[""7"", ""0"", ""5"", ""30"", ""2""]","{""0"": 1124, ""1"": 122, ""2"": 75, ""3"": 49, ""4"": 42, ""5"": 32, ""6"": 26, ""9"": 21, ""7"": 18, ""8"": 16}"
municipalidades_2022,P19_6_NM,large_string,integer,1874,0,0.0,0,0.0,0,0.0,1874,8,0.4269,baja_categorica,1,2,1.0005,1874,100.0,0.0,12.0,0.0261,0.0,0.0,0.0,,,0.0,,,,"[""0"", ""2"", ""4"", ""12"", ""1""]","{""0"": 1855, ""1"": 12, ""4"": 2, ""2"": 1, ""12"": 1, ""7"": 1, ""3"": 1, ""5"": 1}"
municipalidades_2022,P19_6_NH,large_string,integer,1874,0,0.0,0,0.0,0,0.0,1874,14,0.7471,baja_categorica,1,2,1.0037,1874,100.0,0.0,95.0,0.2166,0.0,0.0,0.0,,,0.0,,,,"[""2"", ""0"", ""8"", ""1"", ""3""]","{""0"": 1775, ""1"": 44, ""2"": 19, ""3"": 11, ""5"": 7, ""4"": 4, ""10"": 4, ""6"": 3, ""8"": 2, ""9"": 1}"
municipalidades_2022,P19_6_CM,large_string,integer,1874,0,0.0,0,0.0,0,0.0,1874,8,0.4269,baja_categorica,1,2,1.0011,1874,100.0,0.0,29.0,0.0406,0.0,0.0,0.0,,,0.0,,,,"[""0"", ""1"", ""3"", ""10"", ""2""]","{""0"": 1852, ""1"": 12, ""3"": 3, ""2"": 3, ""10"": 1, ""4"": 1, ""6"": 1, ""29"": 1}"
municipalidades_2022,P19_6_CH,large_string,integer,1874,0,0.0,0,0.0,0,0.0,1874,14,0.7471,baja_categorica,1,2,1.0027,1874,100.0,0.0,63.0,0.1483,0.0,0.0,0.0,,,0.0,,,,"[""1"", ""0"", ""8"", ""3"", ""4""]","{""0"": 1810, ""1"": 25, ""2"": 11, ""4"": 8, ""3"": 7, ""6"": 3, ""5"": 2, ""7"": 2, ""8"": 1, ""11"": 1}"
municipalidades_2022,P19_6_LM,large_string,integer,1874,0,0.0,0,0.0,0,0.0,1874,87,4.6425,baja_categorica,1,3,1.0859,1874,100.0,0.0,540.0,4.5875,0.0,0.0,0.0,,,0.0,,,,"[""0"", ""7"", ""3"", ""74"", ""32""]","{""0"": 1546, ""1"": 61, ""3"": 31, ""2"": 31, ""4"": 16, ""5"": 15, ""7"": 10, ""8"": 9, ""6"": 8, ""14"": 7}"
municipalidades_2022,P19_6_LH,large_string,integer,1874,0,0.0,0,0.0,0,0.0,1874,147,7.8442,media,1,4,1.1974,1874,100.0,0.0,1276.0,15.7252,0.0,2.0,2.0,348,18.5699,0.0,,,,"[""2"", ""0"", ""30"", ""7"", ""1""]","{""0"": 1298, ""1"": 88, ""2"": 51, ""3"": 36, ""4"": 27, ""5"": 26, ""7"": 16, ""9"": 14, ""8"": 14, ""11"": 13}"
municipalidades_2022,P19_6_VM,large_string,integer,1874,0,0.0,0,0.0,0,0.0,1874,42,2.2412,baja_categorica,1,3,1.0283,1874,100.0,0.0,274.0,1.4338,0.0,0.0,0.0,,,0.0,,,,"[""1"", ""0"", ""3"", ""136"", ""4""]","{""0"": 1775, ""1"": 22, ""2"": 15, ""10"": 7, ""3"": 5, ""4"": 5, ""5"": 4, ""9"": 2, ""8"": 2, ""28"": 2}"
municipalidades_2022,P19_6_VH,large_string,integer,1874,0,0.0,0,0.0,0,0.0,1874,56,2.9883,baja_categorica,1,3,1.0443,1874,100.0,0.0,625.0,3.7898,0.0,0.0,0.0,,,0.0,,,,"[""1"", ""0"", ""2"", ""3"", ""4""]","{""0"": 1689, ""1"": 35, ""2"": 20, ""3"": 17, ""4"": 17, ""6"": 9, ""5"": 8, ""7"": 6, ""9"": 5, ""15"": 4}"
municipalidades_2022,P19_7_T,large_string,integer,1874,0,0.0,0,0.0,0,0.0,1874,59,3.1483,baja_categorica,1,3,1.0688,1874,100.0,0.0,626.0,3.0363,0.0,0.0,0.0,,,0.0,,,,"[""8"", ""0"", ""15"", ""1"", ""2""]","{""0"": 1420, ""1"": 116, ""2"": 67, ""3"": 40, ""4"": 28, ""5"": 22, ""6"": 21, ""7"": 19, ""8"": 14, ""10"": 11}"
municipalidades_2022,P19_7_NM,large_string,integer,1874,0,0.0,0,0.0,0,0.0,1874,6,0.3202,baja_categorica,1,2,1.0005,1874,100.0,0.0,11.0,0.0219,0.0,0.0,0.0,,,0.0,,,,"[""0"", ""1"", ""7"", ""2"", ""6""]","{""0"": 1862, ""1"": 6, ""7"": 2, ""2"": 2, ""6"": 1, ""11"": 1}"
municipalidades_2022,P19_7_NH,large_string,integer,1874,0,0.0,0,0.0,0,0.0,1874,10,0.5336,baja_categorica,1,2,1.0016,1874,100.0,0.0,82.0,0.1355,0.0,0.0,0.0,,,0.0,,,,"[""2"", ""0"", ""5"", ""1"", ""4""]","{""0"": 1804, ""1"": 43, ""2"": 11, ""3"": 8, ""4"": 2, ""8"": 2, ""5"": 1, ""13"": 1, ""82"": 1, ""41"": 1}"
municipalidades_2022,P19_7_CM,large_string,integer,1874,0,0.0,0,0.0,0,0.0,1874,6,0.3202,baja_categorica,1,2,1.0005,1874,100.0,0.0,13.0,0.0245,0.0,0.0,0.0,,,0.0,,,,"[""0"", ""1"", ""2"", ""5"", ""13""]","{""0"": 1856, ""1"": 11, ""2"": 4, ""5"": 1, ""13"": 1, ""9"": 1}"
municipalidades_2022,P19_7_CH,large_string,integer,1874,0,0.0,0,0.0,0,0.0,1874,11,0.587,baja_categorica,1,2,1.0016,1874,100.0,0.0,25.0,0.0902,0.0,0.0,0.0,,,0.0,,,,"[""2"", ""0"", ""1"", ""4"", ""5""]","{""0"": 1810, ""1"": 28, ""2"": 21, ""4"": 6, ""5"": 2, ""3"": 2, ""10"": 1, ""25"": 1, ""11"": 1, ""7"": 1}"
municipalidades_2022,P19_7_LM,large_string,integer,1874,0,0.0,0,0.0,0,0.0,1874,21,1.1206,baja_categorica,1,2,1.0091,1874,100.0,0.0,32.0,0.3388,0.0,0.0,0.0,,,0.0,,,,"[""1"", ""0"", ""3"", ""5"", ""32""]","{""0"": 1747, ""1"": 29, ""2"": 27, ""3"": 14, ""5"": 13, ""4"": 10, ""8"": 6, ""6"": 6, ""7"": 3, ""22"": 3}"
municipalidades_2022,P19_7_LH,large_string,integer,1874,0,0.0,0,0.0,0,0.0,1874,39,2.0811,baja_categorica,1,3,1.0347,1874,100.0,0.0,251.0,1.2994,0.0,0.0,0.0,,,0.0,,,,"[""1"", ""0"", ""12"", ""2"", ""11""]","{""0"": 1635, ""1"": 53, ""2"": 28, ""3"": 20, ""6"": 19, ""4"": 17, ""5"": 16, ""10"": 11, ""8"": 10, ""7"": 9}"
municipalidades_2022,P19_7_VM,large_string,integer,1874,0,0.0,0,0.0,0,0.0,1874,19,1.0139,baja_categorica,1,3,1.0096,1874,100.0,0.0,176.0,0.3026,0.0,0.0,0.0,,,0.0,,,,"[""2"", ""0"", ""1"", ""3"", ""14""]","{""0"": 1800, ""1"": 32, ""2"": 11, ""4"": 6, ""3"": 5, ""14"": 3, ""19"": 2, ""5"": 2, ""10"": 2, ""12"": 2}"
municipalidades_2022,P19_7_VH,large_string,integer,1874,0,0.0,0,0.0,0,0.0,1874,29,1.5475,baja_categorica,1,3,1.0144,1874,100.0,0.0,425.0,0.8234,0.0,0.0,0.0,,,0.0,,,,"[""0"", ""2"", ""1"", ""6"", ""4""]","{""0"": 1718, ""1"": 47, ""2"": 37, ""3"": 15, ""6"": 10, ""4"": 9, ""8"": 5, ""5"": 4, ""22"": 4, ""29"": 2}"
municipalidades_2022,P19M_T,large_string,integer,1874,0,0.0,0,0.0,0,0.0,1874,342,18.2497,media,1,4,1.8266,1874,100.0,0.0,6404.0,93.5101,7.0,55.0,48.0,263,14.0342,0.0,,,,"[""198"", ""0"", ""2"", ""6"", ""1""]","{""4"": 86, ""2"": 76, ""5"": 76, ""7"": 73, ""9"": 71, ""1"": 69, ""6"": 63, ""8"": 62, ""10"": 59, ""3"": 58}"
municipalidades_2022,P19M_NM,large_string,integer,1874,0,0.0,0,0.0,0,0.0,1874,70,3.7353,baja_categorica,1,3,1.1121,1874,100.0,0.0,487.0,4.3415,0.0,2.0,2.0,287,15.3148,0.0,,,,"[""9"", ""0"", ""1"", ""2"", ""10""]","{""0"": 883, ""1"": 375, ""2"": 154, ""3"": 74, ""4"": 51, ""5"": 50, ""6"": 29, ""10"": 24, ""7"": 20, ""8"": 18}"
municipalidades_2022,P19M_NH,large_string,integer,1874,0,0.0,0,0.0,0,0.0,1874,86,4.5891,baja_categorica,1,3,1.1686,1874,100.0,0.0,523.0,7.0971,0.0,5.0,5.0,240,12.8068,0.0,,,,"[""15"", ""0"", ""1"", ""30"", ""2""]","{""0"": 589, ""1"": 331, ""2"": 212, ""3"": 137, ""4"": 99, ""5"": 55, ""6"": 53, ""7"": 39, ""9"": 33, ""10"": 27}"
municipalidades_2022,P19M_CM,large_string,integer,1874,0,0.0,0,0.0,0,0.0,1874,61,3.2551,baja_categorica,1,3,1.0832,1874,100.0,0.0,228.0,3.9696,0.0,3.0,3.0,187,9.9787,0.0,,,,"[""21"", ""0"", ""1"", ""2"", ""3""]","{""0"": 951, ""1"": 255, ""2"": 183, ""3"": 95, ""4"": 69, ""5"": 62, ""6"": 41, ""7"": 31, ""8"": 23, ""9"": 20}"
municipalidades_2022,P19M_CH,large_string,integer,1874,0,0.0,0,0.0,0,0.0,1874,86,4.5891,baja_categorica,1,3,1.1654,1874,100.0,0.0,526.0,7.3922,0.0,5.0,5.0,228,12.1665,0.0,,,,"[""23"", ""0"", ""1"", ""2"", ""13""]","{""0"": 740, ""1"": 249, ""2"": 156, ""3"": 104, ""4"": 101, ""5"": 58, ""6"": 57, ""7"": 52, ""8"": 37, ""9"": 30}"
municipalidades_2022,P19M_LM,large_string,integer,1874,0,0.0,0,0.0,0,0.0,1874,123,6.5635,media,1,3,1.1537,1874,100.0,0.0,592.0,9.0891,0.0,1.0,1.0,376,20.064,0.0,,,,"[""1"", ""0"", ""7"", ""2"", ""10""]","{""0"": 1338, ""1"": 107, ""2"": 53, ""3"": 32, ""4"": 28, ""5"": 24, ""7"": 20, ""10"": 15, ""6"": 15, ""8"": 9}"
municipalidades_2022,P19M_LH,large_string,integer,1874,0,0.0,0,0.0,0,0.0,1874,181,9.6585,media,1,4,1.2785,1874,100.0,0.0,1276.0,23.3212,0.0,6.0,6.0,335,17.8762,0.0,,,,"[""6"", ""0"", ""55"", ""1"", ""8""]","{""0"": 1102, ""1"": 123, ""2"": 60, ""3"": 47, ""4"": 30, ""5"": 25, ""9"": 24, ""6"": 21, ""10"": 19, ""7"": 17}"
municipalidades_2022,P19M_VM,large_string,integer,1874,0,0.0,0,0.0,0,0.0,1874,127,6.7769,media,1,4,1.2439,1874,100.0,0.0,1154.0,14.6425,0.0,7.0,7.0,256,13.6606,0.0,,,,"[""42"", ""0"", ""1"", ""6"", ""2""]","{""0"": 514, ""1"": 249, ""2"": 212, ""3"": 134, ""4"": 113, ""5"": 76, ""6"": 75, ""7"": 49, ""8"": 37, ""12"": 27}"
municipalidades_2022,P19M_VH,large_string,integer,1874,0,0.0,0,0.0,0,0.0,1874,157,8.3778,media,1,4,1.3645,1874,100.0,0.0,2261.0,23.6569,1.0,14.0,13.0,235,12.54,0.0,,,,"[""81"", ""0"", ""1"", ""3"", ""2""]","{""0"": 386, ""1"": 194, ""2"": 141, ""3"": 128, ""4"": 108, ""5"": 85, ""8"": 65, ""7"": 65, ""6"": 64, ""9"": 41}"
municipalidades_2022,VFI_P19A,large_string,categorical_indicator,1874,0,0.0,0,0.0,0,0.0,1874,1,0.0534,baja_categorica,1,1,1.0,1874,100.0,1.0,1.0,1.0,1.0,1.0,0.0,,,0.0,,,,"[""1""]","{""1"": 1874}"
municipalidades_2022,P19A,large_string,integer,1874,0,0.0,0,0.0,0,0.0,1874,2,0.1067,baja_categorica,1,1,1.0,1874,100.0,1.0,2.0,1.0406,1.0,1.0,0.0,,,0.0,,,,"[""1"", ""2""]","{""1"": 1798, ""2"": 76}"
municipalidades_2022,P19A_1_T,large_string,integer,1874,0,0.0,76,4.0555,76,4.0555,1798,251,13.3938,media,1,4,1.8593,1798,100.0,0.0,6059.0,64.4049,9.0,45.0,36.0,209,11.624,0.0,,,,"[""42"", ""12"", ""8"", ""2"", ""1""]","{""8"": 65, ""7"": 64, ""12"": 63, ""10"": 60, ""6"": 57, ""11"": 55, ""4"": 55, ""9"": 52, ""14"": 51, ""5"": 50}"
municipalidades_2022,P19A_1_M,large_string,integer,1874,0,0.0,76,4.0555,76,4.0555,1798,166,8.8581,media,1,4,1.4577,1798,100.0,0.0,2113.0,26.2063,3.0,17.0,14.0,231,12.8476,0.0,,,,"[""17"", ""4"", ""3"", ""0"", ""1""]","{""3"": 156, ""4"": 135, ""2"": 134, ""5"": 126, ""1"": 123, ""6"": 112, ""0"": 93, ""8"": 71, ""7"": 70, ""10"": 66}"
municipalidades_2022,P19A_1_H,large_string,integer,1874,0,0.0,76,4.0555,76,4.0555,1798,204,10.8858,media,1,4,1.6257,1798,100.0,0.0,3946.0,38.1986,5.0,28.0,23.0,204,11.3459,0.0,,,,"[""25"", ""8"", ""5"", ""2"", ""0""]","{""5"": 107, ""6"": 91, ""3"": 89, ""4"": 83, ""7"": 82, ""8"": 79, ""2"": 78, ""9"": 72, ""10"": 62, ""0"": 61}"
municipalidades_2022,P19A_2_T,large_string,integer,1874,0,0.0,76,4.0555,76,4.0555,1798,259,13.8207,media,1,4,1.8732,1798,100.0,0.0,6185.0,61.1602,9.0,47.0,38.0,203,11.2903,0.0,,,,"[""29"", ""11"", ""8"", ""5"", ""1""]","{""12"": 70, ""8"": 67, ""6"": 61, ""5"": 56, ""11"": 54, ""15"": 54, ""10"": 53, ""13"": 51, ""9"": 50, ""7"": 49}"
municipalidades_2022,P19A_2_M,large_string,integer,1874,0,0.0,76,4.0555,76,4.0555,1798,161,8.5912,media,1,4,1.46,1798,100.0,0.0,2152.0,24.7614,3.0,18.0,15.0,219,12.1802,0.0,,,,"[""9"", ""4"", ""2"", ""0"", ""1""]","{""3"": 150, ""4"": 138, ""2"": 131, ""5"": 126, ""1"": 102, ""6"": 100, ""0"": 98, ""8"": 84, ""7"": 77, ""9"": 63}"
municipalidades_2022,P19A_2_H,large_string,integer,1874,0,0.0,76,4.0555,76,4.0555,1798,193,10.2988,media,1,4,1.6301,1798,100.0,0.0,4033.0,36.3988,5.0,29.0,24.0,192,10.6785,0.0,,,,"[""20"", ""7"", ""6"", ""5"", ""0""]","{""5"": 97, ""4"": 95, ""6"": 91, ""7"": 88, ""3"": 77, ""8"": 77, ""9"": 75, ""10"": 69, ""2"": 68, ""1"": 61}"
municipalidades_2022,VFI_P20,large_string,categorical_indicator,1874,0,0.0,0,0.0,0,0.0,1874,1,0.0534,baja_categorica,1,1,1.0,1874,100.0,1.0,1.0,1.0,1.0,1.0,0.0,,,0.0,,,,"[""1""]","{""1"": 1874}"
municipalidades_2022,P20,large_string,integer,1874,0,0.0,0,0.0,0,0.0,1874,2,0.1067,baja_categorica,1,1,1.0,1874,100.0,1.0,2.0,1.4808,1.0,2.0,1.0,0,0.0,0.0,,,,"[""1"", ""2""]","{""1"": 973, ""2"": 901}"
municipalidades_2022,P20_1_T,large_string,integer,1874,0,0.0,901,48.079,901,48.079,973,42,2.2412,baja_categorica,1,2,1.0915,973,100.0,0.0,97.0,3.9435,1.0,3.0,2.0,131,13.4635,0.0,,,,"[""4"", ""1"", ""5"", ""0"", ""3""]","{""1"": 452, ""2"": 170, ""3"": 80, ""4"": 45, ""0"": 38, ""5"": 32, ""6"": 25, ""8"": 16, ""7"": 15, ""10"": 13}"
municipalidades_2022,P20_1_M,large_string,integer,1874,0,0.0,901,48.079,901,48.079,973,22,1.174,baja_categorica,1,2,1.0206,973,100.0,0.0,30.0,1.0894,0.0,1.0,1.0,101,10.3803,0.0,,,,"[""1"", ""0"", ""2"", ""5"", ""3""]","{""0"": 567, ""1"": 243, ""2"": 62, ""3"": 30, ""4"": 22, ""8"": 9, ""5"": 7, ""6"": 6, ""7"": 4, ""9"": 3}"
municipalidades_2022,P20_1_H,large_string,integer,1874,0,0.0,901,48.079,901,48.079,973,34,1.8143,baja_categorica,1,2,1.0596,973,100.0,0.0,73.0,2.8541,1.0,3.0,2.0,95,9.7636,0.0,,,,"[""3"", ""0"", ""5"", ""2"", ""1""]","{""1"": 461, ""2"": 146, ""0"": 121, ""3"": 68, ""4"": 37, ""5"": 33, ""7"": 16, ""6"": 12, ""9"": 12, ""8"": 9}"
municipalidades_2022,P20_2_T,large_string,integer,1874,0,0.0,901,48.079,901,48.079,973,43,2.2946,baja_categorica,1,2,1.0874,973,100.0,0.0,98.0,3.9599,1.0,4.0,3.0,97,9.9692,0.0,,,,"[""4"", ""1"", ""6"", ""2"", ""3""]","{""1"": 418, ""2"": 166, ""3"": 78, ""0"": 67, ""4"": 51, ""5"": 34, ""6"": 26, ""8"": 20, ""7"": 16, ""9"": 12}"
municipalidades_2022,P20_2_M,large_string,integer,1874,0,0.0,901,48.079,901,48.079,973,21,1.1206,baja_categorica,1,2,1.0195,973,100.0,0.0,29.0,1.0925,0.0,1.0,1.0,107,10.9969,0.0,,,,"[""1"", ""0"", ""5"", ""3"", ""22""]","{""0"": 568, ""1"": 238, ""2"": 60, ""3"": 36, ""4"": 23, ""8"": 7, ""6"": 7, ""5"": 7, ""7"": 6, ""15"": 3}"
municipalidades_2022,P20_2_H,large_string,integer,1874,0,0.0,901,48.079,901,48.079,973,35,1.8677,baja_categorica,1,2,1.0617,973,100.0,0.0,73.0,2.8674,1.0,3.0,2.0,95,9.7636,0.0,,,,"[""3"", ""0"", ""6"", ""1"", ""2""]","{""1"": 428, ""2"": 146, ""0"": 146, ""3"": 77, ""5"": 36, ""4"": 31, ""7"": 18, ""6"": 14, ""8"": 9, ""11"": 8}"
municipalidades_2022,VFI_P21,large_string,categorical_indicator,1874,0,0.0,0,0.0,0,0.0,1874,1,0.0534,baja_categorica,1,1,1.0,1874,100.0,1.0,1.0,1.0,1.0,1.0,0.0,,,0.0,,,,"[""1""]","{""1"": 1874}"
municipalidades_2022,P21,large_string,integer,1874,0,0.0,0,0.0,0,0.0,1874,2,0.1067,baja_categorica,1,1,1.0,1874,100.0,1.0,2.0,1.7113,1.0,2.0,1.0,0,0.0,0.0,,,,"[""1"", ""2""]","{""2"": 1333, ""1"": 541}"
municipalidades_2022,P21_1_T,large_string,integer,1874,0,0.0,1333,71.1313,1333,71.1313,541,14,0.7471,baja_categorica,1,2,1.0074,541,100.0,0.0,17.0,0.597,0.0,1.0,1.0,30,5.5453,0.0,,,,"[""0"", ""11"", ""2"", ""1"", ""5""]","{""0"": 403, ""1"": 78, ""2"": 30, ""4"": 8, ""3"": 7, ""5"": 3, ""9"": 3, ""8"": 2, ""7"": 2, ""11"": 1}"
municipalidades_2022,P21_1_M,large_string,integer,1874,0,0.0,1333,71.1313,1333,71.1313,541,8,0.4269,baja_categorica,1,1,1.0,541,100.0,0.0,9.0,0.2569,0.0,0.0,0.0,,,0.0,,,,"[""0"", ""2"", ""5"", ""1"", ""3""]","{""0"": 464, ""1"": 50, ""2"": 15, ""3"": 4, ""5"": 3, ""9"": 2, ""4"": 2, ""6"": 1}"
municipalidades_2022,P21_1_H,large_string,integer,1874,0,0.0,1333,71.1313,1333,71.1313,541,9,0.4803,baja_categorica,1,2,1.0018,541,100.0,0.0,12.0,0.3401,0.0,0.0,0.0,,,0.0,,,,"[""0"", ""9"", ""2"", ""1"", ""7""]","{""0"": 450, ""1"": 57, ""2"": 18, ""4"": 5, ""3"": 4, ""7"": 3, ""9"": 2, ""12"": 1, ""8"": 1}"
municipalidades_2022,P21_1_T_20,large_string,integer,1874,0,0.0,1333,71.1313,1333,71.1313,541,14,0.7471,baja_categorica,1,2,1.0074,541,100.0,0.0,15.0,0.6044,0.0,0.0,0.0,,,0.0,,,,"[""0"", ""13"", ""7"", ""1"", ""5""]","{""0"": 414, ""1"": 67, ""2"": 30, ""3"": 6, ""4"": 5, ""9"": 5, ""5"": 4, ""7"": 3, ""8"": 2, ""13"": 1}"
municipalidades_2022,P21_1_M_20,large_string,integer,1874,0,0.0,1333,71.1313,1333,71.1313,541,9,0.4803,baja_categorica,1,1,1.0,541,100.0,0.0,9.0,0.2606,0.0,0.0,0.0,,,0.0,,,,"[""0"", ""5"", ""1"", ""2"", ""3""]","{""0"": 468, ""1"": 44, ""2"": 14, ""3"": 6, ""5"": 4, ""4"": 2, ""6"": 1, ""8"": 1, ""9"": 1}"
municipalidades_2022,P21_1_H_20,large_string,integer,1874,0,0.0,1333,71.1313,1333,71.1313,541,10,0.5336,baja_categorica,1,2,1.0018,541,100.0,0.0,10.0,0.3438,0.0,0.0,0.0,,,0.0,,,,"[""0"", ""8"", ""7"", ""1"", ""2""]","{""0"": 457, ""1"": 50, ""2"": 16, ""4"": 5, ""7"": 4, ""3"": 3, ""8"": 2, ""6"": 2, ""9"": 1, ""10"": 1}"
municipalidades_2022,P21_2_T,large_string,integer,1874,0,0.0,1333,71.1313,1333,71.1313,541,62,3.3084,baja_categorica,1,4,1.2163,541,100.0,0.0,1078.0,12.9852,1.0,6.0,5.0,77,14.2329,0.0,,,,"[""9"", ""8"", ""1"", ""0"", ""2""]","{""1"": 132, ""0"": 122, ""2"": 69, ""3"": 36, ""4"": 28, ""5"": 17, ""6"": 15, ""9"": 8, ""10"": 8, ""8"": 7}"
municipalidades_2022,P21_2_M,large_string,integer,1874,0,0.0,1333,71.1313,1333,71.1313,541,54,2.8815,baja_categorica,1,3,1.1349,541,100.0,0.0,567.0,7.0185,0.0,3.0,3.0,72,13.3087,0.0,,,,"[""4"", ""5"", ""0"", ""2"", ""1""]","{""0"": 215, ""1"": 109, ""2"": 62, ""3"": 26, ""4"": 25, ""6"": 15, ""5"": 14, ""14"": 5, ""10"": 5, ""15"": 4}"
municipalidades_2022,P21_2_H,large_string,integer,1874,0,0.0,1333,71.1313,1333,71.1313,541,49,2.6147,baja_categorica,1,3,1.1146,541,100.0,0.0,511.0,5.9667,0.0,3.0,3.0,71,13.1238,0.0,,,,"[""5"", ""3"", ""1"", ""0"", ""27""]","{""0"": 212, ""1"": 138, ""2"": 48, ""3"": 25, ""4"": 18, ""5"": 12, ""6"": 9, ""7"": 8, ""9"": 7, ""8"": 6}"
municipalidades_2022,P21_2_T_20,large_string,integer,1874,0,0.0,1333,71.1313,1333,71.1313,541,63,3.3618,baja_categorica,1,4,1.2181,541,100.0,0.0,1068.0,12.8762,1.0,6.0,5.0,79,14.6026,0.0,,,,"[""9"", ""7"", ""1"", ""0"", ""2""]","{""0"": 134, ""1"": 130, ""2"": 61, ""3"": 36, ""4"": 25, ""5"": 17, ""6"": 15, ""10"": 9, ""9"": 8, ""7"": 8}"
municipalidades_2022,P21_2_M_20,large_string,integer,1874,0,0.0,1333,71.1313,1333,71.1313,541,52,2.7748,baja_categorica,1,3,1.1368,541,100.0,0.0,562.0,6.9871,0.0,3.0,3.0,72,13.3087,0.0,,,,"[""4"", ""5"", ""0"", ""2"", ""1""]","{""0"": 228, ""1"": 103, ""2"": 55, ""4"": 25, ""3"": 25, ""5"": 16, ""6"": 13, ""14"": 5, ""15"": 4, ""11"": 4}"
municipalidades_2022,P21_2_H_20,large_string,integer,1874,0,0.0,1333,71.1313,1333,71.1313,541,51,2.7215,baja_categorica,1,3,1.1165,541,100.0,0.0,506.0,5.8891,0.0,3.0,3.0,71,13.1238,0.0,,,,"[""5"", ""2"", ""1"", ""0"", ""27""]","{""0"": 217, ""1"": 132, ""2"": 49, ""3"": 26, ""4"": 16, ""5"": 12, ""6"": 11, ""7"": 7, ""9"": 7, ""14"": 5}"
municipalidades_2022,VFI_P22,large_string,categorical_indicator,1874,0,0.0,0,0.0,0,0.0,1874,1,0.0534,baja_categorica,1,1,1.0,1874,100.0,1.0,1.0,1.0,1.0,1.0,0.0,,,0.0,,,,"[""1""]","{""1"": 1874}"
municipalidades_2022,P22_AT1,large_string,categorical_indicator,1874,0,0.0,0,0.0,0,0.0,1874,2,0.1067,baja_categorica,1,1,1.0,1874,100.0,0.0,1.0,0.4466,0.0,1.0,1.0,0,0.0,0.0,,,,"[""1"", ""0""]","{""0"": 1037, ""1"": 837}"
municipalidades_2022,P22_AT2,large_string,integer,1874,0,0.0,0,0.0,0,0.0,1874,2,0.1067,baja_categorica,1,1,1.0,1874,100.0,0.0,2.0,1.0149,0.0,2.0,2.0,0,0.0,0.0,,,,"[""2"", ""0""]","{""2"": 951, ""0"": 923}"
municipalidades_2022,P22_AT3,large_string,integer,1874,0,0.0,0,0.0,0,0.0,1874,2,0.1067,baja_categorica,1,1,1.0,1874,100.0,0.0,3.0,1.476,0.0,3.0,3.0,0,0.0,0.0,,,,"[""3"", ""0""]","{""0"": 952, ""3"": 922}"
municipalidades_2022,P22_AT4,large_string,integer,1874,0,0.0,0,0.0,0,0.0,1874,2,0.1067,baja_categorica,1,1,1.0,1874,100.0,0.0,4.0,1.7033,0.0,4.0,4.0,0,0.0,0.0,,,,"[""0"", ""4""]","{""0"": 1076, ""4"": 798}"
municipalidades_2022,P22_AT5,large_string,integer,1874,0,0.0,0,0.0,0,0.0,1874,2,0.1067,baja_categorica,1,1,1.0,1874,100.0,0.0,5.0,1.7636,0.0,5.0,5.0,0,0.0,0.0,,,,"[""0"", ""5""]","{""0"": 1213, ""5"": 661}"
municipalidades_2022,P22_AT6,large_string,integer,1874,0,0.0,0,0.0,0,0.0,1874,2,0.1067,baja_categorica,1,1,1.0,1874,100.0,0.0,6.0,3.0096,0.0,6.0,6.0,0,0.0,0.0,,,,"[""6"", ""0""]","{""6"": 940, ""0"": 934}"
municipalidades_2022,P22_AT7,large_string,integer,1874,0,0.0,0,0.0,0,0.0,1874,2,0.1067,baja_categorica,1,1,1.0,1874,100.0,0.0,7.0,2.9098,0.0,7.0,7.0,0,0.0,0.0,,,,"[""7"", ""0""]","{""0"": 1095, ""7"": 779}"
municipalidades_2022,P22_AT8,large_string,integer,1874,0,0.0,0,0.0,0,0.0,1874,2,0.1067,baja_categorica,1,1,1.0,1874,100.0,0.0,8.0,2.4333,0.0,8.0,8.0,0,0.0,0.0,,,,"[""0"", ""8""]","{""0"": 1304, ""8"": 570}"
municipalidades_2022,P22_AT9,large_string,integer,1874,0,0.0,0,0.0,0,0.0,1874,2,0.1067,baja_categorica,1,1,1.0,1874,100.0,0.0,9.0,3.0496,0.0,9.0,9.0,0,0.0,0.0,,,,"[""9"", ""0""]","{""0"": 1239, ""9"": 635}"
municipalidades_2022,P22_AT10,large_string,integer,1874,0,0.0,0,0.0,0,0.0,1874,2,0.1067,baja_categorica,1,2,1.3986,1874,100.0,0.0,10.0,3.9861,0.0,10.0,10.0,0,0.0,0.0,,,,"[""0"", ""10""]","{""0"": 1127, ""10"": 747}"
municipalidades_2022,P22_AT11,large_string,integer,1874,0,0.0,0,0.0,0,0.0,1874,2,0.1067,baja_categorica,1,2,1.3527,1874,100.0,0.0,11.0,3.8799,0.0,11.0,11.0,0,0.0,0.0,,,,"[""0"", ""11""]","{""0"": 1213, ""11"": 661}"
municipalidades_2022,P22_AT12,large_string,integer,1874,0,0.0,0,0.0,0,0.0,1874,2,0.1067,baja_categorica,1,2,1.3543,1874,100.0,0.0,12.0,4.2519,0.0,12.0,12.0,0,0.0,0.0,,,,"[""0"", ""12""]","{""0"": 1210, ""12"": 664}"
municipalidades_2022,P22_AT13,large_string,integer,1874,0,0.0,0,0.0,0,0.0,1874,2,0.1067,baja_categorica,1,2,1.3132,1874,100.0,0.0,13.0,4.072,0.0,13.0,13.0,0,0.0,0.0,,,,"[""13"", ""0""]","{""0"": 1287, ""13"": 587}"
municipalidades_2022,P22_AT14,large_string,integer,1874,0,0.0,0,0.0,0,0.0,1874,2,0.1067,baja_categorica,1,2,1.4456,1874,100.0,0.0,14.0,6.238,0.0,14.0,14.0,0,0.0,0.0,,,,"[""0"", ""14""]","{""0"": 1039, ""14"": 835}"
municipalidades_2022,P22_AT15,large_string,integer,1874,0,0.0,0,0.0,0,0.0,1874,2,0.1067,baja_categorica,1,2,1.2481,1874,100.0,0.0,15.0,3.722,0.0,0.0,0.0,,,0.0,,,,"[""0"", ""15""]","{""0"": 1409, ""15"": 465}"
municipalidades_2022,P22_AT16,large_string,integer,1874,0,0.0,0,0.0,0,0.0,1874,2,0.1067,baja_categorica,1,2,1.2455,1874,100.0,0.0,16.0,3.9274,0.0,0.0,0.0,,,0.0,,,,"[""0"", ""16""]","{""0"": 1414, ""16"": 460}"
municipalidades_2022,P22_AT17,large_string,integer,1874,0,0.0,0,0.0,0,0.0,1874,2,0.1067,baja_categorica,1,2,1.2647,1874,100.0,0.0,17.0,4.4995,0.0,17.0,17.0,0,0.0,0.0,,,,"[""17"", ""0""]","{""0"": 1378, ""17"": 496}"
municipalidades_2022,P22_AT18,large_string,integer,1874,0,0.0,0,0.0,0,0.0,1874,2,0.1067,baja_categorica,1,2,1.286,1874,100.0,0.0,18.0,5.1483,0.0,18.0,18.0,0,0.0,0.0,,,,"[""0"", ""18""]","{""0"": 1338, ""18"": 536}"
municipalidades_2022,P22_AT19,large_string,integer,1874,0,0.0,0,0.0,0,0.0,1874,2,0.1067,baja_categorica,1,2,1.3559,1874,100.0,0.0,19.0,6.7625,0.0,19.0,19.0,0,0.0,0.0,,,,"[""0"", ""19""]","{""0"": 1207, ""19"": 667}"
municipalidades_2022,P22_AT20,large_string,integer,1874,0,0.0,0,0.0,0,0.0,1874,2,0.1067,baja_categorica,1,2,1.294,1874,100.0,0.0,20.0,5.8805,0.0,20.0,20.0,0,0.0,0.0,,,,"[""20"", ""0""]","{""0"": 1323, ""20"": 551}"
municipalidades_2022,P22_AT21,large_string,integer,1874,0,0.0,0,0.0,0,0.0,1874,2,0.1067,baja_categorica,1,2,1.4674,1874,100.0,0.0,21.0,9.8164,0.0,21.0,21.0,0,0.0,0.0,,,,"[""21"", ""0""]","{""0"": 998, ""21"": 876}"
municipalidades_2022,P22_AT22,large_string,integer,1874,0,0.0,0,0.0,0,0.0,1874,2,0.1067,baja_categorica,1,2,1.4546,1874,100.0,0.0,22.0,10.0021,0.0,22.0,22.0,0,0.0,0.0,,,,"[""0"", ""22""]","{""0"": 1022, ""22"": 852}"
municipalidades_2022,P22_AT23,large_string,integer,1874,0,0.0,0,0.0,0,0.0,1874,2,0.1067,baja_categorica,1,2,1.4525,1874,100.0,0.0,23.0,10.4077,0.0,23.0,23.0,0,0.0,0.0,,,,"[""0"", ""23""]","{""0"": 1026, ""23"": 848}"
municipalidades_2022,P22_AT24,large_string,integer,1874,0,0.0,0,0.0,0,0.0,1874,2,0.1067,baja_categorica,1,2,1.0144,1874,100.0,0.0,24.0,0.3458,0.0,0.0,0.0,,,0.0,,,,"[""0"", ""24""]","{""0"": 1847, ""24"": 27}"
municipalidades_2022,P22_AT24_O,large_string,text,1874,0,0.0,1847,98.5592,1847,98.5592,27,12,0.6403,baja_categorica,14,50,29.4444,0,0.0,,,,,,,,,0.0,,,,"[""SISTEMA DATASS"", ""GESTION DE RECURSOS HUMANOS"", ""SISTEMA INTEGRADO DE REGISTRO CIVIL"", ""GESTION PUBLICA"", ""SISTEMA INTEGRADO DE GESTION ADMINISTRATIVA - SIGA""]","{""GESTION DE RECURSOS HUMANOS"": 10, ""GESTION PUBLICA"": 4, ""SISTEMA INTEGRADO DE GESTION ADMINISTRATIVA - SIGA"": 3, ""CONTRATACIONES CON EL ESTADO"": 2, ""SISTEMA DATASS"": 1, ""SISTEMA INTEGRADO DE REGISTRO CIVIL"": 1, ""TRÁNSITO AL RÉGIMEN DEL SERVICIO CIVIL"": 1, ""GESTION PUBLICA MUNICIPAL"": 1, ""LEY DE SEGURIDAD Y SALUD EN EL TRABAJO"": 1, ""SISTEMAS INTEGRADOS DE GESTION SOBRE ISO 9001"": 1}"
municipalidades_2022,P22_C1,large_string,categorical_indicator,1874,0,0.0,0,0.0,0,0.0,1874,2,0.1067,baja_categorica,1,1,1.0,1874,100.0,0.0,1.0,0.4237,0.0,1.0,1.0,0,0.0,0.0,,,,"[""1"", ""0""]","{""0"": 1080, ""1"": 794}"
municipalidades_2022,P22_C2,large_string,integer,1874,0,0.0,0,0.0,0,0.0,1874,2,0.1067,baja_categorica,1,1,1.0,1874,100.0,0.0,2.0,1.159,0.0,2.0,2.0,0,0.0,0.0,,,,"[""2"", ""0""]","{""2"": 1086, ""0"": 788}"
municipalidades_2022,P22_C3,large_string,integer,1874,0,0.0,0,0.0,0,0.0,1874,2,0.1067,baja_categorica,1,1,1.0,1874,100.0,0.0,3.0,1.4472,0.0,3.0,3.0,0,0.0,0.0,,,,"[""3"", ""0""]","{""0"": 970, ""3"": 904}"
municipalidades_2022,P22_C4,large_string,integer,1874,0,0.0,0,0.0,0,0.0,1874,2,0.1067,baja_categorica,1,1,1.0,1874,100.0,0.0,4.0,1.8933,0.0,4.0,4.0,0,0.0,0.0,,,,"[""0"", ""4""]","{""0"": 987, ""4"": 887}"
municipalidades_2022,P22_C5,large_string,integer,1874,0,0.0,0,0.0,0,0.0,1874,2,0.1067,baja_categorica,1,1,1.0,1874,100.0,0.0,5.0,1.857,0.0,5.0,5.0,0,0.0,0.0,,,,"[""0"", ""5""]","{""0"": 1178, ""5"": 696}"
municipalidades_2022,P22_C6,large_string,integer,1874,0,0.0,0,0.0,0,0.0,1874,2,0.1067,baja_categorica,1,1,1.0,1874,100.0,0.0,6.0,3.1313,0.0,6.0,6.0,0,0.0,0.0,,,,"[""6"", ""0""]","{""6"": 978, ""0"": 896}"
municipalidades_2022,P22_C7,large_string,integer,1874,0,0.0,0,0.0,0,0.0,1874,2,0.1067,baja_categorica,1,1,1.0,1874,100.0,0.0,7.0,3.2759,0.0,7.0,7.0,0,0.0,0.0,,,,"[""7"", ""0""]","{""0"": 997, ""7"": 877}"
municipalidades_2022,P22_C8,large_string,integer,1874,0,0.0,0,0.0,0,0.0,1874,2,0.1067,baja_categorica,1,1,1.0,1874,100.0,0.0,8.0,3.381,0.0,8.0,8.0,0,0.0,0.0,,,,"[""0"", ""8""]","{""0"": 1082, ""8"": 792}"
municipalidades_2022,P22_C9,large_string,integer,1874,0,0.0,0,0.0,0,0.0,1874,2,0.1067,baja_categorica,1,1,1.0,1874,100.0,0.0,9.0,3.453,0.0,9.0,9.0,0,0.0,0.0,,,,"[""9"", ""0""]","{""0"": 1155, ""9"": 719}"
municipalidades_2022,P22_C10,large_string,integer,1874,0,0.0,0,0.0,0,0.0,1874,2,0.1067,baja_categorica,1,2,1.4546,1874,100.0,0.0,10.0,4.5464,0.0,10.0,10.0,0,0.0,0.0,,,,"[""10"", ""0""]","{""0"": 1022, ""10"": 852}"
municipalidades_2022,P22_C11,large_string,integer,1874,0,0.0,0,0.0,0,0.0,1874,2,0.1067,baja_categorica,1,2,1.4109,1874,100.0,0.0,11.0,4.5197,0.0,11.0,11.0,0,0.0,0.0,,,,"[""0"", ""11""]","{""0"": 1104, ""11"": 770}"
municipalidades_2022,P22_C12,large_string,integer,1874,0,0.0,0,0.0,0,0.0,1874,2,0.1067,baja_categorica,1,2,1.4002,1874,100.0,0.0,12.0,4.8026,0.0,12.0,12.0,0,0.0,0.0,,,,"[""12"", ""0""]","{""0"": 1124, ""12"": 750}"
municipalidades_2022,P22_C13,large_string,integer,1874,0,0.0,0,0.0,0,0.0,1874,2,0.1067,baja_categorica,1,2,1.4232,1874,100.0,0.0,13.0,5.5011,0.0,13.0,13.0,0,0.0,0.0,,,,"[""13"", ""0""]","{""0"": 1081, ""13"": 793}"
municipalidades_2022,P22_C14,large_string,integer,1874,0,0.0,0,0.0,0,0.0,1874,2,0.1067,baja_categorica,1,2,1.4979,1874,100.0,0.0,14.0,6.9701,0.0,14.0,14.0,0,0.0,0.0,,,,"[""0"", ""14""]","{""0"": 941, ""14"": 933}"
municipalidades_2022,P22_C15,large_string,integer,1874,0,0.0,0,0.0,0,0.0,1874,2,0.1067,baja_categorica,1,2,1.2764,1874,100.0,0.0,15.0,4.1462,0.0,15.0,15.0,0,0.0,0.0,,,,"[""0"", ""15""]","{""0"": 1356, ""15"": 518}"
municipalidades_2022,P22_C16,large_string,integer,1874,0,0.0,0,0.0,0,0.0,1874,2,0.1067,baja_categorica,1,2,1.2769,1874,100.0,0.0,16.0,4.4312,0.0,16.0,16.0,0,0.0,0.0,,,,"[""0"", ""16""]","{""0"": 1355, ""16"": 519}"
municipalidades_2022,P22_C17,large_string,integer,1874,0,0.0,0,0.0,0,0.0,1874,2,0.1067,baja_categorica,1,2,1.3559,1874,100.0,0.0,17.0,6.0507,0.0,17.0,17.0,0,0.0,0.0,,,,"[""17"", ""0""]","{""0"": 1207, ""17"": 667}"
municipalidades_2022,P22_C18,large_string,integer,1874,0,0.0,0,0.0,0,0.0,1874,2,0.1067,baja_categorica,1,2,1.3453,1874,100.0,0.0,18.0,6.2145,0.0,18.0,18.0,0,0.0,0.0,,,,"[""0"", ""18""]","{""0"": 1227, ""18"": 647}"
municipalidades_2022,P22_C19,large_string,integer,1874,0,0.0,0,0.0,0,0.0,1874,2,0.1067,baja_categorica,1,2,1.4509,1874,100.0,0.0,19.0,8.5672,0.0,19.0,19.0,0,0.0,0.0,,,,"[""0"", ""19""]","{""0"": 1029, ""19"": 845}"
municipalidades_2022,P22_C20,large_string,integer,1874,0,0.0,0,0.0,0,0.0,1874,2,0.1067,baja_categorica,1,2,1.3847,1874,100.0,0.0,20.0,7.6948,0.0,20.0,20.0,0,0.0,0.0,,,,"[""20"", ""0""]","{""0"": 1153, ""20"": 721}"
municipalidades_2022,P22_C21,large_string,integer,1874,0,0.0,0,0.0,0,0.0,1874,2,0.1067,baja_categorica,1,2,1.5993,1874,100.0,0.0,21.0,12.5843,0.0,21.0,21.0,0,0.0,0.0,,,,"[""21"", ""0""]","{""21"": 1123, ""0"": 751}"
municipalidades_2022,P22_C22,large_string,integer,1874,0,0.0,0,0.0,0,0.0,1874,2,0.1067,baja_categorica,1,2,1.5656,1874,100.0,0.0,22.0,12.444,0.0,22.0,22.0,0,0.0,0.0,,,,"[""22"", ""0""]","{""22"": 1060, ""0"": 814}"
municipalidades_2022,P22_C23,large_string,integer,1874,0,0.0,0,0.0,0,0.0,1874,2,0.1067,baja_categorica,1,2,1.5251,1874,100.0,0.0,23.0,12.0768,0.0,23.0,23.0,0,0.0,0.0,,,,"[""0"", ""23""]","{""23"": 984, ""0"": 890}"
municipalidades_2022,P22_C24,large_string,integer,1874,0,0.0,0,0.0,0,0.0,1874,2,0.1067,baja_categorica,1,2,1.016,1874,100.0,0.0,24.0,0.3842,0.0,0.0,0.0,,,0.0,,,,"[""0"", ""24""]","{""0"": 1844, ""24"": 30}"
municipalidades_2022,P22_C24_O,large_string,text,1874,0,0.0,1844,98.3991,1844,98.3991,30,14,0.7471,baja_categorica,10,50,26.8,0,0.0,,,,,,,,,0.0,,,,"[""SITEMA DATASS"", ""GESTION DE RECURSOS HUMANOS"", ""DOCUMENTOS DE GESTION"", ""CONTRATACIONES DEL ESTADO"", ""GESTION PUBLICA""]","{""LEY DE SEGURIDAD Y SALUD EN EL TRABAJO"": 5, ""GESTION DE RECURSOS HUMANOS"": 4, ""CONTRATACIONES DEL ESTADO"": 4, ""RECURSOS HUMANOS"": 4, ""ETICA EN LA FUNCION PUBLICA"": 3, ""GESTION PUBLICA"": 2, ""SITEMA DATASS"": 1, ""DOCUMENTOS DE GESTION"": 1, ""SISTEMA ELECTRONICO DE CONTRATACIÓN DE ESTADO"": 1, ""SISTEMA INTEGRADO DE GESTIÓN ADMINISTRATIVA - SIGA"": 1}"
municipalidades_2022,VFI_P23,large_string,categorical_indicator,1874,0,0.0,0,0.0,0,0.0,1874,1,0.0534,baja_categorica,1,1,1.0,1874,100.0,1.0,1.0,1.0,1.0,1.0,0.0,,,0.0,,,,"[""1""]","{""1"": 1874}"
municipalidades_2022,P23_1,large_string,integer,1874,0,0.0,0,0.0,0,0.0,1874,2,0.1067,baja_categorica,1,1,1.0,1874,100.0,1.0,2.0,1.3975,1.0,2.0,1.0,0,0.0,0.0,,,,"[""1"", ""2""]","{""1"": 1129, ""2"": 745}"
municipalidades_2022,P23_1_1,large_string,integer,1874,0,0.0,745,39.7545,745,39.7545,1129,20,1.0672,baja_categorica,4,4,4.0,1129,100.0,2003.0,2022.0,2017.1692,2015.0,2020.0,5.0,8,0.7086,0.0,,,,"[""2017"", ""2018"", ""2019"", ""2013"", ""2020""]","{""2019"": 193, ""2018"": 154, ""2020"": 124, ""2021"": 108, ""2017"": 98, ""2015"": 91, ""2016"": 87, ""2014"": 53, ""2022"": 52, ""2013"": 46}"
municipalidades_2022,P23_1_2,large_string,text,1874,0,0.0,745,39.7545,745,39.7545,1129,1088,58.0576,media_alta,18,27,21.7679,0,0.0,,,,,,,,,0.0,,,,"[""O.M. Nº 051-2017-MPCH"", ""O.M. Nº 016-2018-MDCH"", ""O.M. Nº 036-2019-MDH/A"", ""O.M. Nº 013-2017-MDL/A"", ""R.A. Nº 066-2013-MDL/A""]","{""NO DISPONE DE INFORMACIÓN"": 36, ""O.M. Nº 001-2021-MDS"": 2, ""R.A. Nº 001-2021-MDP/A"": 2, ""O.M. Nº 003-2020-MDP"": 2, ""R.A. Nº 015-2013-MDP"": 2, ""O.M. Nº 002-2019-MDC"": 2, ""R.A. Nº 020-2019-MDA"": 2, ""O.M. Nº 023-2016-MDR/CM"": 1, ""O.M. Nº 011-2017-MDC/A"": 1, ""R.A. Nº 014-2014-MDZ-A"": 1}"
municipalidades_2022,P23_1_3,large_string,integer,1874,0,0.0,745,39.7545,745,39.7545,1129,3,0.1601,baja_categorica,1,1,1.0,1129,100.0,1.0,9.0,1.6794,1.0,2.0,1.0,36,3.1887,0.0,,,,"[""1"", ""2"", ""9""]","{""1"": 614, ""2"": 479, ""9"": 36}"
municipalidades_2022,P23_1_4,large_string,integer,1874,0,0.0,1129,60.2455,1129,60.2455,745,4,0.2134,baja_categorica,1,1,1.0,745,100.0,1.0,4.0,2.5678,2.0,3.0,1.0,0,0.0,0.0,,,,"[""1"", ""3"", ""2"", ""4""]","{""3"": 472, ""2"": 212, ""1"": 57, ""4"": 4}"
municipalidades_2022,P23_1_4_O,large_string,text,1874,0,0.0,1870,99.7866,1870,99.7866,4,4,0.2134,baja_categorica,16,65,32.25,0,0.0,,,,,,,,,0.0,,,,"[""NO LO ELABORARON"", ""NO SE APLICA EN LA MUNICIPALIDAD"", ""NO SE ENCONTRO EL DOCUMENTO DE GESTION NI EN FISICO NI EN DIGITAL"", ""FALTA ACTUALIZAR""]","{""NO LO ELABORARON"": 1, ""NO SE APLICA EN LA MUNICIPALIDAD"": 1, ""NO SE ENCONTRO EL DOCUMENTO DE GESTION NI EN FISICO NI EN DIGITAL"": 1, ""FALTA ACTUALIZAR"": 1}"
municipalidades_2022,P23_2,large_string,integer,1874,0,0.0,0,0.0,0,0.0,1874,2,0.1067,baja_categorica,1,1,1.0,1874,100.0,1.0,2.0,1.6483,1.0,2.0,1.0,0,0.0,0.0,,,,"[""1"", ""2""]","{""2"": 1215, ""1"": 659}"
municipalidades_2022,P23_2_1,large_string,integer,1874,0,0.0,1215,64.8346,1215,64.8346,659,13,0.6937,baja_categorica,4,4,4.0,659,100.0,2010.0,2022.0,2019.9105,2019.0,2021.0,2.0,23,3.4901,0.0,,,,"[""2022"", ""2020"", ""2021"", ""2019"", ""2018""]","{""2021"": 181, ""2020"": 134, ""2019"": 124, ""2022"": 115, ""2018"": 56, ""2017"": 14, ""2016"": 12, ""2015"": 11, ""2013"": 4, ""2014"": 4}"
municipalidades_2022,P23_2_2,large_string,text,1874,0,0.0,1215,64.8346,1215,64.8346,659,644,34.365,media,18,27,21.8665,0,0.0,,,,,,,,,0.0,,,,"[""R.A. Nº 211-2022-MPCH"", ""R.A. Nº 002-2020-MDB/A"", ""R.A. Nº 068-2020-MDSFD/A"", ""R.A. Nº 224-2021-MPB-A"", ""O.M. Nº 006-2019-MDI/A""]","{""NO DISPONE DE INFORMACIÓN"": 16, ""R.G. Nº 057-2022-MDLM"": 1, ""R.A. Nº 016-2021-MDL"": 1, ""R.A. Nº 600-2021-MDLO"": 1, ""R.A. Nº 235-2021-MDL"": 1, ""R.A. Nº 078-2020-ALC/ML"": 1, ""A.C. Nº 019-2022-MDMM"": 1, ""R.A. Nº 211-2021-MPL"": 1, ""R.A. Nº 114-2022-MM"": 1, ""R.A. Nº 068-2022-MDP/A"": 1}"
municipalidades_2022,P23_2_3,large_string,integer,1874,0,0.0,1215,64.8346,1215,64.8346,659,3,0.1601,baja_categorica,1,1,1.0,659,100.0,1.0,9.0,1.5008,1.0,2.0,1.0,16,2.4279,0.0,,,,"[""1"", ""2"", ""9""]","{""1"": 441, ""2"": 202, ""9"": 16}"
municipalidades_2022,P23_2_4,large_string,integer,1874,0,0.0,659,35.1654,659,35.1654,1215,4,0.2134,baja_categorica,1,1,1.0,1215,100.0,1.0,4.0,2.5992,2.0,3.0,1.0,0,0.0,0.0,,,,"[""3"", ""2"", ""1"", ""4""]","{""3"": 754, ""2"": 366, ""1"": 72, ""4"": 23}"
municipalidades_2022,P23_2_4_O,large_string,text,1874,0,0.0,1851,98.7727,1851,98.7727,23,4,0.2134,baja_categorica,16,36,20.8696,0,0.0,,,,,,,,,0.0,,,,"[""EN EVALUACION POR CEPLAN"", ""NO LO ELABORARON"", ""NO SE DISPONE DE ACERVO DOCUMENTARIO"", ""FALTA ACTUALIZAR""]","{""NO LO ELABORARON"": 12, ""EN EVALUACION POR CEPLAN"": 4, ""NO SE DISPONE DE ACERVO DOCUMENTARIO"": 4, ""FALTA ACTUALIZAR"": 3}"
municipalidades_2022,P23_3,large_string,integer,1874,0,0.0,0,0.0,0,0.0,1874,2,0.1067,baja_categorica,1,1,1.0,1874,100.0,1.0,2.0,1.9253,2.0,2.0,0.0,,,0.0,,,,"[""2"", ""1""]","{""2"": 1734, ""1"": 140}"
municipalidades_2022,P23_3_1,large_string,integer,1874,0,0.0,1734,92.5293,1734,92.5293,140,15,0.8004,baja_categorica,4,4,4.0,140,100.0,2007.0,2022.0,2018.4786,2017.0,2021.0,4.0,6,4.2857,0.0,,,,"[""2019"", ""2018"", ""2020"", ""2016"", ""2011""]","{""2019"": 30, ""2020"": 27, ""2021"": 24, ""2022"": 14, ""2018"": 9, ""2017"": 8, ""2016"": 7, ""2015"": 5, ""2010"": 4, ""2013"": 4}"
municipalidades_2022,P23_3_2,large_string,text,1874,0,0.0,1734,92.5293,1734,92.5293,140,129,6.8837,media,18,29,21.9571,0,0.0,,,,,,,,,0.0,,,,"[""O.M. Nº 007-2019-MDI/A"", ""NO DISPONE DE INFORMACIÓN"", ""R.A. Nº 249-2020-MPRM"", ""R.A. Nº 001-2016-MDJ"", ""A.C. Nº 125-2017-MDI""]","{""NO DISPONE DE INFORMACIÓN"": 11, ""R.A. Nº 003-2019-MDP/A"": 2, ""O.M. Nº 315-2021-MDSL-C"": 1, ""O.M. Nº 374-2018-MDLM"": 1, ""A.C. Nº 097-2013-MDJM"": 1, ""O.M. Nº 612-2017-MDEA"": 1, ""R.A. Nº 059-2017-MDMAMM"": 1, ""R.A. Nº 005-2020-MDH"": 1, ""O.M. Nº 010-2010-MDG"": 1, ""O.M. Nº 009-2021-MDA/A"": 1}"
municipalidades_2022,P23_3_4,large_string,integer,1874,0,0.0,140,7.4707,140,7.4707,1734,4,0.2134,baja_categorica,1,1,1.0,1734,100.0,1.0,4.0,2.7284,2.0,3.0,1.0,0,0.0,0.0,,,,"[""3"", ""1"", ""2"", ""4""]","{""3"": 1246, ""2"": 397, ""1"": 55, ""4"": 36}"
municipalidades_2022,P23_3_4_O,large_string,text,1874,0,0.0,1840,98.1857,1840,98.1857,34,7,0.3735,baja_categorica,16,62,21.4118,0,0.0,,,,,,,,,0.0,,,,"[""NO SE APLICA EN LA MUNICIPALIDAD"", ""NO LO ELABORARON"", ""FALTA ACTUALIZAR"", ""POR DESCONOCIMINIENTO"", ""EN EVALUACION POR CEPLAN""]","{""NO LO ELABORARON"": 20, ""NO SE APLICA EN LA MUNICIPALIDAD"": 5, ""FALTA ACTUALIZAR"": 3, ""POR DESCONOCIMINIENTO"": 2, ""NO SE DISPONE DE ACERVO DOCUMENTARIO"": 2, ""EN EVALUACION POR CEPLAN"": 1, ""CONSIDERADO DENTRO DEL PLAN DE DESARROLLO MUNICIPAL CONCERTADO"": 1}"
municipalidades_2022,P23_4,large_string,integer,1874,0,0.0,1678,89.5411,1678,89.5411,196,2,0.1067,baja_categorica,1,1,1.0,196,100.0,1.0,2.0,1.7653,2.0,2.0,0.0,,,0.0,,,,"[""2"", ""1""]","{""2"": 150, ""1"": 46}"
municipalidades_2022,P23_4_1,large_string,integer,1874,0,0.0,1828,97.5454,1828,97.5454,46,17,0.9072,baja_categorica,4,4,4.0,46,100.0,1995.0,2022.0,2015.9565,2014.0,2020.0,6.0,2,4.3478,0.0,,,,"[""2011"", ""2015"", ""2020"", ""2022"", ""2019""]","{""2020"": 10, ""2021"": 7, ""2016"": 5, ""2022"": 3, ""2017"": 3, ""2015"": 3, ""2014"": 3, ""2011"": 2, ""2006"": 2, ""2012"": 1}"
municipalidades_2022,P23_4_2,large_string,text,1874,0,0.0,1828,97.5454,1828,97.5454,46,46,2.4546,baja_categorica,20,24,21.0652,0,0.0,,,,,,,,,0.0,,,,"[""O.M. Nº 033-2011-MPB"", ""O.M. Nº 010-2015-MPU"", ""O.M. Nº 008-2020-MPH/A"", ""O.M. Nº 005-2020-MPS"", ""O.M. Nº 007-2022-MPS""]","{""O.M. Nº 033-2011-MPB"": 1, ""R.A. Nº 215-2022-HMPP"": 1, ""O.M. Nº 004-2016-MPCH/A"": 1, ""O.M. Nº 002-2016-MPL"": 1, ""O.M. Nº 032-2020-AL/CPB"": 1, ""A.C. Nº 043-1995-MPC"": 1, ""O.M. Nº 019-2020-MPH"": 1, ""R.A. Nº 097-2017-MPMRC"": 1, ""O.M. Nº 017-2014-CMPT"": 1, ""O.M. Nº 017-2006-MPM"": 1}"
municipalidades_2022,P23_4_3,large_string,integer,1874,0,0.0,1828,97.5454,1828,97.5454,46,2,0.1067,baja_categorica,1,1,1.0,46,100.0,1.0,2.0,1.2609,1.0,1.75,0.75,0,0.0,0.0,,,,"[""2"", ""1""]","{""1"": 34, ""2"": 12}"
municipalidades_2022,P23_4_4,large_string,integer,1874,0,0.0,1724,91.9957,1724,91.9957,150,4,0.2134,baja_categorica,1,1,1.0,150,100.0,1.0,4.0,2.64,2.0,3.0,1.0,0,0.0,0.0,,,,"[""3"", ""2"", ""1"", ""4""]","{""3"": 93, ""2"": 45, ""1"": 7, ""4"": 5}"
municipalidades_2022,P23_4_4_O,large_string,text,1874,0,0.0,1869,99.7332,1869,99.7332,5,1,0.0534,baja_categorica,16,16,16.0,0,0.0,,,,,,,,,0.0,,,,"[""NO LO ELABORARON""]","{""NO LO ELABORARON"": 5}"
municipalidades_2022,P23_5,large_string,integer,1874,0,0.0,0,0.0,0,0.0,1874,2,0.1067,baja_categorica,1,1,1.0,1874,100.0,1.0,2.0,1.8959,2.0,2.0,0.0,,,0.0,,,,"[""1"", ""2""]","{""2"": 1679, ""1"": 195}"
municipalidades_2022,P23_5_1,large_string,integer,1874,0,0.0,1679,89.5945,1679,89.5945,195,24,1.2807,baja_categorica,4,5,4.0051,195,100.0,1995.0,20117.0,2109.2103,2014.0,2020.0,6.0,9,4.6154,0.0,,,,"[""2014"", ""2018"", ""2015"", ""2016"", ""2017""]","{""2020"": 30, ""2017"": 22, ""2021"": 21, ""2019"": 19, ""2022"": 15, ""2018"": 14, ""2016"": 13, ""2014"": 10, ""2015"": 10, ""2012"": 7}"
municipalidades_2022,P23_5_2,large_string,text,1874,0,0.0,1679,89.5945,1679,89.5945,195,191,10.1921,media,19,27,21.5846,0,0.0,,,,,,,,,0.0,,,,"[""O.M. Nº 070-2014-MPCH"", ""O.M. Nº 026-2018-MPB"", ""O.M. Nº 011-2015-MPU"", ""R.A. Nº 001-2016-MDJ"", ""O.M. Nº 027-2017-MPH""]","{""NO DISPONE DE INFORMACIÓN"": 4, ""O.M. Nº 013-2018-MPCP"": 2, ""O.M. Nº 070-2014-MPCH"": 1, ""O.M. Nº 550-2020-MM"": 1, ""O.M. Nº 004-2016-MPCH/A"": 1, ""O.M. Nº 013-2014-MDR/CM"": 1, ""O.M. Nº 009-2021-CMPF"": 1, ""R.A. Nº 059-2017-MDMAMM"": 1, ""O.M. Nº 003-2016-MPL"": 1, ""A.C. Nº 065-2021-MDJ/SO"": 1}"
municipalidades_2022,P23_5_3,large_string,integer,1874,0,0.0,1679,89.5945,1679,89.5945,195,3,0.1601,baja_categorica,1,1,1.0,195,100.0,1.0,9.0,1.5333,1.0,2.0,1.0,4,2.0513,0.0,,,,"[""1"", ""2"", ""9""]","{""1"": 119, ""2"": 72, ""9"": 4}"
municipalidades_2022,P23_5_4,large_string,integer,1874,0,0.0,195,10.4055,195,10.4055,1679,4,0.2134,baja_categorica,1,1,1.0,1679,100.0,1.0,4.0,2.8142,3.0,3.0,0.0,,,0.0,,,,"[""1"", ""3"", ""2"", ""4""]","{""3"": 1260, ""2"": 304, ""4"": 74, ""1"": 41}"
municipalidades_2022,P23_5_4_O,large_string,text,1874,0,0.0,1800,96.0512,1800,96.0512,74,8,0.4269,baja_categorica,16,64,21.4324,0,0.0,,,,,,,,,0.0,,,,"[""NO SE APLICA EN LA MUNICIPALIDAD"", ""NO LO ELABORARON"", ""FALTA ACTUALIZAR"", ""EN EVALUACION POR CEPLAN"", ""NO SE DISPONE DE ACERVO DOCUMENTARIO""]","{""NO LO ELABORARON"": 49, ""NO SE APLICA EN LA MUNICIPALIDAD"": 17, ""NO SE DISPONE DE ACERVO DOCUMENTARIO"": 2, ""POR DESCONOCIMINIENTO"": 2, ""FALTA ACTUALIZAR"": 1, ""EN EVALUACION POR CEPLAN"": 1, ""VIGENTE PLAN DE DESARROLLO METROPOLITANO"": 1, ""VIGENTE PLAN DE DESARROLLO URBANO DE LA MUNICIPALIDAD PROVINCIAL"": 1}"
municipalidades_2022,P23_6,large_string,integer,1874,0,0.0,0,0.0,0,0.0,1874,2,0.1067,baja_categorica,1,1,1.0,1874,100.0,1.0,2.0,1.9552,2.0,2.0,0.0,,,0.0,,,,"[""2"", ""1""]","{""2"": 1790, ""1"": 84}"
municipalidades_2022,P23_6_1,large_string,integer,1874,0,0.0,1790,95.5176,1790,95.5176,84,16,0.8538,baja_categorica,4,4,4.0,84,100.0,1995.0,2022.0,2017.8095,2016.75,2020.25,3.5,7,8.3333,0.0,,,,"[""2016"", ""2022"", ""2020"", ""2019"", ""2021""]","{""2020"": 16, ""2019"": 14, ""2021"": 12, ""2022"": 9, ""2018"": 8, ""2016"": 6, ""2017"": 4, ""2010"": 2, ""2013"": 2, ""2015"": 2}"
municipalidades_2022,P23_6_2,large_string,text,1874,0,0.0,1790,95.5176,1790,95.5176,84,84,4.4824,baja_categorica,20,31,21.6667,0,0.0,,,,,,,,,0.0,,,,"[""R.A. Nº 001-2016-MDJ"", ""O.M. Nº 005-2022-MDEGB/A"", ""A.C. Nº 006-2020-MDLL"", ""R.A. Nº 123-2019-MDLL"", ""R.A. Nº 012-2021-MDA""]","{""R.A. Nº 001-2016-MDJ"": 1, ""R.A. Nº 011-2020-MDH"": 1, ""R.A. Nº 002-2020-MDC"": 1, ""R.A. Nº 021-2019-MDC/Y"": 1, ""A.C. Nº 023-2000-MPC"": 1, ""A.C. Nº 042-1995-MPC"": 1, ""O.M. Nº 023-2016-MPB"": 1, ""O.M. Nº 311-2020-MDSMM"": 1, ""O.M. Nº 003-2016-MPL"": 1, ""R.A. Nº 060-2017-MDMAMM"": 1}"
municipalidades_2022,P23_6_3,large_string,integer,1874,0,0.0,1790,95.5176,1790,95.5176,84,3,0.1601,baja_categorica,1,1,1.0,84,100.0,1.0,9.0,1.5,1.0,2.0,1.0,1,1.1905,0.0,,,,"[""2"", ""1"", ""9""]","{""1"": 49, ""2"": 34, ""9"": 1}"
municipalidades_2022,P23_6_4,large_string,integer,1874,0,0.0,84,4.4824,84,4.4824,1790,4,0.2134,baja_categorica,1,1,1.0,1790,100.0,1.0,4.0,2.8587,3.0,3.0,0.0,,,0.0,,,,"[""3"", ""1"", ""4"", ""2""]","{""3"": 1357, ""2"": 283, ""4"": 110, ""1"": 40}"
municipalidades_2022,P23_6_4_O,large_string,categorical_text,1874,0,0.0,1764,94.1302,1764,94.1302,110,4,0.2134,baja_categorica,16,36,21.9455,0,0.0,,,,,,,,,0.0,,,,"[""NO SE APLICA EN LA MUNICIPALIDAD"", ""NO LO ELABORARON"", ""POR DESCONOCIMINIENTO"", ""NO SE DISPONE DE ACERVO DOCUMENTARIO""]","{""NO LO ELABORARON"": 68, ""NO SE APLICA EN LA MUNICIPALIDAD"": 39, ""POR DESCONOCIMINIENTO"": 2, ""NO SE DISPONE DE ACERVO DOCUMENTARIO"": 1}"
municipalidades_2022,P23_7,large_string,integer,1874,0,0.0,0,0.0,0,0.0,1874,2,0.1067,baja_categorica,1,1,1.0,1874,100.0,1.0,2.0,1.9739,2.0,2.0,0.0,,,0.0,,,,"[""2"", ""1""]","{""2"": 1825, ""1"": 49}"
municipalidades_2022,P23_7_1,large_string,integer,1874,0,0.0,1825,97.3853,1825,97.3853,49,12,0.6403,baja_categorica,4,4,4.0,49,100.0,2009.0,2022.0,2018.4898,2017.0,2020.0,3.0,3,6.1224,0.0,,,,"[""2021"", ""2019"", ""2016"", ""2018"", ""2022""]","{""2019"": 15, ""2020"": 8, ""2017"": 6, ""2021"": 5, ""2022"": 5, ""2016"": 3, ""2018"": 2, ""2010"": 1, ""2015"": 1, ""2009"": 1}"
municipalidades_2022,P23_7_2,large_string,text,1874,0,0.0,1825,97.3853,1825,97.3853,49,47,2.508,baja_categorica,20,27,21.6939,0,0.0,,,,,,,,,0.0,,,,"[""R.A. Nº 002-2021-MDB/A"", ""O.M. Nº 020-2019-MDC/A"", ""R.A. Nº 003-2019-MDC/A"", ""O.M. Nº 053-2019-MPU"", ""O.M. Nº 031-2019-MPC/U""]","{""NO DISPONE DE INFORMACIÓN"": 3, ""R.A. Nº 002-2021-MDB/A"": 1, ""R.A. Nº 021-2017-MPCH"": 1, ""O.M. Nº 999-2015-MDLL/CM"": 1, ""R.A. Nº 010-2019-MDT"": 1, ""O.M. Nº 011-2019-MDI"": 1, ""R.A. Nº 005-2019-MDP/A"": 1, ""O.M. Nº 006-2017-MDSJI"": 1, ""R.A. Nº 030-2020-MDB-A"": 1, ""R.A. Nº 009-2020-MDH"": 1}"
municipalidades_2022,P23_7_3,large_string,integer,1874,0,0.0,1825,97.3853,1825,97.3853,49,3,0.1601,baja_categorica,1,1,1.0,49,100.0,1.0,9.0,1.8367,1.0,2.0,1.0,3,6.1224,0.0,,,,"[""1"", ""2"", ""9""]","{""1"": 29, ""2"": 17, ""9"": 3}"
municipalidades_2022,P23_7_4,large_string,integer,1874,0,0.0,49,2.6147,49,2.6147,1825,4,0.2134,baja_categorica,1,1,1.0,1825,100.0,1.0,4.0,2.8679,3.0,3.0,0.0,,,0.0,,,,"[""3"", ""1"", ""4"", ""2""]","{""3"": 1407, ""2"": 274, ""4"": 107, ""1"": 37}"
municipalidades_2022,P23_7_4_O,large_string,categorical_text,1874,0,0.0,1767,94.2903,1767,94.2903,107,3,0.1601,baja_categorica,16,32,24.3645,0,0.0,,,,,,,,,0.0,,,,"[""POR DESCONOCIMINIENTO"", ""NO LO ELABORARON"", ""NO SE APLICA EN LA MUNICIPALIDAD""]","{""NO SE APLICA EN LA MUNICIPALIDAD"": 55, ""NO LO ELABORARON"": 49, ""POR DESCONOCIMINIENTO"": 3}"
municipalidades_2022,P23_8,large_string,integer,1874,0,0.0,0,0.0,0,0.0,1874,2,0.1067,baja_categorica,1,1,1.0,1874,100.0,1.0,2.0,1.9269,2.0,2.0,0.0,,,0.0,,,,"[""2"", ""1""]","{""2"": 1737, ""1"": 137}"
municipalidades_2022,P23_8_1,large_string,integer,1874,0,0.0,1737,92.6894,1737,92.6894,137,14,0.7471,baja_categorica,4,4,4.0,137,100.0,2006.0,2022.0,2019.6715,2019.0,2021.0,2.0,9,6.5693,0.0,,,,"[""2016"", ""2014"", ""2019"", ""2021"", ""2018""]","{""2021"": 38, ""2022"": 31, ""2019"": 25, ""2020"": 17, ""2016"": 6, ""2018"": 6, ""2017"": 5, ""2015"": 3, ""2014"": 1, ""2011"": 1}"
municipalidades_2022,P23_8_2,large_string,text,1874,0,0.0,1737,92.6894,1737,92.6894,137,136,7.2572,media,19,27,21.9416,0,0.0,,,,,,,,,0.0,,,,"[""R.A. Nº 001-2016-MDJ"", ""R.A. Nº 045-2014-MDP"", ""R.A. Nº 123-2019-MDLL"", ""R.A. Nº 012-2021-MDA"", ""R.A. Nº 125-2021-MDR/A""]","{""NO DISPONE DE INFORMACIÓN"": 2, ""R.A. Nº 001-2016-MDJ"": 1, ""R.G. Nº 135-2021-MDSJL"": 1, ""R.G. Nº 020-2022-MM"": 1, ""R.G. Nº 138-2018-MDP/GM"": 1, ""R.A. Nº 142-2018-AL/MDP"": 1, ""R.G. Nº 025-2019-GM-MDPP"": 1, ""R.G. Nº 014-2021-MSB-GM"": 1, ""R.A. Nº 055-2022-MSI"": 1, ""R.G. Nº 365-2022-GM/MDSMP"": 1}"
municipalidades_2022,P23_8_3,large_string,integer,1874,0,0.0,1737,92.6894,1737,92.6894,137,3,0.1601,baja_categorica,1,1,1.0,137,100.0,1.0,9.0,1.5766,1.0,2.0,1.0,2,1.4599,0.0,,,,"[""2"", ""1"", ""9""]","{""1"": 72, ""2"": 63, ""9"": 2}"
municipalidades_2022,P23_8_4,large_string,integer,1874,0,0.0,137,7.3106,137,7.3106,1737,4,0.2134,baja_categorica,1,1,1.0,1737,100.0,1.0,4.0,2.7968,3.0,3.0,0.0,,,0.0,,,,"[""3"", ""1"", ""4"", ""2""]","{""3"": 1320, ""2"": 334, ""4"": 49, ""1"": 34}"
municipalidades_2022,P23_8_4_O,large_string,categorical_text,1874,0,0.0,1825,97.3853,1825,97.3853,49,3,0.1601,baja_categorica,16,32,17.7143,0,0.0,,,,,,,,,0.0,,,,"[""POR DESCONOCIMINIENTO"", ""NO LO ELABORARON"", ""NO SE APLICA EN LA MUNICIPALIDAD""]","{""NO LO ELABORARON"": 41, ""POR DESCONOCIMINIENTO"": 4, ""NO SE APLICA EN LA MUNICIPALIDAD"": 4}"
municipalidades_2022,P23_9,large_string,integer,1874,0,0.0,0,0.0,0,0.0,1874,2,0.1067,baja_categorica,1,1,1.0,1874,100.0,1.0,2.0,1.2343,1.0,1.0,0.0,,,0.0,,,,"[""1"", ""2""]","{""1"": 1435, ""2"": 439}"
municipalidades_2022,P23_9_1,large_string,integer,1874,0,0.0,439,23.4258,439,23.4258,1435,17,0.9072,baja_categorica,4,4,4.0,1435,100.0,2005.0,2022.0,2018.8913,2019.0,2020.0,1.0,364,25.3659,0.0,,,,"[""2021"", ""2019"", ""2018"", ""2020"", ""2022""]","{""2019"": 435, ""2020"": 298, ""2021"": 258, ""2022"": 86, ""2018"": 80, ""2015"": 78, ""2017"": 68, ""2016"": 61, ""2012"": 19, ""2013"": 15}"
municipalidades_2022,P23_9_2,large_string,text,1874,0,0.0,439,23.4258,439,23.4258,1435,1363,72.7321,media_alta,15,27,21.6028,0,0.0,,,,,,,,,0.0,,,,"[""O.M. Nº 229-2021-MPCH"", ""O.M. Nº 001-2019-MDA/A"", ""O.M. Nº 004-2021-MDCH/A"", ""O.M. Nº 009-2018-MDCH/A"", ""O.M. Nº 007-2020-MDCH/A""]","{""NO DISPONE DE INFORMACIÓN"": 10, ""O.M. Nº 000-0-0"": 6, ""O.M. Nº 011-2019-MDS"": 4, ""O.M. Nº 004-2019-MDP"": 4, ""O.M. Nº 007-2021-MDCH"": 3, ""O.M. Nº 001-2022-MDCH/A"": 3, ""O.M. Nº 007-2019-MDM"": 3, ""R.A. Nº 000-0-0"": 3, ""O.M. Nº 004-2019-MDH/A"": 3, ""O.M. Nº 005-2019-MDC"": 3}"
municipalidades_2022,P23_9_3,large_string,integer,1874,0,0.0,439,23.4258,439,23.4258,1435,3,0.1601,baja_categorica,1,1,1.0,1435,100.0,1.0,9.0,1.6105,1.0,2.0,1.0,10,0.6969,0.0,,,,"[""2"", ""1"", ""9""]","{""2"": 796, ""1"": 629, ""9"": 10}"
municipalidades_2022,P23_9_4,large_string,integer,1874,0,0.0,1437,76.6809,1437,76.6809,437,4,0.2134,baja_categorica,1,1,1.0,437,100.0,1.0,4.0,2.4508,2.0,3.0,1.0,0,0.0,0.0,,,,"[""2"", ""3"", ""1"", ""4""]","{""3"": 239, ""2"": 144, ""1"": 50, ""4"": 4}"
municipalidades_2022,P23_9_4_O,large_string,text,1874,0,0.0,1870,99.7866,1870,99.7866,4,3,0.1601,baja_categorica,16,36,22.25,0,0.0,,,,,,,,,0.0,,,,"[""FALTA ACTUALIZAR"", ""POR DESCONOCIMINIENTO"", ""NO SE DISPONE DE ACERVO DOCUMENTARIO""]","{""FALTA ACTUALIZAR"": 2, ""POR DESCONOCIMINIENTO"": 1, ""NO SE DISPONE DE ACERVO DOCUMENTARIO"": 1}"
municipalidades_2022,P23_10,large_string,integer,1874,0,0.0,0,0.0,0,0.0,1874,2,0.1067,baja_categorica,1,1,1.0,1874,100.0,1.0,2.0,1.3725,1.0,2.0,1.0,0,0.0,0.0,,,,"[""1"", ""2""]","{""1"": 1176, ""2"": 698}"
municipalidades_2022,P23_10_1,large_string,integer,1874,0,0.0,698,37.2465,698,37.2465,1176,22,1.174,baja_categorica,4,4,4.0,1176,100.0,1993.0,2022.0,2017.1548,2015.0,2020.0,5.0,19,1.6156,0.0,,,,"[""2013"", ""2019"", ""2012"", ""2020"", ""2018""]","{""2019"": 303, ""2020"": 181, ""2021"": 110, ""2015"": 110, ""2016"": 74, ""2018"": 72, ""2017"": 69, ""2013"": 52, ""2012"": 48, ""2014"": 35}"
municipalidades_2022,P23_10_2,large_string,text,1874,0,0.0,698,37.2465,698,37.2465,1176,1144,61.0459,media_alta,20,27,21.7509,0,0.0,,,,,,,,,0.0,,,,"[""R.A. Nº 019-2013-MPCH"", ""O.M. Nº 005-2019-MDA"", ""O.M. Nº 003-2019-MDCH/A"", ""O.M. Nº 017-2012-MDCH"", ""O.M. Nº 010-2020-MDCH/A""]","{""NO DISPONE DE INFORMACIÓN"": 20, ""O.M. Nº 005-2019-MDA"": 3, ""O.M. Nº 002-2020-MDT/A"": 2, ""O.M. Nº 004-2019-MDA"": 2, ""O.M. Nº 008-2019-MDO"": 2, ""R.A. Nº 041-2019-MDC/A"": 2, ""O.M. Nº 002-2020-MDCH"": 2, ""O.M. Nº 005-2019-MDC"": 2, ""O.M. Nº 008-2019-MDH"": 2, ""O.M. Nº 004-2021-MDC"": 2}"
municipalidades_2022,P23_10_3,large_string,integer,1874,0,0.0,698,37.2465,698,37.2465,1176,3,0.1601,baja_categorica,1,1,1.0,1176,100.0,1.0,9.0,1.7151,1.0,2.0,1.0,20,1.7007,0.0,,,,"[""2"", ""1"", ""9""]","{""2"": 681, ""1"": 475, ""9"": 20}"
municipalidades_2022,P23_10_4,large_string,integer,1874,0,0.0,1176,62.7535,1176,62.7535,698,4,0.2134,baja_categorica,1,1,1.0,698,100.0,1.0,4.0,2.5989,2.0,3.0,1.0,0,0.0,0.0,,,,"[""2"", ""3"", ""1"", ""4""]","{""3"": 353, ""2"": 221, ""4"": 63, ""1"": 61}"
municipalidades_2022,P23_10_4_O,large_string,categorical_text,1874,0,0.0,1811,96.6382,1811,96.6382,63,6,0.3202,baja_categorica,16,36,25.1905,0,0.0,,,,,,,,,0.0,,,,"[""NO SE APLICA EN LA MUNICIPALIDAD"", ""VIGENTE MANUAL DE PERFIL DE PUESTOS"", ""FALTA ACTUALIZAR"", ""MARCO LEGAL DEROGADO"", ""NO LO ELABORARON""]","{""NO LO ELABORARON"": 20, ""VIGENTE MANUAL DE PERFIL DE PUESTOS"": 17, ""NO SE APLICA EN LA MUNICIPALIDAD"": 13, ""MARCO LEGAL DEROGADO"": 7, ""FALTA ACTUALIZAR"": 5, ""NO SE DISPONE DE ACERVO DOCUMENTARIO"": 1}"
municipalidades_2022,P23_11,large_string,integer,1874,0,0.0,0,0.0,0,0.0,1874,2,0.1067,baja_categorica,1,1,1.0,1874,100.0,1.0,2.0,1.4381,1.0,2.0,1.0,0,0.0,0.0,,,,"[""1"", ""2""]","{""1"": 1053, ""2"": 821}"
municipalidades_2022,P23_11_1,large_string,integer,1874,0,0.0,821,43.81,821,43.81,1053,20,1.0672,baja_categorica,4,4,4.0,1053,100.0,1983.0,2022.0,2017.716,2016.0,2020.0,4.0,28,2.6591,0.0,,,,"[""2012"", ""2019"", ""2020"", ""2014"", ""2022""]","{""2019"": 271, ""2020"": 167, ""2021"": 141, ""2015"": 84, ""2016"": 73, ""2017"": 57, ""2018"": 55, ""2022"": 45, ""2013"": 36, ""2012"": 35}"
municipalidades_2022,P23_11_2,large_string,text,1874,0,0.0,821,43.81,821,43.81,1053,1028,54.8559,media_alta,18,27,21.7255,0,0.0,,,,,,,,,0.0,,,,"[""O.M. Nº 024-2012-MPCH"", ""O.M. Nº 002-2019-MDA"", ""O.M. Nº 012-2020-MDCH/A"", ""R.A. Nº 020-2019-MDH/A"", ""O.M. Nº 007-2019-MDLJ""]","{""NO DISPONE DE INFORMACIÓN"": 14, ""O.M. Nº 003-2020-MDT/A"": 2, ""O.M. Nº 004-2020-MDP"": 2, ""O.M. Nº 005-2020-MDCH"": 2, ""O.M. Nº 005-2019-MDC"": 2, ""O.M. Nº 005-2019-MDP/A"": 2, ""O.M. Nº 007-2019-MDM"": 2, ""O.M. Nº 004-2019-MDP"": 2, ""O.M. Nº 002-2019-MDC"": 2, ""O.M. Nº 002-2019-MDA"": 2}"
municipalidades_2022,P23_11_4,large_string,integer,1874,0,0.0,1053,56.19,1053,56.19,821,4,0.2134,baja_categorica,1,1,1.0,821,100.0,1.0,4.0,2.5518,2.0,3.0,1.0,0,0.0,0.0,,,,"[""2"", ""3"", ""4"", ""1""]","{""3"": 484, ""2"": 270, ""1"": 55, ""4"": 12}"
municipalidades_2022,P23_11_4_O,large_string,text,1874,0,0.0,1862,99.3597,1862,99.3597,12,4,0.2134,baja_categorica,16,36,23.5833,0,0.0,,,,,,,,,0.0,,,,"[""POR DESCONOCIMINIENTO"", ""NO LO ELABORARON"", ""NO SE DISPONE DE ACERVO DOCUMENTARIO"", ""NO SE APLICA EN LA MUNICIPALIDAD""]","{""NO LO ELABORARON"": 5, ""POR DESCONOCIMINIENTO"": 3, ""NO SE DISPONE DE ACERVO DOCUMENTARIO"": 3, ""NO SE APLICA EN LA MUNICIPALIDAD"": 1}"
municipalidades_2022,P23_12,large_string,integer,1874,0,0.0,0,0.0,0,0.0,1874,2,0.1067,baja_categorica,1,1,1.0,1874,100.0,1.0,2.0,1.809,2.0,2.0,0.0,,,0.0,,,,"[""1"", ""2""]","{""2"": 1516, ""1"": 358}"
municipalidades_2022,P23_12_1,large_string,integer,1874,0,0.0,1516,80.8965,1516,80.8965,358,16,0.8538,baja_categorica,4,4,4.0,358,100.0,2005.0,2022.0,2018.2207,2017.0,2020.0,3.0,21,5.8659,0.0,,,,"[""2017"", ""2020"", ""2019"", ""2015"", ""2021""]","{""2019"": 82, ""2021"": 64, ""2020"": 49, ""2018"": 39, ""2017"": 25, ""2015"": 21, ""2016"": 21, ""2022"": 19, ""2013"": 11, ""2010"": 6}"
municipalidades_2022,P23_12_2,large_string,text,1874,0,0.0,1516,80.8965,1516,80.8965,358,349,18.6233,media,18,27,21.7542,0,0.0,,,,,,,,,0.0,,,,"[""R.A. Nº 213-2017-MPCH"", ""O.M. Nº 008-2020-MDCH/A"", ""R.A. Nº 020-2019-MDH/A"", ""O.M. Nº 009-2019-MDLJ"", ""O.M. Nº 017-2015-MDA""]","{""NO DISPONE DE INFORMACIÓN"": 10, ""R.A. Nº 213-2017-MPCH"": 1, ""O.M. Nº 003-2019-MDU/A"": 1, ""R.A. Nº 430-2012-MPF/A"": 1, ""O.M. Nº 215-2018-MDT"": 1, ""R.A. Nº 083-2019-MDP/A"": 1, ""R.A. Nº 675-2010-MPCH/A"": 1, ""O.M. Nº 005-2021-MPV"": 1, ""R.A. Nº 134-2020-MDSCCH/A"": 1, ""O.M. Nº 005-2020-MDC"": 1}"
municipalidades_2022,P23_12_4,large_string,integer,1874,0,0.0,358,19.1035,358,19.1035,1516,4,0.2134,baja_categorica,1,1,1.0,1516,100.0,1.0,4.0,2.7249,2.0,3.0,1.0,0,0.0,0.0,,,,"[""3"", ""2"", ""1"", ""4""]","{""3"": 1038, ""2"": 371, ""4"": 56, ""1"": 51}"
municipalidades_2022,P23_12_4_O,large_string,text,1874,0,0.0,1818,97.0117,1818,97.0117,56,6,0.3202,baja_categorica,16,36,17.9286,0,0.0,,,,,,,,,0.0,,,,"[""NO LO ELABORARON"", ""NO SE APLICA EN LA MUNICIPALIDAD"", ""GESTION POR PROCESOS"", ""MARCO LEGAL DEROGADO"", ""FALTA ACTUALIZAR""]","{""NO LO ELABORARON"": 47, ""NO SE APLICA EN LA MUNICIPALIDAD"": 5, ""GESTION POR PROCESOS"": 1, ""MARCO LEGAL DEROGADO"": 1, ""FALTA ACTUALIZAR"": 1, ""NO SE DISPONE DE ACERVO DOCUMENTARIO"": 1}"
municipalidades_2022,P23_13,large_string,integer,1874,0,0.0,0,0.0,0,0.0,1874,2,0.1067,baja_categorica,1,1,1.0,1874,100.0,1.0,2.0,1.9797,2.0,2.0,0.0,,,0.0,,,,"[""2"", ""1""]","{""2"": 1836, ""1"": 38}"
municipalidades_2022,P23_13_1,large_string,integer,1874,0,0.0,1836,97.9723,1836,97.9723,38,9,0.4803,baja_categorica,4,4,4.0,38,100.0,2010.0,2022.0,2018.7368,2017.25,2020.0,2.75,1,2.6316,0.0,,,,"[""2018"", ""2019"", ""2016"", ""2021"", ""2022""]","{""2019"": 12, ""2020"": 6, ""2021"": 5, ""2016"": 4, ""2022"": 4, ""2017"": 3, ""2014"": 2, ""2018"": 1, ""2010"": 1}"
municipalidades_2022,P23_13_2,large_string,text,1874,0,0.0,1836,97.9723,1836,97.9723,38,38,2.0277,baja_categorica,19,27,21.8684,0,0.0,,,,,,,,,0.0,,,,"[""O.M. Nº 018-2018-MDC/A"", ""R.A. Nº 015-2019-MDP/A"", ""R.A. Nº 001-2016-MDJ"", ""R.A. Nº 123-2019-MDLL"", ""O.M. Nº 004-2021-MPS/A""]","{""O.M. Nº 018-2018-MDC/A"": 1, ""O.M. Nº 024-2017-MDSAT"": 1, ""O.M. Nº 012-2020-MDLM/CM"": 1, ""O.M. Nº 009-2010-MDVA"": 1, ""R.A. Nº 019-2019-MDT"": 1, ""R.A. Nº 004-2019-MDP/A"": 1, ""O.M. Nº 069-2014-MPS/CM"": 1, ""R.A. Nº 069-2017-MDMAMM"": 1, ""O.M. Nº 523-2019-MM"": 1, ""R.A. Nº 036-2019-MDC/Y"": 1}"
municipalidades_2022,P23_13_4,large_string,integer,1874,0,0.0,38,2.0277,38,2.0277,1836,4,0.2134,baja_categorica,1,1,1.0,1836,100.0,1.0,4.0,2.8568,3.0,3.0,0.0,,,0.0,,,,"[""3"", ""1"", ""4"", ""2""]","{""3"": 1424, ""2"": 276, ""4"": 95, ""1"": 41}"
municipalidades_2022,P23_13_4_O,large_string,categorical_text,1874,0,0.0,1779,94.9306,1779,94.9306,95,5,0.2668,baja_categorica,16,44,17.7579,0,0.0,,,,,,,,,0.0,,,,"[""POR DESCONOCIMINIENTO"", ""NO LO ELABORARON"", ""NO SE APLICA EN LA MUNICIPALIDAD"", ""PLAN ANUAL DE REDUCCION DE BRECHAS DE GENERO"", ""NO SE DISPONE DE ACERVO DOCUMENTARIO""]","{""NO LO ELABORARON"": 78, ""POR DESCONOCIMINIENTO"": 11, ""NO SE APLICA EN LA MUNICIPALIDAD"": 4, ""PLAN ANUAL DE REDUCCION DE BRECHAS DE GENERO"": 1, ""NO SE DISPONE DE ACERVO DOCUMENTARIO"": 1}"
municipalidades_2022,P23_15,large_string,integer,1874,0,0.0,0,0.0,0,0.0,1874,2,0.1067,baja_categorica,1,1,1.0,1874,100.0,1.0,2.0,1.9819,2.0,2.0,0.0,,,0.0,,,,"[""2"", ""1""]","{""2"": 1840, ""1"": 34}"
municipalidades_2022,P23_15_1,large_string,integer,1874,0,0.0,1840,98.1857,1840,98.1857,34,8,0.4269,baja_categorica,4,4,4.0,34,100.0,2015.0,2022.0,2019.4118,2019.0,2021.0,2.0,1,2.9412,0.0,,,,"[""2019"", ""2021"", ""2016"", ""2022"", ""2018""]","{""2019"": 9, ""2021"": 8, ""2020"": 5, ""2022"": 4, ""2017"": 4, ""2016"": 2, ""2018"": 1, ""2015"": 1}"
municipalidades_2022,P23_15_2,large_string,text,1874,0,0.0,1840,98.1857,1840,98.1857,34,33,1.7609,baja_categorica,20,27,21.9412,0,0.0,,,,,,,,,0.0,,,,"[""O.M. Nº 020-2019-MDC/A"", ""O.M. Nº 002-2021-MDSC"", ""NO DISPONE DE INFORMACIÓN"", ""R.A. Nº 001-2016-MDJ"", ""R.A. Nº 123-2019-MDLL""]","{""NO DISPONE DE INFORMACIÓN"": 2, ""O.M. Nº 020-2019-MDC/A"": 1, ""R.A. Nº 067-2021-MDP"": 1, ""O.M. Nº 2273-2020-MML"": 1, ""O.M. Nº 454-2016-MDM"": 1, ""O.M. Nº 208-2017-MDSI"": 1, ""O.M. Nº 027-2017-MDSAT"": 1, ""R.A. Nº 006-2021-MDC/Y"": 1, ""R.A. Nº 402-2022-HMPP-PASCO"": 1, ""R.A. Nº 260-2019-MDH"": 1}"
municipalidades_2022,P23_15_4,large_string,integer,1874,0,0.0,34,1.8143,34,1.8143,1840,4,0.2134,baja_categorica,1,1,1.0,1840,100.0,1.0,4.0,2.8891,3.0,3.0,0.0,,,0.0,,,,"[""3"", ""4"", ""2"", ""1""]","{""3"": 1416, ""2"": 257, ""4"": 129, ""1"": 38}"
municipalidades_2022,P23_15_4_O,large_string,categorical_text,1874,0,0.0,1744,93.063,1744,93.063,130,5,0.2668,baja_categorica,1,32,17.5,0,0.0,,,,,,,,,0.0,,,,"[""POR DESCONOCIMINIENTO"", ""NO SE APLICA EN LA MUNICIPALIDAD"", ""NO LO ELABORARON"", ""-"", ""FALTA ACTUALIZAR""]","{""NO LO ELABORARON"": 108, ""POR DESCONOCIMINIENTO"": 10, ""NO SE APLICA EN LA MUNICIPALIDAD"": 10, ""-"": 1, ""FALTA ACTUALIZAR"": 1}"
municipalidades_2022,P23_16,large_string,integer,1874,0,0.0,0,0.0,0,0.0,1874,2,0.1067,baja_categorica,1,1,1.0,1874,100.0,1.0,2.0,1.5945,1.0,2.0,1.0,0,0.0,0.0,,,,"[""2"", ""1""]","{""2"": 1114, ""1"": 760}"
municipalidades_2022,P23_16_1,large_string,integer,1874,0,0.0,1114,59.445,1114,59.445,760,4,0.2134,baja_categorica,4,4,4.0,760,100.0,2019.0,2022.0,2020.3855,2020.0,2021.0,1.0,0,0.0,0.0,,,,"[""2021"", ""2020"", ""2022"", ""2019""]","{""2020"": 515, ""2021"": 164, ""2022"": 70, ""2019"": 11}"
municipalidades_2022,P23_16_2,large_string,text,1874,0,0.0,1114,59.445,1114,59.445,760,725,38.6873,media,19,31,22.1329,0,0.0,,,,,,,,,0.0,,,,"[""O.M. Nº 001-2021-MDB/A"", ""O.M. Nº 003-2020-MDCH/A"", ""ACTA Nº 013-2022-MDCH/A"", ""R.A. Nº 036-2019-MDH/A"", ""O.M. Nº 001-2020-MDM/A""]","{""NO DISPONE DE INFORMACIÓN"": 29, ""O.M. Nº 002-2020-MDC"": 2, ""R.A. Nº 064-2020-MDM"": 2, ""R.A. Nº 001-2021-MDC"": 2, ""O.M. Nº 001-2020-MDCH"": 2, ""ACTA Nº 001-2020-MDH"": 2, ""R.A. Nº 055-2020-MDQ"": 2, ""ACTA Nº 001-2020-MDC"": 2, ""O.M. Nº 001-2021-MDB/A"": 1, ""A.C. Nº 001-2019-MDU"": 1}"
municipalidades_2022,P23_16_3,large_string,integer,1874,0,0.0,1114,59.445,1114,59.445,760,3,0.1601,baja_categorica,1,1,1.0,760,100.0,1.0,9.0,1.8868,1.0,2.0,1.0,29,3.8158,0.0,,,,"[""1"", ""2"", ""9""]","{""2"": 442, ""1"": 289, ""9"": 29}"
municipalidades_2022,P23_16_4,large_string,integer,1874,0,0.0,760,40.555,760,40.555,1114,4,0.2134,baja_categorica,1,1,1.0,1114,100.0,1.0,4.0,2.7442,2.0,3.0,1.0,0,0.0,0.0,,,,"[""3"", ""4"", ""2"", ""1""]","{""3"": 758, ""2"": 229, ""4"": 66, ""1"": 61}"
municipalidades_2022,P23_16_4_O,large_string,categorical_text,1874,0,0.0,1808,96.4781,1808,96.4781,66,6,0.3202,baja_categorica,16,61,18.0909,0,0.0,,,,,,,,,0.0,,,,"[""POR DESCONOCIMINIENTO"", ""NO LO ELABORARON"", ""NO SE APLICA EN LA MUNICIPALIDAD"", ""FALTA ACTUALIZAR"", ""NO SE DISPONE DE ACERVO DOCUMENTARIO""]","{""NO LO ELABORARON"": 54, ""POR DESCONOCIMINIENTO"": 5, ""NO SE APLICA EN LA MUNICIPALIDAD"": 3, ""FALTA ACTUALIZAR"": 2, ""NO SE DISPONE DE ACERVO DOCUMENTARIO"": 1, ""PLAN PARA LA VIGILANCIA DE PREVENCION Y CONTROL COVID INTERNO"": 1}"
municipalidades_2022,P23_14,large_string,categorical_indicator,1874,0,0.0,1849,98.666,1849,98.666,25,1,0.0534,baja_categorica,1,1,1.0,25,100.0,1.0,1.0,1.0,1.0,1.0,0.0,,,0.0,,,,"[""1""]","{""1"": 25}"
municipalidades_2022,P23_14_1_O,large_string,text,1874,0,0.0,1849,98.666,1849,98.666,25,6,0.3202,baja_categorica,22,44,28.24,0,0.0,,,,,,,,,0.0,,,,"[""CLASIFICADOR DE CARGOS"", ""PRESUPUESTO ANALITICO DE PERSONAL"", ""MANUAL DE PERFILES DE PUESTOS"", ""PLAN DE CONTINGENCIA DE TEMPORADA DE LLUVIAS"", ""PLAN DE DESARROLLO TURISTICO LOCAL""]","{""MANUAL DE PERFILES DE PUESTOS"": 10, ""CLASIFICADOR DE CARGOS"": 8, ""PRESUPUESTO ANALITICO DE PERSONAL"": 4, ""PLAN DE CONTINGENCIA DE TEMPORADA DE LLUVIAS"": 1, ""PLAN DE DESARROLLO TURISTICO LOCAL"": 1, ""PLAN DE DESARROLLO DE PERSONAS"": 1}"
municipalidades_2022,P23_14_1,large_string,integer,1874,0,0.0,1849,98.666,1849,98.666,25,8,0.4269,baja_categorica,4,4,4.0,25,100.0,2009.0,2022.0,2019.0,2019.0,2020.0,1.0,8,32.0,0.0,,,,"[""2021"", ""2019"", ""2017"", ""2018"", ""2020""]","{""2020"": 8, ""2019"": 6, ""2017"": 3, ""2022"": 3, ""2021"": 2, ""2018"": 1, ""2009"": 1, ""2015"": 1}"
municipalidades_2022,P23_14_2,large_string,text,1874,0,0.0,1849,98.666,1849,98.666,25,25,1.334,baja_categorica,20,24,21.76,0,0.0,,,,,,,,,0.0,,,,"[""O.M. Nº 273-2021-MPL-L/A"", ""R.A. Nº 012-2019-MDLCH"", ""R.A. Nº 130-2017-MDH/A"", ""R.A. Nº 232-2019-MPP/A"", ""R.A. Nº 209-2018-MDSH/A""]","{""O.M. Nº 273-2021-MPL-L/A"": 1, ""R.A. Nº 087-2009-MPT"": 1, ""R.A. Nº 175-2019-MDP/A"": 1, ""R.G. Nº 007-2020-GM/MDA"": 1, ""R.A. Nº 970-2021-A/MDS"": 1, ""R.A. Nº 491-2019-MDM"": 1, ""R.G. Nº 473-2020-GM/MPH"": 1, ""D.A. Nº 004-2020-MDCA"": 1, ""R.G. Nº 055-2022-MDSI"": 1, ""R.A. Nº 595-2015-MPP"": 1}"
municipalidades_2022,P23_14_3,large_string,integer,1874,0,0.0,1849,98.666,1849,98.666,25,2,0.1067,baja_categorica,1,1,1.0,25,100.0,1.0,2.0,1.6,1.0,2.0,1.0,0,0.0,0.0,,,,"[""2"", ""1""]","{""2"": 15, ""1"": 10}"
municipalidades_2022,VFI_P24,large_string,categorical_indicator,1874,0,0.0,0,0.0,0,0.0,1874,1,0.0534,baja_categorica,1,1,1.0,1874,100.0,1.0,1.0,1.0,1.0,1.0,0.0,,,0.0,,,,"[""1""]","{""1"": 1874}"
municipalidades_2022,P24,large_string,integer,1874,0,0.0,0,0.0,0,0.0,1874,2,0.1067,baja_categorica,1,1,1.0,1874,100.0,1.0,2.0,1.4723,1.0,2.0,1.0,0,0.0,0.0,,,,"[""1"", ""2""]","{""1"": 989, ""2"": 885}"
municipalidades_2022,P24_1_T,large_string,integer,1874,0,0.0,885,47.2252,885,47.2252,989,16,0.8538,baja_categorica,1,2,1.1183,989,100.0,1.0,16.0,6.2679,5.0,6.0,1.0,234,23.6603,0.0,,,,"[""10"", ""4"", ""6"", ""5"", ""8""]","{""6"": 509, ""5"": 181, ""10"": 51, ""4"": 42, ""8"": 35, ""12"": 33, ""3"": 28, ""1"": 24, ""7"": 23, ""9"": 17}"
municipalidades_2022,P24_1_M,large_string,integer,1874,0,0.0,885,47.2252,885,47.2252,989,10,0.5336,baja_categorica,1,2,1.002,989,100.0,0.0,10.0,1.8332,1.0,2.0,1.0,67,6.7745,0.0,,,,"[""1"", ""4"", ""2"", ""3"", ""5""]","{""1"": 398, ""2"": 333, ""3"": 141, ""0"": 50, ""4"": 36, ""5"": 18, ""6"": 6, ""7"": 4, ""10"": 2, ""8"": 1}"
municipalidades_2022,P24_1_H,large_string,integer,1874,0,0.0,885,47.2252,885,47.2252,989,14,0.7471,baja_categorica,1,2,1.0222,989,100.0,0.0,13.0,4.4348,3.0,5.0,2.0,55,5.5612,0.0,,,,"[""9"", ""0"", ""5"", ""4"", ""3""]","{""4"": 314, ""5"": 272, ""3"": 159, ""2"": 60, ""1"": 35, ""6"": 34, ""9"": 33, ""7"": 28, ""8"": 25, ""10"": 9}"
municipalidades_2022,P24_2_T,large_string,integer,1874,0,0.0,885,47.2252,885,47.2252,989,26,1.3874,baja_categorica,1,2,1.0425,989,100.0,0.0,42.0,1.095,0.0,0.0,0.0,,,0.0,,,,"[""1"", ""0"", ""5"", ""11"", ""2""]","{""0"": 870, ""7"": 14, ""4"": 11, ""9"": 11, ""11"": 10, ""3"": 10, ""5"": 8, ""6"": 8, ""1"": 6, ""10"": 6}"
municipalidades_2022,P24_2_M,large_string,integer,1874,0,0.0,885,47.2252,885,47.2252,989,5,0.2668,baja_categorica,1,1,1.0,989,100.0,0.0,4.0,0.0617,0.0,0.0,0.0,,,0.0,,,,"[""0"", ""1"", ""2"", ""4"", ""3""]","{""0"": 943, ""1"": 36, ""2"": 7, ""4"": 2, ""3"": 1}"
municipalidades_2022,P24_2_H,large_string,integer,1874,0,0.0,885,47.2252,885,47.2252,989,25,1.334,baja_categorica,1,2,1.0394,989,100.0,0.0,40.0,1.0334,0.0,0.0,0.0,,,0.0,,,,"[""1"", ""0"", ""5"", ""10"", ""2""]","{""0"": 870, ""7"": 15, ""4"": 13, ""5"": 11, ""11"": 10, ""9"": 8, ""10"": 8, ""3"": 8, ""8"": 7, ""6"": 6}"
municipalidades_2022,P24_3_T,large_string,integer,1874,0,0.0,885,47.2252,885,47.2252,989,19,1.0139,baja_categorica,1,2,1.0222,989,100.0,0.0,39.0,1.3488,0.0,2.0,2.0,55,5.5612,0.0,,,,"[""0"", ""1"", ""2"", ""7"", ""4""]","{""0"": 564, ""1"": 154, ""2"": 87, ""3"": 66, ""4"": 44, ""5"": 19, ""6"": 16, ""7"": 7, ""10"": 6, ""8"": 6}"
municipalidades_2022,P24_3_M,large_string,integer,1874,0,0.0,885,47.2252,885,47.2252,989,6,0.3202,baja_categorica,1,1,1.0,989,100.0,0.0,8.0,0.1254,0.0,0.0,0.0,,,0.0,,,,"[""0"", ""1"", ""2"", ""8"", ""3""]","{""0"": 900, ""1"": 68, ""2"": 13, ""3"": 6, ""8"": 1, ""4"": 1}"
municipalidades_2022,P24_3_H,large_string,integer,1874,0,0.0,885,47.2252,885,47.2252,989,18,0.9605,baja_categorica,1,2,1.0202,989,100.0,0.0,39.0,1.2235,0.0,1.0,1.0,163,16.4813,0.0,,,,"[""0"", ""1"", ""7"", ""2"", ""16""]","{""0"": 589, ""1"": 155, ""2"": 82, ""3"": 62, ""4"": 36, ""5"": 18, ""6"": 10, ""7"": 9, ""10"": 5, ""8"": 5}"
municipalidades_2022,P24_4_T,large_string,integer,1874,0,0.0,885,47.2252,885,47.2252,989,20,1.0672,baja_categorica,1,2,1.0435,989,100.0,0.0,29.0,3.6208,2.0,5.0,3.0,43,4.3478,0.0,,,,"[""1"", ""0"", ""2"", ""5"", ""6""]","{""1"": 227, ""3"": 183, ""2"": 168, ""4"": 118, ""5"": 89, ""6"": 75, ""8"": 32, ""7"": 26, ""10"": 15, ""9"": 15}"
municipalidades_2022,P24_4_M,large_string,integer,1874,0,0.0,885,47.2252,885,47.2252,989,11,0.587,baja_categorica,1,2,1.001,989,100.0,0.0,11.0,1.1527,0.0,2.0,2.0,13,1.3145,0.0,,,,"[""0"", ""1"", ""3"", ""2"", ""4""]","{""0"": 395, ""1"": 303, ""2"": 156, ""3"": 70, ""4"": 38, ""5"": 14, ""6"": 7, ""9"": 2, ""7"": 2, ""8"": 1}"
municipalidades_2022,P24_4_H,large_string,integer,1874,0,0.0,885,47.2252,885,47.2252,989,16,0.8538,baja_categorica,1,2,1.0142,989,100.0,0.0,23.0,2.4681,1.0,3.0,2.0,48,4.8534,0.0,,,,"[""1"", ""0"", ""4"", ""6"", ""5""]","{""1"": 319, ""2"": 218, ""3"": 165, ""0"": 78, ""4"": 75, ""5"": 65, ""6"": 21, ""8"": 14, ""7"": 13, ""9"": 7}"
municipalidades_2022,VFI_P25,large_string,categorical_indicator,1874,0,0.0,885,47.2252,885,47.2252,989,1,0.0534,baja_categorica,1,1,1.0,989,100.0,1.0,1.0,1.0,1.0,1.0,0.0,,,0.0,,,,"[""1""]","{""1"": 989}"
municipalidades_2022,P25_1,large_string,categorical_indicator,1874,0,0.0,885,47.2252,885,47.2252,989,2,0.1067,baja_categorica,1,1,1.0,989,100.0,0.0,1.0,0.632,0.0,1.0,1.0,0,0.0,0.0,,,,"[""1"", ""0""]","{""1"": 625, ""0"": 364}"
municipalidades_2022,P25_1_1,large_string,integer,1874,0,0.0,885,47.2252,885,47.2252,989,14,0.7471,baja_categorica,1,2,1.1031,989,100.0,0.0,24.0,2.4459,0.0,2.0,2.0,130,13.1446,0.0,,,,"[""12"", ""3"", ""1"", ""2"", ""0""]","{""0"": 364, ""2"": 236, ""1"": 145, ""12"": 82, ""3"": 60, ""4"": 36, ""6"": 20, ""5"": 18, ""10"": 14, ""11"": 5}"
municipalidades_2022,P25_2,large_string,integer,1874,0,0.0,885,47.2252,885,47.2252,989,2,0.1067,baja_categorica,1,1,1.0,989,100.0,0.0,2.0,0.7685,0.0,2.0,2.0,0,0.0,0.0,,,,"[""2"", ""0""]","{""0"": 609, ""2"": 380}"
municipalidades_2022,P25_3,large_string,integer,1874,0,0.0,885,47.2252,885,47.2252,989,2,0.1067,baja_categorica,1,1,1.0,989,100.0,0.0,3.0,2.5723,3.0,3.0,0.0,,,0.0,,,,"[""3"", ""0""]","{""3"": 848, ""0"": 141}"
municipalidades_2022,P25_4,large_string,integer,1874,0,0.0,885,47.2252,885,47.2252,989,2,0.1067,baja_categorica,1,1,1.0,989,100.0,0.0,4.0,0.093,0.0,0.0,0.0,,,0.0,,,,"[""0"", ""4""]","{""0"": 966, ""4"": 23}"
municipalidades_2022,P25_4_O,large_string,text,1874,0,0.0,1851,98.7727,1851,98.7727,23,12,0.6403,baja_categorica,13,66,23.2609,0,0.0,,,,,,,,,0.0,,,,"[""FIRMA DE ACTA DE ACUERDO Y COMPROMISO"", ""RENDICION DE CUENTAS"", ""PLAN COVID-19"", ""CABILDO ABIERTO"", ""FISCALIZACIÓN""]","{""RENDICION DE CUENTAS"": 12, ""FIRMA DE ACTA DE ACUERDO Y COMPROMISO"": 1, ""PLAN COVID-19"": 1, ""CABILDO ABIERTO"": 1, ""FISCALIZACIÓN"": 1, ""VERIFICACION DE OBRAS"": 1, ""PLAN ESTRATEGICO DE DESARROLLO TERRITORIAL Y DE POLITICAS PUBLICAS"": 1, ""INSTANCIA DE PARTICIPACIÓN"": 1, ""PLAN DE DESARROLLO URBANO"": 1, ""REUNION DE TRABAJO"": 1}"
municipalidades_2022,P25_5,large_string,integer,1874,0,0.0,885,47.2252,885,47.2252,989,2,0.1067,baja_categorica,1,1,1.0,989,100.0,0.0,5.0,0.2022,0.0,0.0,0.0,,,0.0,,,,"[""0"", ""5""]","{""0"": 949, ""5"": 40}"
municipalidades_2022,VFI_P26A,large_string,categorical_indicator,1874,0,0.0,0,0.0,0,0.0,1874,1,0.0534,baja_categorica,1,1,1.0,1874,100.0,1.0,1.0,1.0,1.0,1.0,0.0,,,0.0,,,,"[""1""]","{""1"": 1874}"
municipalidades_2022,P26A,large_string,integer,1874,0,0.0,0,0.0,0,0.0,1874,2,0.1067,baja_categorica,1,1,1.0,1874,100.0,1.0,2.0,1.159,1.0,1.0,0.0,,,0.0,,,,"[""1"", ""2""]","{""1"": 1576, ""2"": 298}"
municipalidades_2022,VFI_P26,large_string,categorical_indicator,1874,0,0.0,298,15.9018,298,15.9018,1576,1,0.0534,baja_categorica,1,1,1.0,1576,100.0,1.0,1.0,1.0,1.0,1.0,0.0,,,0.0,,,,"[""1""]","{""1"": 1576}"
municipalidades_2022,P26,large_string,integer,1874,0,0.0,298,15.9018,298,15.9018,1576,2,0.1067,baja_categorica,1,1,1.0,1576,100.0,1.0,2.0,1.2126,1.0,1.0,0.0,,,0.0,,,,"[""1"", ""2""]","{""1"": 1241, ""2"": 335}"
municipalidades_2022,P26A_1,large_string,integer,1874,0,0.0,633,33.778,633,33.778,1241,261,13.9274,media,2,3,2.6535,1241,100.0,13.0,412.0,130.3811,78.0,172.0,94.0,15,1.2087,0.0,,,,"[""98"", ""37"", ""52"", ""53"", ""88""]","{""20"": 25, ""120"": 22, ""15"": 17, ""50"": 16, ""100"": 14, ""158"": 12, ""150"": 12, ""76"": 11, ""143"": 11, ""130"": 11}"
municipalidades_2022,VFI_P27,large_string,categorical_indicator,1874,0,0.0,821,43.81,821,43.81,1053,1,0.0534,baja_categorica,1,1,1.0,1053,100.0,1.0,1.0,1.0,1.0,1.0,0.0,,,0.0,,,,"[""1""]","{""1"": 1053}"
municipalidades_2022,P27,large_string,integer,1874,0,0.0,821,43.81,821,43.81,1053,2,0.1067,baja_categorica,1,1,1.0,1053,100.0,1.0,2.0,1.4492,1.0,2.0,1.0,0,0.0,0.0,,,,"[""2"", ""1""]","{""1"": 580, ""2"": 473}"
municipalidades_2022,VFI_P28,large_string,categorical_indicator,1874,0,0.0,333,17.7695,333,17.7695,1541,1,0.0534,baja_categorica,1,1,1.0,1541,100.0,1.0,1.0,1.0,1.0,1.0,0.0,,,0.0,,,,"[""1""]","{""1"": 1541}"
municipalidades_2022,P28_1,large_string,categorical_indicator,1874,0,0.0,333,17.7695,333,17.7695,1541,2,0.1067,baja_categorica,1,1,1.0,1541,100.0,0.0,1.0,0.1123,0.0,0.0,0.0,,,0.0,,,,"[""1"", ""0""]","{""0"": 1368, ""1"": 173}"
municipalidades_2022,P28_2,large_string,integer,1874,0,0.0,333,17.7695,333,17.7695,1541,2,0.1067,baja_categorica,1,1,1.0,1541,100.0,0.0,2.0,0.3426,0.0,0.0,0.0,,,0.0,,,,"[""0"", ""2""]","{""0"": 1277, ""2"": 264}"
municipalidades_2022,P28_3,large_string,integer,1874,0,0.0,333,17.7695,333,17.7695,1541,2,0.1067,baja_categorica,1,1,1.0,1541,100.0,0.0,3.0,1.8864,0.0,3.0,3.0,0,0.0,0.0,,,,"[""0"", ""3""]","{""3"": 969, ""0"": 572}"
municipalidades_2022,P28_4,large_string,integer,1874,0,0.0,333,17.7695,333,17.7695,1541,2,0.1067,baja_categorica,1,1,1.0,1541,100.0,0.0,4.0,1.4043,0.0,4.0,4.0,0,0.0,0.0,,,,"[""0"", ""4""]","{""0"": 1000, ""4"": 541}"
municipalidades_2022,P28_5,large_string,integer,1874,0,0.0,333,17.7695,333,17.7695,1541,2,0.1067,baja_categorica,1,1,1.0,1541,100.0,0.0,5.0,0.0779,0.0,0.0,0.0,,,0.0,,,,"[""0"", ""5""]","{""0"": 1517, ""5"": 24}"
municipalidades_2022,P28_5_O,large_string,categorical_text,1874,0,0.0,1850,98.7193,1850,98.7193,24,2,0.1067,baja_categorica,14,24,16.9167,0,0.0,,,,,,,,,0.0,,,,"[""REDES SOCIALES"", ""SISTEMA UNICO DE TRAMITE""]","{""REDES SOCIALES"": 17, ""SISTEMA UNICO DE TRAMITE"": 7}"
municipalidades_2022,VFI_P29,large_string,categorical_indicator,1874,0,0.0,0,0.0,0,0.0,1874,1,0.0534,baja_categorica,1,1,1.0,1874,100.0,1.0,1.0,1.0,1.0,1.0,0.0,,,0.0,,,,"[""1""]","{""1"": 1874}"
municipalidades_2022,P29_1,large_string,integer,1874,0,0.0,0,0.0,0,0.0,1874,2,0.1067,baja_categorica,1,1,1.0,1874,100.0,1.0,2.0,1.4749,1.0,2.0,1.0,0,0.0,0.0,,,,"[""1"", ""2""]","{""1"": 984, ""2"": 890}"
municipalidades_2022,P29_1_1,large_string,integer,1874,0,0.0,890,47.492,890,47.492,984,125,6.6702,media,1,4,1.5112,984,100.0,1.0,2500.0,29.1961,3.0,20.0,17.0,117,11.8902,0.0,,,,"[""4"", ""6"", ""5"", ""2"", ""1""]","{""1"": 136, ""2"": 101, ""4"": 67, ""5"": 67, ""10"": 58, ""3"": 57, ""6"": 45, ""15"": 29, ""8"": 29, ""7"": 27}"
municipalidades_2022,P29_1_2,large_string,integer,1874,0,0.0,890,47.492,890,47.492,984,126,6.7236,media,1,4,1.4726,984,100.0,0.0,1240.0,25.4553,2.0,19.0,17.0,107,10.874,0.0,,,,"[""4"", ""6"", ""5"", ""2"", ""1""]","{""1"": 149, ""2"": 101, ""3"": 68, ""5"": 63, ""4"": 62, ""10"": 49, ""6"": 42, ""7"": 31, ""8"": 30, ""12"": 24}"
municipalidades_2022,P29_1_3,large_string,integer,1874,0,0.0,890,47.492,890,47.492,984,29,1.5475,baja_categorica,1,4,1.0457,984,100.0,0.0,1800.0,3.2419,0.0,0.0,0.0,,,0.0,,,,"[""0"", ""1"", ""23"", ""4"", ""19""]","{""0"": 799, ""1"": 48, ""2"": 32, ""3"": 22, ""5"": 15, ""10"": 9, ""4"": 8, ""6"": 6, ""8"": 5, ""9"": 4}"
municipalidades_2022,P29_1_4,large_string,text,1874,0,0.0,890,47.492,890,47.492,984,452,24.1195,media,1,6,3.0203,695,70.6301,0.0,645.0,95.2835,30.0,137.0,107.0,30,4.3165,0.0,,,,"[""32,8"", ""50"", ""75"", ""73,5"", ""10""]","{""50"": 52, ""10"": 41, ""30"": 30, ""20"": 29, ""150"": 28, ""0"": 22, ""5"": 21, ""120"": 18, ""80"": 18, ""15"": 15}"
municipalidades_2022,P29_1_5,large_string,integer,1874,0,0.0,890,47.492,890,47.492,984,17,0.9072,baja_categorica,1,2,1.0528,984,100.0,1.0,18.0,4.813,3.0,6.0,3.0,24,2.439,0.0,,,,"[""1"", ""6"", ""4"", ""5"", ""3""]","{""5"": 221, ""4"": 220, ""3"": 131, ""6"": 93, ""2"": 82, ""8"": 59, ""7"": 55, ""1"": 55, ""10"": 28, ""9"": 16}"
municipalidades_2022,P29_1_6,large_string,integer,1874,0,0.0,890,47.492,890,47.492,984,17,0.9072,baja_categorica,1,2,1.2927,984,100.0,0.0,30.0,7.4837,3.0,10.0,7.0,22,2.2358,0.0,,,,"[""2"", ""3"", ""5"", ""7"", ""15""]","{""15"": 184, ""5"": 158, ""7"": 148, ""2"": 133, ""3"": 87, ""4"": 74, ""10"": 65, ""1"": 52, ""30"": 22, ""8"": 19}"
municipalidades_2022,P29_2,large_string,integer,1874,0,0.0,0,0.0,0,0.0,1874,2,0.1067,baja_categorica,1,1,1.0,1874,100.0,1.0,2.0,1.7193,1.0,2.0,1.0,0,0.0,0.0,,,,"[""1"", ""2""]","{""2"": 1348, ""1"": 526}"
municipalidades_2022,P29_2_1,large_string,integer,1874,0,0.0,1348,71.9317,1348,71.9317,526,191,10.1921,media,1,4,1.9125,526,100.0,1.0,6507.0,180.9639,4.0,110.75,106.75,84,15.9696,0.0,,,,"[""418"", ""2"", ""6"", ""3"", ""7""]","{""1"": 59, ""2"": 38, ""3"": 24, ""5"": 23, ""4"": 19, ""8"": 17, ""10"": 15, ""6"": 13, ""11"": 10, ""7"": 9}"
municipalidades_2022,P29_2_2,large_string,integer,1874,0,0.0,1348,71.9317,1348,71.9317,526,185,9.8719,media,1,4,1.8612,526,100.0,0.0,6506.0,168.173,3.0,99.5,96.5,86,16.3498,0.0,,,,"[""418"", ""2"", ""5"", ""0"", ""7""]","{""1"": 65, ""2"": 38, ""5"": 23, ""3"": 22, ""4"": 19, ""6"": 17, ""8"": 15, ""15"": 11, ""11"": 9, ""7"": 9}"
municipalidades_2022,P29_2_3,large_string,integer,1874,0,0.0,1348,71.9317,1348,71.9317,526,54,2.8815,baja_categorica,1,3,1.1635,526,100.0,0.0,520.0,10.9525,0.0,2.0,2.0,91,17.3004,0.0,,,,"[""0"", ""1"", ""3"", ""5"", ""4""]","{""0"": 348, ""2"": 29, ""1"": 27, ""5"": 15, ""3"": 9, ""4"": 7, ""10"": 6, ""7"": 6, ""6"": 5, ""75"": 4}"
municipalidades_2022,P29_2_4,large_string,text,1874,0,0.0,1348,71.9317,1348,71.9317,526,377,20.1174,media,1,6,3.6578,278,52.8517,0.0,700.0,150.8597,55.5,207.0,151.5,10,3.5971,0.0,,,,"[""233,2"", ""515"", ""867,68"", ""10"", ""60""]","{""150"": 13, ""10"": 11, ""50"": 8, ""20"": 8, ""80"": 7, ""60"": 7, ""180"": 7, ""200"": 7, ""5"": 7, ""100"": 6}"
municipalidades_2022,P29_2_5,large_string,integer,1874,0,0.0,1348,71.9317,1348,71.9317,526,17,0.9072,baja_categorica,1,2,1.0627,526,100.0,1.0,18.0,5.057,4.0,6.0,2.0,33,6.2738,0.0,,,,"[""4"", ""2"", ""7"", ""6"", ""1""]","{""4"": 147, ""5"": 88, ""3"": 61, ""6"": 47, ""2"": 47, ""8"": 35, ""7"": 34, ""9"": 17, ""1"": 17, ""10"": 14}"
municipalidades_2022,P29_2_6,large_string,integer,1874,0,0.0,1348,71.9317,1348,71.9317,526,17,0.9072,baja_categorica,1,2,1.2795,526,100.0,0.0,30.0,7.3099,3.0,10.0,7.0,13,2.4715,0.0,,,,"[""2"", ""3"", ""9"", ""15"", ""1""]","{""2"": 106, ""15"": 96, ""7"": 74, ""4"": 66, ""5"": 51, ""3"": 35, ""10"": 27, ""1"": 22, ""9"": 13, ""30"": 13}"
municipalidades_2022,P29_3,large_string,integer,1874,0,0.0,0,0.0,0,0.0,1874,2,0.1067,baja_categorica,1,1,1.0,1874,100.0,1.0,2.0,1.8084,2.0,2.0,0.0,,,0.0,,,,"[""1"", ""2""]","{""2"": 1515, ""1"": 359}"
municipalidades_2022,P29_3_1,large_string,integer,1874,0,0.0,1515,80.8431,1515,80.8431,359,79,4.2156,baja_categorica,1,3,1.4318,359,100.0,1.0,700.0,23.9582,2.0,19.5,17.5,42,11.6992,0.0,,,,"[""7"", ""4"", ""2"", ""19"", ""9""]","{""1"": 83, ""2"": 35, ""5"": 24, ""3"": 21, ""4"": 18, ""7"": 12, ""8"": 12, ""10"": 10, ""6"": 10, ""11"": 9}"
municipalidades_2022,P29_3_2,large_string,integer,1874,0,0.0,1515,80.8431,1515,80.8431,359,68,3.6286,baja_categorica,1,3,1.3816,359,100.0,0.0,580.0,19.9136,1.0,15.5,14.5,43,11.9777,0.0,,,,"[""7"", ""3"", ""1"", ""19"", ""9""]","{""1"": 89, ""2"": 32, ""3"": 24, ""5"": 19, ""4"": 18, ""8"": 15, ""9"": 11, ""6"": 11, ""10"": 10, ""0"": 9}"
municipalidades_2022,P29_3_3,large_string,integer,1874,0,0.0,1515,80.8431,1515,80.8431,359,26,1.3874,baja_categorica,1,3,1.0696,359,100.0,0.0,200.0,2.8134,0.0,2.0,2.0,36,10.0279,0.0,,,,"[""0"", ""1"", ""2"", ""4"", ""5""]","{""0"": 240, ""1"": 27, ""2"": 22, ""3"": 20, ""5"": 8, ""4"": 6, ""7"": 5, ""10"": 4, ""8"": 3, ""11"": 3}"
municipalidades_2022,P29_3_4,large_string,text,1874,0,0.0,1515,80.8431,1515,80.8431,359,296,15.7951,media,1,7,3.8997,174,48.468,0.0,4200.0,323.4943,50.0,418.5,368.5,8,4.5977,0.0,,,,"[""481,1"", ""216,48"", ""4"", ""1200"", ""220""]","{""10"": 11, ""5"": 6, ""150"": 5, ""200"": 5, ""1"": 4, ""180"": 4, ""50"": 4, ""100"": 3, ""350"": 3, ""380"": 3}"
municipalidades_2022,P29_3_5,large_string,integer,1874,0,0.0,1515,80.8431,1515,80.8431,359,15,0.8004,baja_categorica,1,2,1.1421,359,100.0,1.0,15.0,6.5822,4.0,9.0,5.0,0,0.0,0.0,,,,"[""9"", ""6"", ""2"", ""7"", ""5""]","{""9"": 65, ""5"": 45, ""8"": 39, ""6"": 38, ""4"": 36, ""3"": 27, ""10"": 25, ""7"": 24, ""2"": 20, ""1"": 14}"
municipalidades_2022,P29_3_6,large_string,integer,1874,0,0.0,1515,80.8431,1515,80.8431,359,17,0.9072,baja_categorica,1,2,1.4039,359,100.0,1.0,30.0,9.273,7.0,10.0,3.0,102,28.4123,0.0,,,,"[""8"", ""9"", ""1"", ""3"", ""7""]","{""8"": 69, ""10"": 68, ""7"": 55, ""15"": 55, ""5"": 23, ""1"": 17, ""3"": 16, ""30"": 12, ""2"": 12, ""9"": 11}"
municipalidades_2022,P29_4,large_string,integer,1874,0,0.0,0,0.0,0,0.0,1874,2,0.1067,baja_categorica,1,1,1.0,1874,100.0,1.0,2.0,1.8469,2.0,2.0,0.0,,,0.0,,,,"[""1"", ""2""]","{""2"": 1587, ""1"": 287}"
municipalidades_2022,P29_4_1,large_string,integer,1874,0,0.0,1587,84.6852,1587,84.6852,287,71,3.7887,baja_categorica,1,3,1.4181,287,100.0,1.0,465.0,24.4355,1.0,19.0,18.0,39,13.5889,0.0,,,,"[""19"", ""1"", ""13"", ""6"", ""11""]","{""1"": 73, ""2"": 41, ""5"": 16, ""3"": 14, ""4"": 12, ""6"": 9, ""9"": 7, ""10"": 7, ""8"": 6, ""16"": 5}"
municipalidades_2022,P29_4_2,large_string,integer,1874,0,0.0,1587,84.6852,1587,84.6852,287,64,3.4152,baja_categorica,1,3,1.3728,287,100.0,0.0,429.0,19.5505,1.0,16.5,15.5,37,12.892,0.0,,,,"[""19"", ""1"", ""10"", ""0"", ""11""]","{""1"": 79, ""2"": 38, ""5"": 14, ""3"": 13, ""4"": 12, ""6"": 9, ""0"": 8, ""8"": 8, ""10"": 7, ""9"": 6}"
municipalidades_2022,P29_4_3,large_string,integer,1874,0,0.0,1587,84.6852,1587,84.6852,287,30,1.6009,baja_categorica,1,3,1.1045,287,100.0,0.0,175.0,4.4425,0.0,2.0,2.0,41,14.2857,0.0,,,,"[""0"", ""3"", ""6"", ""5"", ""2""]","{""0"": 188, ""1"": 22, ""2"": 15, ""5"": 7, ""4"": 7, ""3"": 7, ""6"": 5, ""7"": 5, ""10"": 3, ""11"": 3}"
municipalidades_2022,P29_4_4,large_string,text,1874,0,0.0,1587,84.6852,1587,84.6852,287,250,13.3404,media,1,7,4.108,131,45.6446,0.0,4400.0,543.8015,65.5,719.5,654.0,14,10.687,0.0,,,,"[""174,1"", ""100"", ""433,4"", ""10"", ""506,9""]","{""10"": 8, ""5"": 5, ""100"": 5, ""50"": 5, ""20"": 3, ""300"": 3, ""25"": 3, ""3"": 3, ""65"": 2, ""1017,9"": 2}"
municipalidades_2022,P29_4_5,large_string,integer,1874,0,0.0,1587,84.6852,1587,84.6852,287,16,0.8538,baja_categorica,1,2,1.1568,287,100.0,1.0,22.0,6.8606,4.0,9.0,5.0,1,0.3484,0.0,,,,"[""2"", ""1"", ""9"", ""8"", ""7""]","{""9"": 60, ""6"": 31, ""8"": 29, ""5"": 29, ""4"": 24, ""3"": 24, ""7"": 19, ""10"": 19, ""2"": 15, ""1"": 11}"
municipalidades_2022,P29_4_6,large_string,integer,1874,0,0.0,1587,84.6852,1587,84.6852,287,14,0.7471,baja_categorica,1,2,1.3937,287,100.0,1.0,30.0,9.2578,7.0,10.0,3.0,74,25.784,0.0,,,,"[""7"", ""1"", ""15"", ""20"", ""30""]","{""8"": 58, ""10"": 58, ""7"": 51, ""15"": 38, ""5"": 23, ""1"": 11, ""30"": 10, ""3"": 10, ""2"": 9, ""20"": 6}"
municipalidades_2022,P29_5,large_string,integer,1874,0,0.0,0,0.0,0,0.0,1874,2,0.1067,baja_categorica,1,1,1.0,1874,100.0,1.0,2.0,1.8287,2.0,2.0,0.0,,,0.0,,,,"[""1"", ""2""]","{""2"": 1553, ""1"": 321}"
municipalidades_2022,P29_5_1,large_string,integer,1874,0,0.0,1553,82.8709,1553,82.8709,321,101,5.3895,media,1,4,1.7601,321,100.0,1.0,1023.0,66.0467,4.0,43.0,39.0,53,16.5109,0.0,,,,"[""23"", ""5"", ""10"", ""16"", ""95""]","{""1"": 30, ""2"": 30, ""10"": 23, ""5"": 23, ""6"": 12, ""3"": 12, ""4"": 11, ""15"": 11, ""12"": 8, ""8"": 7}"
municipalidades_2022,P29_5_2,large_string,integer,1874,0,0.0,1553,82.8709,1553,82.8709,321,103,5.4963,media,1,3,1.7165,321,100.0,0.0,946.0,61.6044,3.0,39.0,36.0,55,17.134,0.0,,,,"[""20"", ""2"", ""8"", ""16"", ""10""]","{""2"": 35, ""1"": 34, ""3"": 19, ""10"": 18, ""5"": 18, ""8"": 12, ""15"": 11, ""6"": 9, ""20"": 8, ""12"": 8}"
municipalidades_2022,P29_5_3,large_string,integer,1874,0,0.0,1553,82.8709,1553,82.8709,321,29,1.5475,baja_categorica,1,3,1.0903,321,100.0,0.0,175.0,4.0343,0.0,2.0,2.0,40,12.4611,0.0,,,,"[""3"", ""2"", ""0"", ""1"", ""4""]","{""0"": 219, ""2"": 21, ""1"": 17, ""5"": 13, ""3"": 7, ""6"": 6, ""10"": 5, ""4"": 4, ""8"": 4, ""12"": 3}"
municipalidades_2022,P29_5_4,large_string,text,1874,0,0.0,1553,82.8709,1553,82.8709,321,189,10.0854,media,1,6,2.9813,201,62.6168,0.0,1500.0,89.1194,20.0,100.0,80.0,16,7.9602,0.0,,,,"[""51,5"", ""5"", ""20"", ""40"", ""34,8""]","{""30"": 16, ""20"": 15, ""10"": 13, ""50"": 13, ""100"": 11, ""15"": 8, ""5"": 8, ""150"": 7, ""60"": 6, ""25"": 5}"
municipalidades_2022,P29_5_5,large_string,integer,1874,0,0.0,1553,82.8709,1553,82.8709,321,15,0.8004,baja_categorica,1,2,1.0467,321,100.0,1.0,23.0,4.5826,3.0,5.0,2.0,23,7.1651,0.0,,,,"[""1"", ""5"", ""8"", ""4"", ""3""]","{""5"": 65, ""4"": 65, ""3"": 60, ""2"": 31, ""6"": 30, ""1"": 21, ""7"": 18, ""10"": 9, ""8"": 8, ""9"": 8}"
municipalidades_2022,P29_5_6,large_string,integer,1874,0,0.0,1553,82.8709,1553,82.8709,321,15,0.8004,baja_categorica,1,2,1.2368,321,100.0,0.0,60.0,7.271,3.0,8.0,5.0,18,5.6075,0.0,,,,"[""1"", ""10"", ""4"", ""7"", ""2""]","{""5"": 91, ""7"": 47, ""3"": 35, ""15"": 34, ""2"": 29, ""1"": 25, ""10"": 23, ""30"": 12, ""4"": 9, ""8"": 6}"
municipalidades_2022,P29_6,large_string,integer,1874,0,0.0,0,0.0,0,0.0,1874,2,0.1067,baja_categorica,1,1,1.0,1874,100.0,1.0,2.0,1.2086,1.0,1.0,0.0,,,0.0,,,,"[""1"", ""2""]","{""1"": 1483, ""2"": 391}"
municipalidades_2022,P29_6_1,large_string,integer,1874,0,0.0,391,20.8645,391,20.8645,1483,556,29.6692,media,1,5,2.6339,1483,100.0,1.0,85978.0,751.0459,35.0,421.0,386.0,190,12.8119,0.0,,,,"[""3619"", ""20"", ""380"", ""530"", ""35""]","{""50"": 50, ""20"": 49, ""30"": 44, ""10"": 40, ""100"": 38, ""25"": 31, ""60"": 30, ""120"": 29, ""15"": 28, ""40"": 25}"
municipalidades_2022,P29_6_2,large_string,integer,1874,0,0.0,391,20.8645,391,20.8645,1483,563,30.0427,media,1,5,2.617,1483,100.0,0.0,85978.0,745.0351,32.0,410.5,378.5,200,13.4862,0.0,,,,"[""3619"", ""20"", ""380"", ""530"", ""35""]","{""50"": 49, ""20"": 46, ""10"": 40, ""30"": 38, ""100"": 37, ""120"": 30, ""25"": 28, ""40"": 26, ""15"": 24, ""60"": 23}"
municipalidades_2022,P29_6_3,large_string,integer,1874,0,0.0,391,20.8645,391,20.8645,1483,41,2.1878,baja_categorica,1,3,1.062,1483,100.0,0.0,957.0,3.4895,0.0,0.0,0.0,,,0.0,,,,"[""0"", ""2"", ""4"", ""3"", ""10""]","{""0"": 1298, ""2"": 25, ""5"": 23, ""1"": 20, ""10"": 19, ""4"": 11, ""20"": 7, ""3"": 7, ""8"": 6, ""30"": 6}"
municipalidades_2022,P29_6_4,large_string,text,1874,0,0.0,391,20.8645,391,20.8645,1483,179,9.5518,media,1,5,2.0115,1196,80.6473,0.0,44.0,8.8687,5.0,10.0,5.0,36,3.01,0.0,,,,"[""3"", ""0"", ""5"", ""7"", ""10""]","{""10"": 403, ""5"": 299, ""15"": 82, ""12"": 66, ""8"": 45, ""7"": 41, ""6"": 40, ""3"": 34, ""13"": 34, ""11"": 24}"
municipalidades_2022,P29_6_5,large_string,integer,1874,0,0.0,391,20.8645,391,20.8645,1483,9,0.4803,baja_categorica,1,1,1.0,1483,100.0,0.0,8.0,1.6055,1.0,2.0,1.0,66,4.4504,0.0,,,,"[""1"", ""2"", ""5"", ""8"", ""4""]","{""1"": 888, ""2"": 397, ""3"": 130, ""4"": 36, ""5"": 22, ""6"": 4, ""8"": 3, ""0"": 2, ""7"": 1}"
municipalidades_2022,P29_6_6,large_string,integer,1874,0,0.0,391,20.8645,391,20.8645,1483,14,0.7471,baja_categorica,1,2,1.0216,1483,100.0,0.0,30.0,2.0054,1.0,2.0,1.0,189,12.7444,0.0,,,,"[""1"", ""2"", ""5"", ""3"", ""10""]","{""1"": 1071, ""2"": 143, ""5"": 103, ""3"": 77, ""7"": 38, ""10"": 12, ""15"": 12, ""4"": 7, ""8"": 6, ""30"": 5}"
municipalidades_2022,P29_7,large_string,integer,1874,0,0.0,0,0.0,0,0.0,1874,2,0.1067,baja_categorica,1,1,1.0,1874,100.0,1.0,2.0,1.2471,1.0,1.0,0.0,,,0.0,,,,"[""1"", ""2""]","{""1"": 1411, ""2"": 463}"
municipalidades_2022,P29_7_1,large_string,integer,1874,0,0.0,463,24.7065,463,24.7065,1411,248,13.2337,media,1,5,1.8987,1411,100.0,1.0,12381.0,105.2934,7.0,60.0,53.0,189,13.3948,0.0,,,,"[""412"", ""10"", ""60"", ""105"", ""15""]","{""5"": 100, ""10"": 99, ""20"": 73, ""15"": 59, ""1"": 56, ""3"": 55, ""2"": 53, ""50"": 46, ""30"": 38, ""6"": 38}"
municipalidades_2022,P29_7_2,large_string,integer,1874,0,0.0,463,24.7065,463,24.7065,1411,246,13.127,media,1,5,1.8824,1411,100.0,0.0,12176.0,103.2948,7.0,59.5,52.5,188,13.3239,0.0,,,,"[""412"", ""10"", ""60"", ""105"", ""15""]","{""5"": 99, ""10"": 93, ""20"": 70, ""1"": 61, ""3"": 57, ""15"": 52, ""2"": 50, ""50"": 43, ""30"": 37, ""8"": 37}"
municipalidades_2022,P29_7_3,large_string,integer,1874,0,0.0,463,24.7065,463,24.7065,1411,19,1.0139,baja_categorica,1,2,1.0227,1411,100.0,0.0,93.0,0.7186,0.0,0.0,0.0,,,0.0,,,,"[""0"", ""4"", ""2"", ""93"", ""5""]","{""0"": 1305, ""2"": 17, ""5"": 16, ""1"": 16, ""10"": 10, ""3"": 9, ""4"": 8, ""20"": 8, ""6"": 7, ""30"": 3}"
municipalidades_2022,P29_7_4,large_string,text,1874,0,0.0,463,24.7065,463,24.7065,1411,188,10.032,media,1,5,2.0879,1125,79.7307,0.0,30.0,9.592,5.0,11.0,6.0,18,1.6,0.0,,,,"[""3"", ""0"", ""5"", ""10"", ""7""]","{""10"": 409, ""5"": 221, ""15"": 101, ""12"": 72, ""8"": 48, ""6"": 38, ""7"": 32, ""13"": 31, ""20"": 28, ""3"": 25}"
municipalidades_2022,P29_7_5,large_string,integer,1874,0,0.0,463,24.7065,463,24.7065,1411,11,0.587,baja_categorica,1,2,1.0035,1411,100.0,0.0,10.0,1.6775,1.0,2.0,1.0,79,5.5989,0.0,,,,"[""1"", ""2"", ""5"", ""6"", ""3""]","{""1"": 837, ""2"": 361, ""3"": 133, ""4"": 35, ""5"": 24, ""6"": 10, ""10"": 5, ""8"": 2, ""7"": 2, ""0"": 1}"
municipalidades_2022,P29_7_6,large_string,integer,1874,0,0.0,463,24.7065,463,24.7065,1411,14,0.7471,baja_categorica,1,2,1.0198,1411,100.0,0.0,30.0,1.9383,1.0,2.0,1.0,174,12.3317,0.0,,,,"[""1"", ""2"", ""5"", ""3"", ""10""]","{""1"": 1032, ""2"": 134, ""5"": 94, ""3"": 69, ""7"": 36, ""15"": 13, ""10"": 10, ""8"": 8, ""4"": 6, ""30"": 2}"
municipalidades_2022,P29_8,large_string,integer,1874,0,0.0,0,0.0,0,0.0,1874,2,0.1067,baja_categorica,1,1,1.0,1874,100.0,1.0,2.0,1.2449,1.0,1.0,0.0,,,0.0,,,,"[""1"", ""2""]","{""1"": 1415, ""2"": 459}"
municipalidades_2022,P29_8_1,large_string,integer,1874,0,0.0,459,24.4931,459,24.4931,1415,290,15.4749,media,1,5,1.983,1415,100.0,1.0,13560.0,144.73,8.0,80.0,72.0,217,15.3357,0.0,,,,"[""523"", ""5"", ""230"", ""89"", ""13""]","{""10"": 73, ""2"": 73, ""5"": 71, ""15"": 71, ""3"": 58, ""20"": 54, ""6"": 48, ""1"": 42, ""30"": 35, ""40"": 33}"
municipalidades_2022,P29_8_2,large_string,integer,1874,0,0.0,459,24.4931,459,24.4931,1415,294,15.6884,media,1,5,1.9682,1415,100.0,0.0,13414.0,142.5449,8.0,80.0,72.0,213,15.053,0.0,,,,"[""523"", ""5"", ""230"", ""89"", ""13""]","{""10"": 79, ""2"": 72, ""5"": 70, ""15"": 63, ""3"": 57, ""6"": 52, ""1"": 48, ""20"": 46, ""4"": 34, ""30"": 34}"
municipalidades_2022,P29_8_3,large_string,integer,1874,0,0.0,459,24.4931,459,24.4931,1415,22,1.174,baja_categorica,1,3,1.0205,1415,100.0,0.0,180.0,0.7428,0.0,0.0,0.0,,,0.0,,,,"[""0"", ""1"", ""5"", ""106"", ""10""]","{""0"": 1288, ""1"": 28, ""5"": 19, ""2"": 19, ""3"": 14, ""4"": 8, ""10"": 8, ""20"": 6, ""8"": 5, ""7"": 4}"
municipalidades_2022,P29_8_4,large_string,text,1874,0,0.0,459,24.4931,459,24.4931,1415,193,10.2988,media,1,5,2.1145,1125,79.5053,0.0,80.0,10.2169,6.0,12.0,6.0,27,2.4,0.0,,,,"[""3"", ""0"", ""5"", ""20"", ""10""]","{""10"": 401, ""5"": 198, ""15"": 112, ""12"": 68, ""8"": 49, ""20"": 47, ""6"": 38, ""13"": 30, ""7"": 29, ""3"": 23}"
municipalidades_2022,P29_8_5,large_string,integer,1874,0,0.0,459,24.4931,459,24.4931,1415,12,0.6403,baja_categorica,1,2,1.0078,1415,100.0,0.0,15.0,1.8544,1.0,2.0,1.0,125,8.8339,0.0,,,,"[""1"", ""2"", ""3"", ""6"", ""5""]","{""1"": 826, ""2"": 347, ""3"": 116, ""5"": 35, ""4"": 32, ""6"": 21, ""7"": 12, ""10"": 8, ""8"": 8, ""9"": 6}"
municipalidades_2022,P29_8_6,large_string,integer,1874,0,0.0,459,24.4931,459,24.4931,1415,15,0.8004,baja_categorica,1,2,1.0254,1415,100.0,0.0,30.0,2.053,1.0,2.0,1.0,196,13.8516,0.0,,,,"[""1"", ""2"", ""5"", ""3"", ""10""]","{""1"": 1016, ""2"": 138, ""5"": 99, ""3"": 63, ""7"": 41, ""15"": 16, ""10"": 14, ""8"": 12, ""4"": 7, ""30"": 2}"
municipalidades_2022,P29_9,large_string,integer,1874,0,0.0,0,0.0,0,0.0,1874,2,0.1067,baja_categorica,1,1,1.0,1874,100.0,1.0,2.0,1.6633,1.0,2.0,1.0,0,0.0,0.0,,,,"[""1"", ""2""]","{""2"": 1243, ""1"": 631}"
municipalidades_2022,P29_9_1,large_string,integer,1874,0,0.0,1243,66.3287,1243,66.3287,631,216,11.5261,media,1,5,2.2108,631,100.0,1.0,17771.0,329.5404,10.0,200.0,190.0,88,13.9461,0.0,,,,"[""5"", ""700"", ""6000"", ""5018"", ""810""]","{""1"": 58, ""10"": 29, ""50"": 25, ""5"": 24, ""2"": 23, ""20"": 21, ""3"": 20, ""100"": 20, ""200"": 16, ""15"": 16}"
municipalidades_2022,P29_9_4,large_string,categorical_text,1874,0,0.0,1243,66.3287,1243,66.3287,631,19,1.0139,baja_categorica,1,3,1.9414,51,8.0824,0.0,0.0,0.0,0.0,0.0,0.0,,,0.0,,,,"["",1"", "",5"", "",3"", ""0"", "",2""]","{"",1"": 408, "",2"": 107, ""0"": 51, "",5"": 31, "",3"": 14, "",25"": 3, "",13"": 3, "",7"": 2, "",23"": 2, "",05"": 1}"
municipalidades_2022,P29_9_5,large_string,integer,1874,0,0.0,1243,66.3287,1243,66.3287,631,9,0.4803,baja_categorica,1,2,1.0016,631,100.0,0.0,18.0,1.5531,1.0,2.0,1.0,27,4.2789,0.0,,,,"[""1"", ""2"", ""0"", ""5"", ""3""]","{""1"": 401, ""2"": 154, ""3"": 38, ""0"": 11, ""5"": 9, ""4"": 7, ""6"": 7, ""8"": 3, ""18"": 1}"
municipalidades_2022,P29_9_6,large_string,integer,1874,0,0.0,1243,66.3287,1243,66.3287,631,14,0.7471,baja_categorica,1,2,1.2472,631,100.0,0.0,30.0,4.7464,1.0,8.0,7.0,5,0.7924,0.0,,,,"[""1"", ""7"", ""3"", ""5"", ""10""]","{""1"": 275, ""10"": 136, ""7"": 86, ""5"": 47, ""2"": 31, ""3"": 24, ""15"": 12, ""0"": 4, ""8"": 4, ""4"": 3}"
municipalidades_2022,VFI_P30,large_string,categorical_indicator,1874,0,0.0,0,0.0,0,0.0,1874,1,0.0534,baja_categorica,1,1,1.0,1874,100.0,1.0,1.0,1.0,1.0,1.0,0.0,,,0.0,,,,"[""1""]","{""1"": 1874}"
municipalidades_2022,P30_1,large_string,categorical_indicator,1874,0,0.0,0,0.0,0,0.0,1874,2,0.1067,baja_categorica,1,1,1.0,1874,100.0,0.0,1.0,0.9979,1.0,1.0,0.0,,,0.0,,,,"[""1"", ""0""]","{""1"": 1870, ""0"": 4}"
municipalidades_2022,P30_2,large_string,integer,1874,0,0.0,0,0.0,0,0.0,1874,2,0.1067,baja_categorica,1,1,1.0,1874,100.0,0.0,2.0,0.8687,0.0,2.0,2.0,0,0.0,0.0,,,,"[""2"", ""0""]","{""0"": 1060, ""2"": 814}"
municipalidades_2022,P30_3,large_string,integer,1874,0,0.0,0,0.0,0,0.0,1874,2,0.1067,baja_categorica,1,1,1.0,1874,100.0,0.0,3.0,2.2876,3.0,3.0,0.0,,,0.0,,,,"[""3"", ""0""]","{""3"": 1429, ""0"": 445}"
municipalidades_2022,P30_4,large_string,integer,1874,0,0.0,0,0.0,0,0.0,1874,2,0.1067,baja_categorica,1,1,1.0,1874,100.0,0.0,4.0,0.587,0.0,0.0,0.0,,,0.0,,,,"[""4"", ""0""]","{""0"": 1599, ""4"": 275}"
municipalidades_2022,P30_5,large_string,integer,1874,0,0.0,0,0.0,0,0.0,1874,2,0.1067,baja_categorica,1,1,1.0,1874,100.0,0.0,5.0,2.1638,0.0,5.0,5.0,0,0.0,0.0,,,,"[""5"", ""0""]","{""0"": 1063, ""5"": 811}"
municipalidades_2022,P30_7,large_string,integer,1874,0,0.0,0,0.0,0,0.0,1874,2,0.1067,baja_categorica,1,1,1.0,1874,100.0,0.0,7.0,3.3879,0.0,7.0,7.0,0,0.0,0.0,,,,"[""7"", ""0""]","{""0"": 967, ""7"": 907}"
municipalidades_2022,P30_8,large_string,integer,1874,0,0.0,0,0.0,0,0.0,1874,2,0.1067,baja_categorica,1,1,1.0,1874,100.0,0.0,8.0,3.7567,0.0,8.0,8.0,0,0.0,0.0,,,,"[""8"", ""0""]","{""0"": 994, ""8"": 880}"
municipalidades_2022,P30_6,large_string,integer,1874,0,0.0,0,0.0,0,0.0,1874,2,0.1067,baja_categorica,1,1,1.0,1874,100.0,0.0,6.0,0.1729,0.0,0.0,0.0,,,0.0,,,,"[""0"", ""6""]","{""0"": 1820, ""6"": 54}"
municipalidades_2022,P30_6_O,large_string,categorical_text,1874,0,0.0,1820,97.1185,1820,97.1185,54,4,0.2134,baja_categorica,10,18,12.963,0,0.0,,,,,,,,,0.0,,,,"[""PAGINA WEB"", ""ENTREVISTA DIRECTA"", ""ASAMBLEA PUBLICA"", ""APLICATIVO MOVIL""]","{""PAGINA WEB"": 31, ""ENTREVISTA DIRECTA"": 11, ""ASAMBLEA PUBLICA"": 8, ""APLICATIVO MOVIL"": 4}"
municipalidades_2022,VFI_P31,large_string,categorical_indicator,1874,0,0.0,0,0.0,0,0.0,1874,1,0.0534,baja_categorica,1,1,1.0,1874,100.0,1.0,1.0,1.0,1.0,1.0,0.0,,,0.0,,,,"[""1""]","{""1"": 1874}"
municipalidades_2022,P31_1,large_string,categorical_indicator,1874,0,0.0,0,0.0,0,0.0,1874,2,0.1067,baja_categorica,1,1,1.0,1874,100.0,0.0,1.0,0.9685,1.0,1.0,0.0,,,0.0,,,,"[""1"", ""0""]","{""1"": 1815, ""0"": 59}"
municipalidades_2022,P31_2,large_string,integer,1874,0,0.0,0,0.0,0,0.0,1874,2,0.1067,baja_categorica,1,1,1.0,1874,100.0,0.0,2.0,0.1537,0.0,0.0,0.0,,,0.0,,,,"[""0"", ""2""]","{""0"": 1730, ""2"": 144}"
municipalidades_2022,P31_3,large_string,integer,1874,0,0.0,0,0.0,0,0.0,1874,2,0.1067,baja_categorica,1,1,1.0,1874,100.0,0.0,3.0,0.0816,0.0,0.0,0.0,,,0.0,,,,"[""0"", ""3""]","{""0"": 1823, ""3"": 51}"
municipalidades_2022,P31_4,large_string,integer,1874,0,0.0,0,0.0,0,0.0,1874,2,0.1067,baja_categorica,1,1,1.0,1874,100.0,0.0,4.0,0.8687,0.0,0.0,0.0,,,0.0,,,,"[""0"", ""4""]","{""0"": 1467, ""4"": 407}"
municipalidades_2022,P31_5,large_string,integer,1874,0,0.0,0,0.0,0,0.0,1874,2,0.1067,baja_categorica,1,1,1.0,1874,100.0,0.0,5.0,0.0507,0.0,0.0,0.0,,,0.0,,,,"[""0"", ""5""]","{""0"": 1855, ""5"": 19}"
municipalidades_2022,P31_5_O,large_string,text,1874,0,0.0,1855,98.9861,1855,98.9861,19,7,0.3735,baja_categorica,6,34,12.1053,0,0.0,,,,,,,,,0.0,,,,"[""CHEQUE"", ""COBRO A DOMICILIO"", ""EN NOTARIAS EN EFECTIVO Y TARJETAS"", ""APP YO PAGO MAGDALENA"", ""APP SAN ISIDRO EN TUS MANOS""]","{""CHEQUE"": 11, ""COBRO A DOMICILIO"": 3, ""EN NOTARIAS EN EFECTIVO Y TARJETAS"": 1, ""APP YO PAGO MAGDALENA"": 1, ""APP SAN ISIDRO EN TUS MANOS"": 1, ""APP SURCO PAGO"": 1, ""PLATAFORMA NIUBIZ"": 1}"
municipalidades_2022,VFI_P32,large_string,categorical_indicator,1874,0,0.0,0,0.0,0,0.0,1874,1,0.0534,baja_categorica,1,1,1.0,1874,100.0,1.0,1.0,1.0,1.0,1.0,0.0,,,0.0,,,,"[""1""]","{""1"": 1874}"
municipalidades_2022,P32,large_string,integer,1874,0,0.0,0,0.0,0,0.0,1874,2,0.1067,baja_categorica,1,1,1.0,1874,100.0,1.0,2.0,1.3682,1.0,2.0,1.0,0,0.0,0.0,,,,"[""1"", ""2""]","{""1"": 1184, ""2"": 690}"
municipalidades_2022,P32_1_T,large_string,integer,1874,0,0.0,690,36.8196,690,36.8196,1184,84,4.4824,baja_categorica,1,3,1.1858,1184,100.0,0.0,714.0,8.2373,1.0,5.0,4.0,172,14.527,0.0,,,,"[""15"", ""1"", ""13"", ""2"", ""4""]","{""1"": 575, ""2"": 159, ""3"": 63, ""4"": 52, ""6"": 32, ""5"": 31, ""7"": 25, ""10"": 20, ""11"": 16, ""9"": 16}"
municipalidades_2022,P32_1_M,large_string,integer,1874,0,0.0,690,36.8196,690,36.8196,1184,51,2.7215,baja_categorica,1,3,1.0988,1184,100.0,0.0,330.0,3.9527,0.0,2.25,2.25,171,14.4426,0.0,,,,"[""6"", ""0"", ""4"", ""1"", ""2""]","{""1"": 450, ""0"": 330, ""2"": 108, ""3"": 72, ""4"": 30, ""5"": 23, ""6"": 19, ""7"": 18, ""8"": 13, ""12"": 10}"
municipalidades_2022,P32_1_H,large_string,integer,1874,0,0.0,690,36.8196,690,36.8196,1184,53,2.8282,baja_categorica,1,3,1.1056,1184,100.0,0.0,384.0,4.2846,0.0,3.0,3.0,154,13.0068,0.0,,,,"[""9"", ""1"", ""0"", ""2"", ""3""]","{""1"": 405, ""0"": 367, ""2"": 87, ""3"": 64, ""4"": 38, ""5"": 31, ""6"": 21, ""8"": 21, ""7"": 17, ""12"": 11}"
municipalidades_2022,P32_2_T,large_string,integer,1874,0,0.0,690,36.8196,690,36.8196,1184,81,4.3223,baja_categorica,1,3,1.1833,1184,100.0,1.0,722.0,8.4628,1.0,5.0,4.0,181,15.2872,0.0,,,,"[""19"", ""1"", ""8"", ""2"", ""4""]","{""1"": 589, ""2"": 153, ""3"": 71, ""4"": 45, ""6"": 36, ""5"": 33, ""7"": 20, ""9"": 16, ""11"": 16, ""8"": 15}"
municipalidades_2022,P32_2_M,large_string,integer,1874,0,0.0,690,36.8196,690,36.8196,1184,52,2.7748,baja_categorica,1,3,1.1005,1184,100.0,0.0,331.0,4.0929,0.0,2.0,2.0,184,15.5405,0.0,,,,"[""6"", ""0"", ""2"", ""1"", ""3""]","{""1"": 449, ""0"": 316, ""2"": 125, ""3"": 60, ""4"": 28, ""5"": 22, ""6"": 21, ""7"": 18, ""9"": 15, ""8"": 12}"
municipalidades_2022,P32_2_H,large_string,integer,1874,0,0.0,690,36.8196,690,36.8196,1184,58,3.095,baja_categorica,1,3,1.1098,1184,100.0,0.0,391.0,4.3699,0.0,3.0,3.0,153,12.9223,0.0,,,,"[""13"", ""1"", ""6"", ""0"", ""2""]","{""1"": 403, ""0"": 367, ""2"": 96, ""3"": 62, ""4"": 36, ""5"": 31, ""6"": 24, ""8"": 14, ""7"": 12, ""9"": 10}"
municipalidades_2022,VFI_P33,large_string,categorical_indicator,1874,0,0.0,0,0.0,0,0.0,1874,1,0.0534,baja_categorica,1,1,1.0,1874,100.0,1.0,1.0,1.0,1.0,1.0,0.0,,,0.0,,,,"[""1""]","{""1"": 1874}"
municipalidades_2022,P33A,large_string,integer,1874,0,0.0,0,0.0,0,0.0,1874,3,0.1601,baja_categorica,1,1,1.0,1874,100.0,1.0,3.0,2.6046,3.0,3.0,0.0,,,0.0,,,,"[""1"", ""3"", ""2""]","{""3"": 1460, ""1"": 327, ""2"": 87}"
municipalidades_2022,VFI_P34,large_string,categorical_indicator,1874,0,0.0,0,0.0,0,0.0,1874,1,0.0534,baja_categorica,1,1,1.0,1874,100.0,1.0,1.0,1.0,1.0,1.0,0.0,,,0.0,,,,"[""1""]","{""1"": 1874}"
municipalidades_2022,P34_1,large_string,integer,1874,0,0.0,0,0.0,0,0.0,1874,2,0.1067,baja_categorica,1,1,1.0,1874,100.0,1.0,2.0,1.7343,1.0,2.0,1.0,0,0.0,0.0,,,,"[""1"", ""2""]","{""2"": 1376, ""1"": 498}"
municipalidades_2022,P34A_1,large_string,integer,1874,0,0.0,1376,73.4258,1376,73.4258,498,40,2.1345,baja_categorica,1,3,1.1546,498,100.0,1.0,400.0,6.4177,1.0,5.75,4.75,58,11.6466,0.0,,,,"[""12"", ""1"", ""4"", ""2"", ""15""]","{""1"": 159, ""2"": 105, ""3"": 46, ""4"": 38, ""5"": 25, ""6"": 20, ""8"": 17, ""7"": 9, ""16"": 7, ""12"": 7}"
municipalidades_2022,P34_2,large_string,integer,1874,0,0.0,0,0.0,0,0.0,1874,2,0.1067,baja_categorica,1,1,1.0,1874,100.0,1.0,2.0,1.5299,1.0,2.0,1.0,0,0.0,0.0,,,,"[""1"", ""2""]","{""2"": 993, ""1"": 881}"
municipalidades_2022,P34A_2,large_string,integer,1874,0,0.0,993,52.9883,993,52.9883,881,113,6.0299,media,1,3,1.4098,881,100.0,1.0,638.0,22.2395,2.0,16.0,14.0,108,12.2588,0.0,,,,"[""76"", ""5"", ""7"", ""2"", ""1""]","{""1"": 142, ""2"": 129, ""3"": 84, ""4"": 58, ""5"": 48, ""6"": 34, ""8"": 31, ""7"": 29, ""10"": 27, ""12"": 16}"
municipalidades_2022,P34_3,large_string,integer,1874,0,0.0,0,0.0,0,0.0,1874,2,0.1067,baja_categorica,1,1,1.0,1874,100.0,1.0,2.0,1.9072,2.0,2.0,0.0,,,0.0,,,,"[""1"", ""2""]","{""2"": 1700, ""1"": 174}"
municipalidades_2022,P34A_3,large_string,integer,1874,0,0.0,1700,90.715,1700,90.715,174,24,1.2807,baja_categorica,1,2,1.1149,174,100.0,1.0,59.0,4.7816,1.0,4.0,3.0,22,12.6437,0.0,,,,"[""6"", ""1"", ""11"", ""8"", ""3""]","{""1"": 74, ""2"": 44, ""3"": 10, ""5"": 7, ""4"": 7, ""8"": 6, ""7"": 3, ""41"": 2, ""11"": 2, ""16"": 2}"
municipalidades_2022,P34_4,large_string,integer,1874,0,0.0,0,0.0,0,0.0,1874,2,0.1067,baja_categorica,1,1,1.0,1874,100.0,1.0,2.0,1.8132,2.0,2.0,0.0,,,0.0,,,,"[""1"", ""2""]","{""2"": 1524, ""1"": 350}"
municipalidades_2022,P34A_4,large_string,integer,1874,0,0.0,1524,81.3234,1524,81.3234,350,55,2.9349,baja_categorica,1,3,1.2771,350,100.0,1.0,160.0,11.0514,1.0,10.0,9.0,39,11.1429,0.0,,,,"[""8"", ""5"", ""4"", ""3"", ""2""]","{""1"": 103, ""2"": 55, ""3"": 28, ""4"": 21, ""5"": 15, ""8"": 11, ""6"": 11, ""10"": 9, ""9"": 9, ""7"": 7}"
municipalidades_2022,P34_5,large_string,integer,1874,0,0.0,0,0.0,0,0.0,1874,2,0.1067,baja_categorica,1,1,1.0,1874,100.0,1.0,2.0,1.8479,2.0,2.0,0.0,,,0.0,,,,"[""2"", ""1""]","{""2"": 1589, ""1"": 285}"
municipalidades_2022,P34A_5,large_string,integer,1874,0,0.0,1589,84.7919,1589,84.7919,285,20,1.0672,baja_categorica,1,2,1.0632,285,100.0,1.0,34.0,3.4877,1.0,4.0,3.0,21,7.3684,0.0,,,,"[""3"", ""1"", ""2"", ""8"", ""9""]","{""1"": 115, ""2"": 62, ""3"": 27, ""4"": 18, ""5"": 12, ""8"": 11, ""6"": 10, ""7"": 9, ""11"": 4, ""13"": 4}"
municipalidades_2022,P34_6,large_string,integer,1874,0,0.0,0,0.0,0,0.0,1874,2,0.1067,baja_categorica,1,1,1.0,1874,100.0,1.0,2.0,1.9344,2.0,2.0,0.0,,,0.0,,,,"[""2"", ""1""]","{""2"": 1751, ""1"": 123}"
municipalidades_2022,P34A_6,large_string,integer,1874,0,0.0,1751,93.4365,1751,93.4365,123,12,0.6403,baja_categorica,1,2,1.0407,123,100.0,1.0,19.0,2.4797,1.0,2.0,1.0,18,14.6341,0.0,,,,"[""2"", ""3"", ""1"", ""8"", ""4""]","{""1"": 60, ""2"": 35, ""3"": 10, ""5"": 5, ""6"": 4, ""4"": 3, ""8"": 1, ""10"": 1, ""15"": 1, ""14"": 1}"
municipalidades_2022,P34_7,large_string,integer,1874,0,0.0,0,0.0,0,0.0,1874,2,0.1067,baja_categorica,1,1,1.0,1874,100.0,1.0,2.0,1.834,2.0,2.0,0.0,,,0.0,,,,"[""1"", ""2""]","{""2"": 1563, ""1"": 311}"
municipalidades_2022,P34A_7,large_string,integer,1874,0,0.0,1563,83.4045,1563,83.4045,311,23,1.2273,baja_categorica,1,2,1.0836,311,100.0,1.0,66.0,4.0836,1.0,4.0,3.0,35,11.254,0.0,,,,"[""5"", ""2"", ""1"", ""3"", ""15""]","{""1"": 105, ""2"": 69, ""3"": 41, ""4"": 21, ""5"": 14, ""6"": 13, ""9"": 9, ""8"": 8, ""7"": 5, ""10"": 5}"
municipalidades_2022,P34_8,large_string,integer,1874,0,0.0,0,0.0,0,0.0,1874,2,0.1067,baja_categorica,1,1,1.0,1874,100.0,1.0,2.0,1.8479,2.0,2.0,0.0,,,0.0,,,,"[""1"", ""2""]","{""2"": 1589, ""1"": 285}"
municipalidades_2022,P34A_8,large_string,integer,1874,0,0.0,1589,84.7919,1589,84.7919,285,55,2.9349,baja_categorica,1,3,1.2702,285,100.0,1.0,350.0,12.8842,1.0,10.0,9.0,40,14.0351,0.0,,,,"[""37"", ""16"", ""1"", ""6"", ""4""]","{""1"": 77, ""2"": 52, ""3"": 25, ""4"": 16, ""8"": 14, ""5"": 10, ""10"": 9, ""9"": 7, ""12"": 7, ""7"": 5}"
municipalidades_2022,P34_9,large_string,integer,1874,0,0.0,0,0.0,0,0.0,1874,2,0.1067,baja_categorica,1,1,1.0,1874,100.0,1.0,2.0,1.8581,2.0,2.0,0.0,,,0.0,,,,"[""1"", ""2""]","{""2"": 1608, ""1"": 266}"
municipalidades_2022,P34A_9,large_string,integer,1874,0,0.0,1608,85.8058,1608,85.8058,266,64,3.4152,baja_categorica,1,3,1.3947,266,100.0,1.0,504.0,22.1504,2.0,15.75,13.75,41,15.4135,0.0,,,,"[""15"", ""3"", ""2"", ""1"", ""18""]","{""1"": 52, ""2"": 40, ""3"": 21, ""4"": 18, ""5"": 13, ""6"": 13, ""7"": 7, ""14"": 6, ""8"": 6, ""11"": 6}"
municipalidades_2022,P34_10,large_string,integer,1874,0,0.0,0,0.0,0,0.0,1874,2,0.1067,baja_categorica,1,1,1.0,1874,100.0,1.0,2.0,1.8794,2.0,2.0,0.0,,,0.0,,,,"[""2"", ""1""]","{""2"": 1648, ""1"": 226}"
municipalidades_2022,P34A_10,large_string,integer,1874,0,0.0,1648,87.9402,1648,87.9402,226,20,1.0672,baja_categorica,1,2,1.0708,226,100.0,1.0,52.0,3.6549,1.0,4.0,3.0,19,8.4071,0.0,,,,"[""1"", ""3"", ""4"", ""10"", ""8""]","{""1"": 87, ""2"": 53, ""4"": 23, ""3"": 23, ""5"": 8, ""8"": 5, ""7"": 5, ""9"": 3, ""10"": 3, ""6"": 3}"
municipalidades_2022,P34_11,large_string,integer,1874,0,0.0,0,0.0,0,0.0,1874,2,0.1067,baja_categorica,1,1,1.0,1874,100.0,1.0,2.0,1.8741,2.0,2.0,0.0,,,0.0,,,,"[""1"", ""2""]","{""2"": 1638, ""1"": 236}"
municipalidades_2022,P34A_11,large_string,integer,1874,0,0.0,1638,87.4066,1638,87.4066,236,15,0.8004,baja_categorica,1,2,1.0339,236,100.0,1.0,28.0,2.8983,1.0,3.25,2.25,20,8.4746,0.0,,,,"[""1"", ""5"", ""2"", ""3"", ""4""]","{""1"": 92, ""2"": 62, ""3"": 23, ""4"": 20, ""5"": 11, ""6"": 8, ""8"": 6, ""9"": 3, ""7"": 3, ""11"": 2}"
municipalidades_2022,P34_12,large_string,integer,1874,0,0.0,0,0.0,0,0.0,1874,2,0.1067,baja_categorica,1,1,1.0,1874,100.0,1.0,2.0,1.8762,2.0,2.0,0.0,,,0.0,,,,"[""1"", ""2""]","{""2"": 1642, ""1"": 232}"
municipalidades_2022,P34A_12,large_string,integer,1874,0,0.0,1642,87.6201,1642,87.6201,232,33,1.7609,baja_categorica,1,2,1.1293,232,100.0,1.0,47.0,5.4009,1.0,5.0,4.0,28,12.069,0.0,,,,"[""15"", ""3"", ""5"", ""2"", ""1""]","{""1"": 76, ""2"": 55, ""3"": 25, ""5"": 12, ""4"": 11, ""6"": 10, ""8"": 7, ""7"": 4, ""12"": 3, ""23"": 2}"
municipalidades_2022,P34_13,large_string,integer,1874,0,0.0,0,0.0,0,0.0,1874,2,0.1067,baja_categorica,1,1,1.0,1874,100.0,1.0,2.0,1.8778,2.0,2.0,0.0,,,0.0,,,,"[""2"", ""1""]","{""2"": 1645, ""1"": 229}"
municipalidades_2022,P34A_13,large_string,integer,1874,0,0.0,1645,87.7801,1645,87.7801,229,45,2.4013,baja_categorica,1,3,1.2707,229,100.0,1.0,723.0,19.3319,1.0,8.0,7.0,36,15.7205,0.0,,,,"[""1"", ""2"", ""3"", ""5"", ""58""]","{""1"": 85, ""2"": 32, ""3"": 23, ""4"": 16, ""5"": 9, ""10"": 5, ""25"": 4, ""8"": 4, ""17"": 3, ""6"": 3}"
municipalidades_2022,P34A_13_O,large_string,text,1874,0,0.0,1645,87.7801,1645,87.7801,229,69,3.682,baja_categorica,5,63,17.69,0,0.0,,,,,,,,,0.0,,,,"[""CONSULTORIOS ODONTOLOGICOS"", ""COLISEO DE GALLOS"", ""SERVICIOS GENERALES"", ""MULTISERVICIOS"", ""REPARACION DE APARATOS TELEFONICOS""]","{""MULTISERVICIOS"": 37, ""TALLER DE MECANICA"": 27, ""SERVICIOS GENERALES"": 14, ""CONSULTORIOS MEDICOS"": 13, ""ALMACEN"": 13, ""AGENTES BANCARIOS"": 11, ""LAVANDERIAS"": 8, ""CENTROS MEDICOS"": 8, ""LAVADERO DE VEHICULOS"": 8, ""REPARACION DE APARATOS TELEFONICOS"": 7}"
municipalidades_2022,P34_14,large_string,integer,1874,0,0.0,0,0.0,0,0.0,1874,2,0.1067,baja_categorica,1,1,1.0,1874,100.0,1.0,2.0,1.9669,2.0,2.0,0.0,,,0.0,,,,"[""2"", ""1""]","{""2"": 1812, ""1"": 62}"
municipalidades_2022,P34A_14,large_string,integer,1874,0,0.0,1812,96.6916,1812,96.6916,62,10,0.5336,baja_categorica,1,2,1.0645,62,100.0,1.0,15.0,2.629,1.0,2.0,1.0,8,12.9032,0.0,,,,"[""3"", ""2"", ""1"", ""5"", ""14""]","{""1"": 27, ""2"": 21, ""3"": 6, ""5"": 2, ""14"": 1, ""11"": 1, ""4"": 1, ""15"": 1, ""13"": 1, ""9"": 1}"
municipalidades_2022,P34_15,large_string,integer,1874,0,0.0,0,0.0,0,0.0,1874,2,0.1067,baja_categorica,1,1,1.0,1874,100.0,1.0,2.0,1.9861,2.0,2.0,0.0,,,0.0,,,,"[""2"", ""1""]","{""2"": 1848, ""1"": 26}"
municipalidades_2022,P34A_15,large_string,integer,1874,0,0.0,1848,98.6126,1848,98.6126,26,3,0.1601,baja_categorica,1,1,1.0,26,100.0,1.0,3.0,1.6154,1.0,2.0,1.0,0,0.0,0.0,,,,"[""2"", ""1"", ""3""]","{""2"": 14, ""1"": 11, ""3"": 1}"
municipalidades_2022,P34_16,large_string,integer,1874,0,0.0,0,0.0,0,0.0,1874,2,0.1067,baja_categorica,1,1,1.0,1874,100.0,1.0,2.0,1.9845,2.0,2.0,0.0,,,0.0,,,,"[""2"", ""1""]","{""2"": 1845, ""1"": 29}"
municipalidades_2022,P34A_16,large_string,integer,1874,0,0.0,1845,98.4525,1845,98.4525,29,6,0.3202,baja_categorica,1,2,1.069,29,100.0,1.0,14.0,2.1379,1.0,1.0,0.0,,,0.0,,,,"[""1"", ""3"", ""12"", ""2"", ""14""]","{""1"": 23, ""4"": 2, ""3"": 1, ""12"": 1, ""2"": 1, ""14"": 1}"
municipalidades_2022,P34A_16_O,large_string,text,1874,0,0.0,1845,98.4525,1845,98.4525,29,16,0.8538,baja_categorica,6,44,18.8276,0,0.0,,,,,,,,,0.0,,,,"[""CENTRO DE POLLOS VIVOS"", ""PRODUCTOS AGRÍCOLAS"", ""GRANJA AGROPECUARIA"", ""GRANJA DE CUYES"", ""VIVERO""]","{""GRANJA DE CUYES"": 7, ""CENTRO DE POLLOS VIVOS"": 3, ""CENTRO DE FAENAMIENTO"": 3, ""VIVERO"": 2, ""GRANJA DE PORCINOS"": 2, ""PRODUCTOS AGROPECUARIOS"": 2, ""PRODUCTOS AGRÍCOLAS"": 1, ""GRANJA AGROPECUARIA"": 1, ""AGROINDUSTRIA DE ACEITUNAS Y FRUTAS"": 1, ""VENTA DE MATERIAS PRIMAS PARA ANIMALES VIVOS"": 1}"
municipalidades_2022,P34_17,large_string,integer,1874,0,0.0,0,0.0,0,0.0,1874,2,0.1067,baja_categorica,1,1,1.0,1874,100.0,1.0,2.0,1.9472,2.0,2.0,0.0,,,0.0,,,,"[""2"", ""1""]","{""2"": 1775, ""1"": 99}"
municipalidades_2022,P34A_17,large_string,integer,1874,0,0.0,1775,94.7172,1775,94.7172,99,15,0.8004,baja_categorica,1,2,1.0909,99,100.0,1.0,82.0,3.8788,1.0,2.0,1.0,19,19.1919,0.0,,,,"[""1"", ""2"", ""23"", ""12"", ""4""]","{""1"": 50, ""2"": 26, ""3"": 4, ""12"": 3, ""7"": 3, ""10"": 2, ""8"": 2, ""6"": 2, ""23"": 1, ""4"": 1}"
municipalidades_2022,P34_18,large_string,integer,1874,0,0.0,0,0.0,0,0.0,1874,2,0.1067,baja_categorica,1,1,1.0,1874,100.0,1.0,2.0,1.9418,2.0,2.0,0.0,,,0.0,,,,"[""2"", ""1""]","{""2"": 1765, ""1"": 109}"
municipalidades_2022,P34A_18,large_string,integer,1874,0,0.0,1765,94.1836,1765,94.1836,109,21,1.1206,baja_categorica,1,3,1.2018,109,100.0,1.0,190.0,6.945,1.0,5.0,4.0,16,14.6789,0.0,,,,"[""1"", ""3"", ""2"", ""51"", ""10""]","{""1"": 32, ""2"": 30, ""3"": 11, ""4"": 8, ""12"": 4, ""10"": 3, ""21"": 3, ""9"": 2, ""7"": 2, ""5"": 2}"
municipalidades_2022,P34_19,large_string,integer,1874,0,0.0,0,0.0,0,0.0,1874,2,0.1067,baja_categorica,1,1,1.0,1874,100.0,1.0,2.0,1.9541,2.0,2.0,0.0,,,0.0,,,,"[""2"", ""1""]","{""2"": 1788, ""1"": 86}"
municipalidades_2022,P34A_19,large_string,integer,1874,0,0.0,1788,95.4109,1788,95.4109,86,9,0.4803,baja_categorica,1,2,1.0116,86,100.0,1.0,13.0,2.0,1.0,2.0,1.0,11,12.7907,0.0,,,,"[""2"", ""1"", ""4"", ""9"", ""7""]","{""1"": 51, ""2"": 20, ""4"": 5, ""3"": 4, ""7"": 2, ""9"": 1, ""8"": 1, ""5"": 1, ""13"": 1}"
municipalidades_2022,P34_20,large_string,integer,1874,0,0.0,0,0.0,0,0.0,1874,2,0.1067,baja_categorica,1,1,1.0,1874,100.0,1.0,2.0,1.984,2.0,2.0,0.0,,,0.0,,,,"[""2"", ""1""]","{""2"": 1844, ""1"": 30}"
municipalidades_2022,P34A_20,large_string,integer,1874,0,0.0,1844,98.3991,1844,98.3991,30,5,0.2668,baja_categorica,1,1,1.0,30,100.0,1.0,7.0,2.2,1.0,2.0,1.0,3,10.0,0.0,,,,"[""2"", ""1"", ""3"", ""7"", ""4""]","{""2"": 13, ""1"": 10, ""3"": 4, ""7"": 2, ""4"": 1}"
municipalidades_2022,P34_21,large_string,integer,1874,0,0.0,0,0.0,0,0.0,1874,2,0.1067,baja_categorica,1,1,1.0,1874,100.0,1.0,2.0,1.8127,2.0,2.0,0.0,,,0.0,,,,"[""1"", ""2""]","{""2"": 1523, ""1"": 351}"
municipalidades_2022,P34A_21,large_string,integer,1874,0,0.0,1523,81.27,1523,81.27,351,35,1.8677,baja_categorica,1,2,1.1311,351,100.0,1.0,96.0,5.2792,1.0,5.0,4.0,34,9.6866,0.0,,,,"[""5"", ""2"", ""1"", ""4"", ""10""]","{""1"": 119, ""2"": 77, ""3"": 37, ""4"": 22, ""5"": 17, ""6"": 11, ""8"": 9, ""10"": 8, ""9"": 8, ""7"": 5}"
municipalidades_2022,P34_22,large_string,integer,1874,0,0.0,0,0.0,0,0.0,1874,2,0.1067,baja_categorica,1,1,1.0,1874,100.0,1.0,2.0,1.976,2.0,2.0,0.0,,,0.0,,,,"[""1"", ""2""]","{""2"": 1829, ""1"": 45}"
municipalidades_2022,P34A_22,large_string,integer,1874,0,0.0,1829,97.5987,1829,97.5987,45,12,0.6403,baja_categorica,1,2,1.1111,45,100.0,1.0,23.0,3.9333,1.0,5.0,4.0,3,6.6667,0.0,,,,"[""5"", ""2"", ""1"", ""6"", ""8""]","{""1"": 19, ""2"": 9, ""6"": 4, ""5"": 2, ""3"": 2, ""4"": 2, ""11"": 2, ""8"": 1, ""14"": 1, ""9"": 1}"
municipalidades_2022,P34A_22_O,large_string,text,1874,0,0.0,1829,97.5987,1829,97.5987,45,28,1.4941,baja_categorica,7,59,14.5556,0,0.0,,,,,,,,,0.0,,,,"[""HELADERIAS"", ""VIDRIERIAS"", ""JOYERIA"", ""MADERERA"", ""ELABORACIÓN DE CALZADO""]","{""CARPINTERIA"": 7, ""HELADERIAS"": 6, ""MADERERA"": 5, ""TEXTILERIA"": 2, ""MUEBLERIA"": 2, ""SASTRERIA"": 1, ""PRODUCTOS QUIMICOS"": 1, ""TALLER DE ESTRUCTURAS METALICAS"": 1, ""ELABORACION, ALMACENAMIENTO Y COMERCIALIZACION DE ALIMENTOS"": 1, ""PLANTA PROCESADORA DE LACTEOS Y QUESOS"": 1}"
municipalidades_2022,P34_23,large_string,integer,1874,0,0.0,0,0.0,0,0.0,1874,2,0.1067,baja_categorica,1,1,1.0,1874,100.0,1.0,2.0,1.4861,1.0,2.0,1.0,0,0.0,0.0,,,,"[""1"", ""2""]","{""1"": 963, ""2"": 911}"
municipalidades_2022,P34A_23,large_string,integer,1874,0,0.0,911,48.6126,911,48.6126,963,122,6.5101,media,1,4,1.4174,963,100.0,1.0,1081.0,23.4933,2.0,15.0,13.0,133,13.811,0.0,,,,"[""87"", ""4"", ""5"", ""1"", ""9""]","{""1"": 156, ""2"": 104, ""3"": 79, ""5"": 65, ""4"": 61, ""6"": 48, ""10"": 44, ""7"": 35, ""8"": 32, ""9"": 29}"
municipalidades_2022,P34_24,large_string,integer,1874,0,0.0,0,0.0,0,0.0,1874,2,0.1067,baja_categorica,1,1,1.0,1874,100.0,1.0,2.0,1.6521,1.0,2.0,1.0,0,0.0,0.0,,,,"[""1"", ""2""]","{""2"": 1222, ""1"": 652}"
municipalidades_2022,P34A_24,large_string,integer,1874,0,0.0,1222,65.2081,1222,65.2081,652,59,3.1483,baja_categorica,1,3,1.2193,652,100.0,1.0,300.0,9.316,1.0,7.0,6.0,78,11.9632,0.0,,,,"[""30"", ""1"", ""9"", ""2"", ""5""]","{""1"": 196, ""2"": 122, ""3"": 62, ""5"": 39, ""4"": 37, ""6"": 20, ""7"": 20, ""10"": 19, ""8"": 12, ""14"": 9}"
municipalidades_2022,P34_25,large_string,integer,1874,0,0.0,0,0.0,0,0.0,1874,2,0.1067,baja_categorica,1,1,1.0,1874,100.0,1.0,2.0,1.7423,1.0,2.0,1.0,0,0.0,0.0,,,,"[""1"", ""2""]","{""2"": 1391, ""1"": 483}"
municipalidades_2022,P34A_25,large_string,integer,1874,0,0.0,1391,74.2263,1391,74.2263,483,46,2.4546,baja_categorica,1,4,1.1925,483,100.0,1.0,1509.0,10.5259,1.0,7.0,6.0,61,12.6294,0.0,,,,"[""7"", ""1"", ""4"", ""2"", ""11""]","{""1"": 137, ""2"": 87, ""3"": 56, ""4"": 31, ""5"": 26, ""7"": 20, ""6"": 18, ""8"": 12, ""10"": 8, ""12"": 7}"
municipalidades_2022,P34_26,large_string,integer,1874,0,0.0,0,0.0,0,0.0,1874,2,0.1067,baja_categorica,1,1,1.0,1874,100.0,1.0,2.0,1.8015,2.0,2.0,0.0,,,0.0,,,,"[""1"", ""2""]","{""2"": 1502, ""1"": 372}"
municipalidades_2022,P34A_26,large_string,integer,1874,0,0.0,1502,80.1494,1502,80.1494,372,48,2.5614,baja_categorica,1,4,1.2554,372,100.0,1.0,1776.0,15.8226,1.0,9.0,8.0,37,9.9462,0.0,,,,"[""5"", ""3"", ""1"", ""2"", ""6""]","{""1"": 95, ""2"": 67, ""3"": 34, ""4"": 26, ""5"": 23, ""6"": 11, ""13"": 10, ""10"": 10, ""8"": 10, ""15"": 9}"
municipalidades_2022,P34_27,large_string,integer,1874,0,0.0,0,0.0,0,0.0,1874,2,0.1067,baja_categorica,1,1,1.0,1874,100.0,1.0,2.0,1.897,2.0,2.0,0.0,,,0.0,,,,"[""2"", ""1""]","{""2"": 1681, ""1"": 193}"
municipalidades_2022,P34A_27,large_string,integer,1874,0,0.0,1681,89.7012,1681,89.7012,193,25,1.334,baja_categorica,1,3,1.1451,193,100.0,1.0,433.0,7.5078,1.0,5.0,4.0,19,9.8446,0.0,,,,"[""1"", ""3"", ""8"", ""2"", ""4""]","{""1"": 64, ""2"": 39, ""3"": 27, ""4"": 10, ""5"": 7, ""6"": 6, ""10"": 6, ""9"": 5, ""8"": 5, ""7"": 3}"
municipalidades_2022,P34_28,large_string,integer,1874,0,0.0,0,0.0,0,0.0,1874,2,0.1067,baja_categorica,1,1,1.0,1874,100.0,1.0,2.0,1.9408,2.0,2.0,0.0,,,0.0,,,,"[""2"", ""1""]","{""2"": 1763, ""1"": 111}"
municipalidades_2022,P34A_28,large_string,integer,1874,0,0.0,1763,94.0768,1763,94.0768,111,6,0.3202,baja_categorica,1,2,1.009,111,100.0,1.0,10.0,1.7207,1.0,2.0,1.0,10,9.009,0.0,,,,"[""1"", ""2"", ""4"", ""5"", ""3""]","{""1"": 71, ""2"": 21, ""3"": 9, ""5"": 5, ""4"": 4, ""10"": 1}"
municipalidades_2022,P34_29,large_string,integer,1874,0,0.0,0,0.0,0,0.0,1874,2,0.1067,baja_categorica,1,1,1.0,1874,100.0,1.0,2.0,1.9232,2.0,2.0,0.0,,,0.0,,,,"[""2"", ""1""]","{""2"": 1730, ""1"": 144}"
municipalidades_2022,P34A_29,large_string,integer,1874,0,0.0,1730,92.3159,1730,92.3159,144,16,0.8538,baja_categorica,1,2,1.0833,144,100.0,1.0,98.0,4.0556,1.0,3.25,2.25,21,14.5833,0.0,,,,"[""1"", ""20"", ""3"", ""2"", ""6""]","{""1"": 59, ""2"": 33, ""3"": 16, ""4"": 9, ""5"": 5, ""15"": 4, ""7"": 4, ""8"": 3, ""10"": 2, ""9"": 2}"
municipalidades_2022,P34_30,large_string,integer,1874,0,0.0,0,0.0,0,0.0,1874,2,0.1067,baja_categorica,1,1,1.0,1874,100.0,1.0,2.0,1.8911,2.0,2.0,0.0,,,0.0,,,,"[""1"", ""2""]","{""2"": 1670, ""1"": 204}"
municipalidades_2022,P34A_30,large_string,integer,1874,0,0.0,1670,89.1142,1670,89.1142,204,16,0.8538,baja_categorica,1,2,1.0343,204,100.0,1.0,27.0,2.8873,1.0,3.0,2.0,15,7.3529,0.0,,,,"[""2"", ""1"", ""3"", ""6"", ""5""]","{""1"": 79, ""2"": 60, ""3"": 25, ""4"": 11, ""5"": 9, ""6"": 5, ""9"": 3, ""8"": 3, ""7"": 2, ""11"": 1}"
municipalidades_2022,P34_31,large_string,integer,1874,0,0.0,0,0.0,0,0.0,1874,2,0.1067,baja_categorica,1,1,1.0,1874,100.0,1.0,2.0,1.8714,2.0,2.0,0.0,,,0.0,,,,"[""1"", ""2""]","{""2"": 1633, ""1"": 241}"
municipalidades_2022,P34A_31,large_string,integer,1874,0,0.0,1633,87.1398,1633,87.1398,241,55,2.9349,baja_categorica,1,3,1.39,241,100.0,1.0,320.0,17.1037,1.0,16.0,15.0,26,10.7884,0.0,,,,"[""23"", ""12"", ""13"", ""1"", ""14""]","{""1"": 80, ""2"": 22, ""6"": 13, ""7"": 10, ""4"": 10, ""3"": 9, ""5"": 7, ""10"": 5, ""21"": 5, ""13"": 4}"
municipalidades_2022,P34A_31_O,large_string,text,1874,0,0.0,1633,87.1398,1633,87.1398,241,79,4.2156,baja_categorica,5,41,13.8133,0,0.0,,,,,,,,,0.0,,,,"[""BAZAR"", ""LIBRERIA BAZAR"", ""GAS DOMESTICO"", ""REPUESTOS PARA VEHICULOS AUTOMOTRICES"", ""REPUESTOS Y MOTOS""]","{""BAZAR"": 34, ""LIBRERIA"": 25, ""LIBRERIA BAZAR"": 15, ""EQUIPOS CELULARES"": 14, ""COMBUSTIBLE"": 13, ""LICORERIAS"": 11, ""MINIMARKET"": 11, ""REPUESTOS PARA VEHICULOS MENORES"": 10, ""JUGUERIA"": 7, ""CELULARES"": 6}"
municipalidades_2022,VFI_P35,large_string,categorical_indicator,1874,0,0.0,0,0.0,0,0.0,1874,1,0.0534,baja_categorica,1,1,1.0,1874,100.0,1.0,1.0,1.0,1.0,1.0,0.0,,,0.0,,,,"[""1""]","{""1"": 1874}"
municipalidades_2022,P35_1,large_string,integer,1874,0,0.0,0,0.0,0,0.0,1874,2,0.1067,baja_categorica,1,1,1.0,1874,100.0,1.0,2.0,1.5256,1.0,2.0,1.0,0,0.0,0.0,,,,"[""1"", ""2""]","{""2"": 985, ""1"": 889}"
municipalidades_2022,P35A_1,large_string,integer,1874,0,0.0,985,52.5614,985,52.5614,889,198,10.5656,media,1,4,1.7897,889,100.0,1.0,1744.0,60.7829,5.0,58.0,53.0,89,10.0112,0.0,,,,"[""78"", ""10"", ""6"", ""2"", ""48""]","{""1"": 65, ""2"": 61, ""5"": 50, ""3"": 40, ""4"": 38, ""10"": 31, ""6"": 28, ""8"": 24, ""15"": 23, ""20"": 21}"
municipalidades_2022,P35_2,large_string,integer,1874,0,0.0,0,0.0,0,0.0,1874,2,0.1067,baja_categorica,1,1,1.0,1874,100.0,1.0,2.0,1.8106,2.0,2.0,0.0,,,0.0,,,,"[""1"", ""2""]","{""2"": 1519, ""1"": 355}"
municipalidades_2022,P35A_2,large_string,integer,1874,0,0.0,1519,81.0566,1519,81.0566,355,83,4.429,baja_categorica,1,3,1.4817,355,100.0,1.0,227.0,21.9437,2.0,26.0,24.0,36,10.1408,0.0,,,,"[""27"", ""6"", ""1"", ""4"", ""49""]","{""2"": 56, ""1"": 48, ""3"": 23, ""4"": 18, ""5"": 17, ""10"": 15, ""8"": 11, ""6"": 10, ""20"": 9, ""7"": 9}"
municipalidades_2022,P35_3,large_string,integer,1874,0,0.0,0,0.0,0,0.0,1874,2,0.1067,baja_categorica,1,1,1.0,1874,100.0,1.0,2.0,1.8842,2.0,2.0,0.0,,,0.0,,,,"[""1"", ""2""]","{""2"": 1657, ""1"": 217}"
municipalidades_2022,P35A_3,large_string,integer,1874,0,0.0,1657,88.4205,1657,88.4205,217,33,1.7609,baja_categorica,1,2,1.2488,217,100.0,1.0,98.0,8.2258,2.0,9.0,7.0,21,9.6774,0.0,,,,"[""21"", ""2"", ""1"", ""17"", ""3""]","{""2"": 50, ""1"": 46, ""3"": 20, ""5"": 15, ""6"": 10, ""4"": 9, ""10"": 8, ""15"": 8, ""7"": 6, ""13"": 4}"
municipalidades_2022,P35_4,large_string,integer,1874,0,0.0,0,0.0,0,0.0,1874,2,0.1067,baja_categorica,1,1,1.0,1874,100.0,1.0,2.0,1.9354,2.0,2.0,0.0,,,0.0,,,,"[""1"", ""2""]","{""2"": 1753, ""1"": 121}"
municipalidades_2022,P35A_4,large_string,integer,1874,0,0.0,1753,93.5432,1753,93.5432,121,15,0.8004,baja_categorica,1,2,1.0744,121,100.0,1.0,30.0,3.5207,1.0,4.0,3.0,10,8.2645,0.0,,,,"[""2"", ""1"", ""4"", ""3"", ""5""]","{""2"": 43, ""1"": 38, ""5"": 14, ""3"": 7, ""4"": 5, ""10"": 2, ""6"": 2, ""30"": 2, ""7"": 2, ""18"": 1}"
municipalidades_2022,P35_5,large_string,integer,1874,0,0.0,0,0.0,0,0.0,1874,2,0.1067,baja_categorica,1,1,1.0,1874,100.0,1.0,2.0,1.9354,2.0,2.0,0.0,,,0.0,,,,"[""2"", ""1""]","{""2"": 1753, ""1"": 121}"
municipalidades_2022,P35A_5,large_string,integer,1874,0,0.0,1753,93.5432,1753,93.5432,121,19,1.0139,baja_categorica,1,3,1.1322,121,100.0,1.0,100.0,5.1157,1.0,5.0,4.0,13,10.7438,0.0,,,,"[""1"", ""5"", ""2"", ""15"", ""6""]","{""1"": 36, ""2"": 25, ""3"": 18, ""4"": 9, ""5"": 8, ""6"": 4, ""15"": 3, ""9"": 3, ""13"": 2, ""8"": 2}"
municipalidades_2022,P35_6,large_string,integer,1874,0,0.0,0,0.0,0,0.0,1874,2,0.1067,baja_categorica,1,1,1.0,1874,100.0,1.0,2.0,1.9867,2.0,2.0,0.0,,,0.0,,,,"[""2"", ""1""]","{""2"": 1849, ""1"": 25}"
municipalidades_2022,P35A_6,large_string,integer,1874,0,0.0,1849,98.666,1849,98.666,25,4,0.2134,baja_categorica,1,1,1.0,25,100.0,1.0,4.0,1.76,1.0,2.0,1.0,1,4.0,0.0,,,,"[""1"", ""2"", ""4"", ""3""]","{""2"": 14, ""1"": 9, ""4"": 1, ""3"": 1}"
municipalidades_2022,P35_7,large_string,integer,1874,0,0.0,0,0.0,0,0.0,1874,2,0.1067,baja_categorica,1,1,1.0,1874,100.0,1.0,2.0,1.9306,2.0,2.0,0.0,,,0.0,,,,"[""1"", ""2""]","{""2"": 1744, ""1"": 130}"
municipalidades_2022,P35A_7,large_string,integer,1874,0,0.0,1744,93.063,1744,93.063,130,12,0.6403,baja_categorica,1,2,1.0308,130,100.0,1.0,20.0,2.7692,1.0,3.0,2.0,7,5.3846,0.0,,,,"[""3"", ""1"", ""2"", ""9"", ""4""]","{""1"": 50, ""2"": 35, ""3"": 13, ""4"": 11, ""5"": 9, ""6"": 5, ""7"": 2, ""9"": 1, ""16"": 1, ""20"": 1}"
municipalidades_2022,P35_8,large_string,integer,1874,0,0.0,0,0.0,0,0.0,1874,2,0.1067,baja_categorica,1,1,1.0,1874,100.0,1.0,2.0,1.9642,2.0,2.0,0.0,,,0.0,,,,"[""2"", ""1""]","{""2"": 1807, ""1"": 67}"
municipalidades_2022,P35A_8,large_string,integer,1874,0,0.0,1807,96.4248,1807,96.4248,67,12,0.6403,baja_categorica,1,2,1.0448,67,100.0,1.0,14.0,2.8507,1.0,3.0,2.0,8,11.9403,0.0,,,,"[""1"", ""7"", ""2"", ""5"", ""10""]","{""2"": 29, ""1"": 20, ""3"": 6, ""7"": 2, ""4"": 2, ""8"": 2, ""5"": 1, ""10"": 1, ""14"": 1, ""13"": 1}"
municipalidades_2022,P35_9,large_string,integer,1874,0,0.0,0,0.0,0,0.0,1874,2,0.1067,baja_categorica,1,1,1.0,1874,100.0,1.0,2.0,1.9424,2.0,2.0,0.0,,,0.0,,,,"[""2"", ""1""]","{""2"": 1766, ""1"": 108}"
municipalidades_2022,P35A_9,large_string,integer,1874,0,0.0,1766,94.2369,1766,94.2369,108,8,0.4269,baja_categorica,1,2,1.0093,108,100.0,1.0,29.0,2.2222,1.0,2.0,1.0,16,14.8148,0.0,,,,"[""2"", ""1"", ""29"", ""9"", ""5""]","{""1"": 54, ""2"": 33, ""4"": 6, ""5"": 5, ""3"": 5, ""6"": 3, ""29"": 1, ""9"": 1}"
municipalidades_2022,P35_10,large_string,integer,1874,0,0.0,0,0.0,0,0.0,1874,2,0.1067,baja_categorica,1,1,1.0,1874,100.0,1.0,2.0,1.9845,2.0,2.0,0.0,,,0.0,,,,"[""2"", ""1""]","{""2"": 1845, ""1"": 29}"
municipalidades_2022,P35A_10,large_string,integer,1874,0,0.0,1845,98.4525,1845,98.4525,29,3,0.1601,baja_categorica,1,1,1.0,29,100.0,1.0,3.0,1.5517,1.0,2.0,1.0,0,0.0,0.0,,,,"[""2"", ""1"", ""3""]","{""2"": 14, ""1"": 14, ""3"": 1}"
municipalidades_2022,P35_11,large_string,integer,1874,0,0.0,0,0.0,0,0.0,1874,2,0.1067,baja_categorica,1,1,1.0,1874,100.0,1.0,2.0,1.9269,2.0,2.0,0.0,,,0.0,,,,"[""2"", ""1""]","{""2"": 1737, ""1"": 137}"
municipalidades_2022,P35A_11,large_string,integer,1874,0,0.0,1737,92.6894,1737,92.6894,137,33,1.7609,baja_categorica,1,4,1.2555,137,100.0,1.0,1028.0,21.3066,1.0,8.0,7.0,19,13.8686,0.0,,,,"[""1"", ""5"", ""7"", ""2"", ""31""]","{""1"": 41, ""2"": 27, ""3"": 10, ""8"": 7, ""4"": 7, ""5"": 6, ""7"": 5, ""6"": 3, ""15"": 3, ""31"": 2}"
municipalidades_2022,P35A_11_O,large_string,text,1874,0,0.0,1737,92.6894,1737,92.6894,137,24,1.2807,baja_categorica,3,37,15.6715,0,0.0,,,,,,,,,0.0,,,,"[""BODEGA"", ""INFRAESTRUCTURA DE TELECOMUNICACIONES"", ""CERCO PERIMETRICO"", ""SERVICIO DE FIBRA OPTICA"", ""DEMOLICION""]","{""CERCO PERIMETRICO"": 36, ""DEMOLICION"": 32, ""OFICINA"": 10, ""ESTACION DE SERVICIOS (GRIFO)"": 9, ""BODEGA"": 7, ""TIENDA COMERCIAL"": 7, ""INFRAESTRUCTURA DE TELECOMUNICACIONES"": 6, ""CENTRO DE SALUD"": 5, ""VIVIENDAS DEL PROGRAMA TECHO PROPIO"": 5, ""ALMACEN"": 3}"
municipalidades_2022,VFI_P36,large_string,categorical_indicator,1874,0,0.0,0,0.0,0,0.0,1874,1,0.0534,baja_categorica,1,1,1.0,1874,100.0,1.0,1.0,1.0,1.0,1.0,0.0,,,0.0,,,,"[""1""]","{""1"": 1874}"
municipalidades_2022,P36,large_string,integer,1874,0,0.0,0,0.0,0,0.0,1874,2,0.1067,baja_categorica,1,1,1.0,1874,100.0,1.0,2.0,1.5928,1.0,2.0,1.0,0,0.0,0.0,,,,"[""1"", ""2""]","{""2"": 1111, ""1"": 763}"
municipalidades_2022,P36_1,large_string,integer,1874,0,0.0,1111,59.285,1111,59.285,763,192,10.2455,media,1,4,1.7798,763,100.0,1.0,1188.0,60.1586,4.0,63.0,59.0,78,10.2228,0.0,,,,"[""51"", ""5"", ""10"", ""2"", ""21""]","{""1"": 76, ""2"": 71, ""5"": 43, ""4"": 30, ""10"": 28, ""3"": 26, ""15"": 20, ""6"": 18, ""12"": 14, ""30"": 13}"
municipalidades_2022,P36_2,large_string,integer,1874,0,0.0,1111,59.285,1111,59.285,763,150,8.0043,media,1,4,1.5203,763,100.0,0.0,1065.0,35.5347,0.0,34.0,34.0,94,12.3198,0.0,,,,"[""19"", ""5"", ""0"", ""15"", ""1""]","{""0"": 194, ""1"": 69, ""2"": 60, ""5"": 40, ""4"": 27, ""10"": 22, ""3"": 16, ""8"": 13, ""15"": 12, ""6"": 11}"
municipalidades_2022,P36_3,large_string,integer,1874,0,0.0,1111,59.285,1111,59.285,763,170,9.0715,media,1,4,1.5898,763,100.0,0.0,4571.0,59.6606,0.0,40.0,40.0,102,13.3683,0.0,,,,"[""19"", ""5"", ""0"", ""33"", ""1""]","{""0"": 194, ""2"": 66, ""1"": 46, ""5"": 34, ""4"": 25, ""10"": 21, ""3"": 17, ""20"": 14, ""6"": 12, ""12"": 12}"
municipalidades_2022,VFI_P37,large_string,categorical_indicator,1874,0,0.0,0,0.0,0,0.0,1874,1,0.0534,baja_categorica,1,1,1.0,1874,100.0,1.0,1.0,1.0,1.0,1.0,0.0,,,0.0,,,,"[""1""]","{""1"": 1874}"
municipalidades_2022,P37_1,large_string,integer,1874,0,0.0,0,0.0,0,0.0,1874,2,0.1067,baja_categorica,1,1,1.0,1874,100.0,1.0,2.0,1.8282,2.0,2.0,0.0,,,0.0,,,,"[""1"", ""2""]","{""2"": 1552, ""1"": 322}"
municipalidades_2022,P37A_1,large_string,integer,1874,0,0.0,1552,82.8175,1552,82.8175,322,42,2.2412,baja_categorica,1,3,1.2112,322,100.0,1.0,237.0,8.5497,1.0,7.0,6.0,36,11.1801,0.0,,,,"[""2"", ""5"", ""3"", ""1"", ""8""]","{""1"": 91, ""2"": 64, ""3"": 32, ""4"": 22, ""5"": 18, ""6"": 11, ""15"": 9, ""8"": 8, ""7"": 7, ""10"": 6}"
municipalidades_2022,P37_2,large_string,integer,1874,0,0.0,0,0.0,0,0.0,1874,2,0.1067,baja_categorica,1,1,1.0,1874,100.0,1.0,2.0,1.9621,2.0,2.0,0.0,,,0.0,,,,"[""1"", ""2""]","{""2"": 1803, ""1"": 71}"
municipalidades_2022,P37A_2,large_string,integer,1874,0,0.0,1803,96.2113,1803,96.2113,71,11,0.587,baja_categorica,1,2,1.0986,71,100.0,1.0,40.0,4.3944,1.0,4.0,3.0,7,9.8592,0.0,,,,"[""4"", ""2"", ""3"", ""1"", ""40""]","{""1"": 22, ""2"": 20, ""4"": 8, ""5"": 8, ""3"": 5, ""32"": 2, ""15"": 2, ""40"": 1, ""8"": 1, ""11"": 1}"
municipalidades_2022,P37_3,large_string,integer,1874,0,0.0,0,0.0,0,0.0,1874,2,0.1067,baja_categorica,1,1,1.0,1874,100.0,1.0,2.0,1.9771,2.0,2.0,0.0,,,0.0,,,,"[""1"", ""2""]","{""2"": 1831, ""1"": 43}"
municipalidades_2022,P37A_3,large_string,integer,1874,0,0.0,1831,97.7054,1831,97.7054,43,8,0.4269,baja_categorica,1,2,1.0233,43,100.0,1.0,10.0,2.3488,1.0,2.0,1.0,6,13.9535,0.0,,,,"[""1"", ""2"", ""5"", ""3"", ""6""]","{""2"": 21, ""1"": 14, ""3"": 2, ""7"": 2, ""5"": 1, ""6"": 1, ""10"": 1, ""4"": 1}"
municipalidades_2022,P37_4,large_string,integer,1874,0,0.0,0,0.0,0,0.0,1874,2,0.1067,baja_categorica,1,1,1.0,1874,100.0,1.0,2.0,1.9819,2.0,2.0,0.0,,,0.0,,,,"[""2"", ""1""]","{""2"": 1840, ""1"": 34}"
municipalidades_2022,P37A_4,large_string,integer,1874,0,0.0,1840,98.1857,1840,98.1857,34,5,0.2668,baja_categorica,1,2,1.0294,34,100.0,1.0,18.0,2.2941,1.0,2.0,1.0,3,8.8235,0.0,,,,"[""2"", ""1"", ""5"", ""18"", ""6""]","{""2"": 18, ""1"": 13, ""5"": 1, ""18"": 1, ""6"": 1}"
municipalidades_2022,P37_5,large_string,integer,1874,0,0.0,0,0.0,0,0.0,1874,2,0.1067,baja_categorica,1,1,1.0,1874,100.0,1.0,2.0,1.9963,2.0,2.0,0.0,,,0.0,,,,"[""2"", ""1""]","{""2"": 1867, ""1"": 7}"
municipalidades_2022,P37A_5,large_string,integer,1874,0,0.0,1867,99.6265,1867,99.6265,7,2,0.1067,baja_categorica,1,1,1.0,7,100.0,1.0,2.0,1.2857,1.0,1.5,0.5,0,0.0,0.0,,,,"[""1"", ""2""]","{""1"": 5, ""2"": 2}"
municipalidades_2022,P37A_5_O,large_string,text,1874,0,0.0,1867,99.6265,1867,99.6265,7,6,0.3202,baja_categorica,9,37,22.7143,0,0.0,,,,,,,,,0.0,,,,"[""REGULARIZACION DE HABILITACION URBANA"", ""INSTITUTO"", ""CENTRO DE SALUD"", ""CENTRO EDUCATIVO RECREACIONAL"", ""UNIVERSIDAD""]","{""REGULARIZACION DE HABILITACION URBANA"": 2, ""INSTITUTO"": 1, ""CENTRO DE SALUD"": 1, ""CENTRO EDUCATIVO RECREACIONAL"": 1, ""UNIVERSIDAD"": 1, ""INSTITUCION EDUCATIVA"": 1}"
municipalidades_2022,VFI_P38,large_string,categorical_indicator,1874,0,0.0,0,0.0,0,0.0,1874,1,0.0534,baja_categorica,1,1,1.0,1874,100.0,1.0,1.0,1.0,1.0,1.0,0.0,,,0.0,,,,"[""1""]","{""1"": 1874}"
municipalidades_2022,P38,large_string,integer,1874,0,0.0,0,0.0,0,0.0,1874,2,0.1067,baja_categorica,1,1,1.0,1874,100.0,1.0,2.0,1.857,2.0,2.0,0.0,,,0.0,,,,"[""2"", ""1""]","{""2"": 1606, ""1"": 268}"
municipalidades_2022,P38_1,large_string,integer,1874,0,0.0,1606,85.699,1606,85.699,268,41,2.1878,baja_categorica,1,3,1.2052,268,100.0,1.0,632.0,12.4328,1.0,6.0,5.0,37,13.806,0.0,,,,"[""1"", ""2"", ""3"", ""6"", ""5""]","{""1"": 77, ""2"": 45, ""3"": 32, ""4"": 20, ""6"": 17, ""5"": 16, ""8"": 6, ""10"": 6, ""15"": 5, ""12"": 3}"
municipalidades_2022,P38_2,large_string,integer,1874,0,0.0,1606,85.699,1606,85.699,268,174,9.285,media,2,6,4.1493,268,100.0,25.0,900000.0,48261.1604,600.0,21039.5,20439.5,39,14.5522,0.0,,,,"[""170"", ""30000"", ""120"", ""2000"", ""400""]","{""1000"": 13, ""10000"": 11, ""2000"": 9, ""500"": 9, ""300"": 7, ""200"": 6, ""5000"": 6, ""400"": 5, ""600"": 4, ""40000"": 4}"
municipalidades_2022,P38A_1,large_string,integer,1874,0,0.0,1700,90.715,1700,90.715,174,27,1.4408,baja_categorica,1,3,1.2126,174,100.0,1.0,632.0,12.2931,1.0,6.0,5.0,22,12.6437,0.0,,,,"[""1"", ""3"", ""2"", ""15"", ""13""]","{""1"": 60, ""2"": 35, ""3"": 17, ""4"": 9, ""5"": 7, ""15"": 6, ""10"": 6, ""6"": 5, ""9"": 4, ""13"": 3}"
municipalidades_2022,P38A_2,large_string,integer,1874,0,0.0,1703,90.8751,1703,90.8751,171,20,1.0672,baja_categorica,1,3,1.1637,171,100.0,1.0,632.0,9.9532,1.0,4.0,3.0,26,15.2047,0.0,,,,"[""1"", ""3"", ""2"", ""4"", ""14""]","{""1"": 61, ""2"": 41, ""3"": 20, ""4"": 8, ""6"": 8, ""10"": 7, ""5"": 7, ""20"": 3, ""15"": 3, ""14"": 2}"
municipalidades_2022,P38A_3,large_string,integer,1874,0,0.0,1745,93.1163,1745,93.1163,129,25,1.334,baja_categorica,1,3,1.2248,129,100.0,1.0,632.0,16.845,1.0,6.0,5.0,16,12.4031,0.0,,,,"[""1"", ""2"", ""3"", ""5"", ""6""]","{""1"": 39, ""2"": 34, ""3"": 9, ""4"": 7, ""5"": 7, ""6"": 7, ""10"": 5, ""11"": 2, ""15"": 2, ""12"": 2}"
municipalidades_2022,VFI_P39B,large_string,categorical_indicator,1874,0,0.0,0,0.0,0,0.0,1874,1,0.0534,baja_categorica,1,1,1.0,1874,100.0,1.0,1.0,1.0,1.0,1.0,0.0,,,0.0,,,,"[""1""]","{""1"": 1874}"
municipalidades_2022,P39B_1,large_string,integer,1874,0,0.0,0,0.0,0,0.0,1874,2,0.1067,baja_categorica,1,1,1.0,1874,100.0,1.0,2.0,1.8773,2.0,2.0,0.0,,,0.0,,,,"[""2"", ""1""]","{""2"": 1644, ""1"": 230}"
municipalidades_2022,P39B_2,large_string,integer,1874,0,0.0,0,0.0,0,0.0,1874,2,0.1067,baja_categorica,1,1,1.0,1874,100.0,1.0,2.0,1.7801,2.0,2.0,0.0,,,0.0,,,,"[""1"", ""2""]","{""2"": 1462, ""1"": 412}"
municipalidades_2022,P39B_3,large_string,integer,1874,0,0.0,0,0.0,0,0.0,1874,2,0.1067,baja_categorica,1,1,1.0,1874,100.0,1.0,2.0,1.7567,2.0,2.0,0.0,,,0.0,,,,"[""1"", ""2""]","{""2"": 1418, ""1"": 456}"
municipalidades_2022,VFI_P40,large_string,categorical_indicator,1874,0,0.0,0,0.0,0,0.0,1874,1,0.0534,baja_categorica,1,1,1.0,1874,100.0,1.0,1.0,1.0,1.0,1.0,0.0,,,0.0,,,,"[""1""]","{""1"": 1874}"
municipalidades_2022,P40_1,large_string,integer,1874,0,0.0,0,0.0,0,0.0,1874,5,0.2668,baja_categorica,1,1,1.0,1874,100.0,1.0,5.0,2.1606,1.0,3.0,2.0,0,0.0,0.0,,,,"[""1"", ""4"", ""2"", ""3"", ""5""]","{""1"": 732, ""3"": 431, ""2"": 417, ""4"": 280, ""5"": 14}"
municipalidades_2022,VFI_P41,large_string,categorical_indicator,1874,0,0.0,14,0.7471,14,0.7471,1860,1,0.0534,baja_categorica,1,1,1.0,1860,100.0,1.0,1.0,1.0,1.0,1.0,0.0,,,0.0,,,,"[""1""]","{""1"": 1860}"
municipalidades_2022,P41_1,large_string,integer,1874,0,0.0,14,0.7471,14,0.7471,1860,647,34.5251,media,1,7,3.578,1860,100.0,5.0,1113310.0,13798.4667,250.0,4012.5,3762.5,295,15.8602,0.0,,,,"[""26000"", ""25"", ""10"", ""140"", ""500""]","{""500"": 99, ""1000"": 61, ""200"": 57, ""2000"": 56, ""100"": 49, ""300"": 49, ""50"": 41, ""1500"": 36, ""400"": 30, ""800"": 29}"
municipalidades_2022,VFI_P42,large_string,categorical_indicator,1874,0,0.0,14,0.7471,14,0.7471,1860,1,0.0534,baja_categorica,1,1,1.0,1860,100.0,1.0,1.0,1.0,1.0,1.0,0.0,,,0.0,,,,"[""1""]","{""1"": 1860}"
municipalidades_2022,P42_1,large_string,integer,1874,0,0.0,14,0.7471,14,0.7471,1860,4,0.2134,baja_categorica,1,1,1.0,1860,100.0,1.0,4.0,3.5656,3.0,4.0,1.0,29,1.5591,0.0,,,,"[""4"", ""3"", ""2"", ""1""]","{""4"": 1213, ""3"": 515, ""2"": 103, ""1"": 29}"
municipalidades_2022,VFI_P43,large_string,categorical_indicator,1874,0,0.0,14,0.7471,14,0.7471,1860,1,0.0534,baja_categorica,1,1,1.0,1860,100.0,1.0,1.0,1.0,1.0,1.0,0.0,,,0.0,,,,"[""1""]","{""1"": 1860}"
municipalidades_2022,P43_1,large_string,categorical_indicator,1874,0,0.0,14,0.7471,14,0.7471,1860,2,0.1067,baja_categorica,1,1,1.0,1860,100.0,0.0,1.0,0.0935,0.0,0.0,0.0,,,0.0,,,,"[""0"", ""1""]","{""0"": 1686, ""1"": 174}"
municipalidades_2022,P43_2,large_string,integer,1874,0,0.0,14,0.7471,14,0.7471,1860,2,0.1067,baja_categorica,1,1,1.0,1860,100.0,0.0,2.0,0.9032,0.0,2.0,2.0,0,0.0,0.0,,,,"[""0"", ""2""]","{""0"": 1020, ""2"": 840}"
municipalidades_2022,P43_3,large_string,integer,1874,0,0.0,14,0.7471,14,0.7471,1860,2,0.1067,baja_categorica,1,1,1.0,1860,100.0,0.0,3.0,0.9629,0.0,3.0,3.0,0,0.0,0.0,,,,"[""3"", ""0""]","{""0"": 1263, ""3"": 597}"
municipalidades_2022,P43_4,large_string,integer,1874,0,0.0,14,0.7471,14,0.7471,1860,2,0.1067,baja_categorica,1,1,1.0,1860,100.0,0.0,4.0,0.2065,0.0,0.0,0.0,,,0.0,,,,"[""0"", ""4""]","{""0"": 1764, ""4"": 96}"
municipalidades_2022,P43_5,large_string,integer,1874,0,0.0,14,0.7471,14,0.7471,1860,2,0.1067,baja_categorica,1,1,1.0,1860,100.0,0.0,5.0,1.4194,0.0,5.0,5.0,0,0.0,0.0,,,,"[""5"", ""0""]","{""0"": 1332, ""5"": 528}"
municipalidades_2022,P43_6,large_string,integer,1874,0,0.0,14,0.7471,14,0.7471,1860,2,0.1067,baja_categorica,1,1,1.0,1860,100.0,0.0,6.0,2.0355,0.0,6.0,6.0,0,0.0,0.0,,,,"[""6"", ""0""]","{""0"": 1229, ""6"": 631}"
municipalidades_2022,P43_7,large_string,integer,1874,0,0.0,14,0.7471,14,0.7471,1860,2,0.1067,baja_categorica,1,1,1.0,1860,100.0,0.0,7.0,3.0559,0.0,7.0,7.0,0,0.0,0.0,,,,"[""7"", ""0""]","{""0"": 1048, ""7"": 812}"
municipalidades_2022,P43_8,large_string,integer,1874,0,0.0,14,0.7471,14,0.7471,1860,2,0.1067,baja_categorica,1,1,1.0,1860,100.0,0.0,8.0,0.1849,0.0,0.0,0.0,,,0.0,,,,"[""0"", ""8""]","{""0"": 1817, ""8"": 43}"
municipalidades_2022,P43_8_O,large_string,text,1874,0,0.0,1831,97.7054,1831,97.7054,43,10,0.5336,baja_categorica,24,116,49.0233,0,0.0,,,,,,,,,0.0,,,,"[""PLAN DE RECOJO DE RESIDUOS SOLIDOS"", ""PLAN ANUAL DE ERRADICACION DE PUNTOS CRITICOS"", ""PLAN DE RUTAS DE RECOLECCION DE RESIDUOS SOLIDOS MUNICIPALES"", ""PLAN DE LIMPIEZA PUBLICA"", ""PLAN DE VALORIZACION DE RESIDUOS SOLIDOS INORGANICOS""]","{""PLAN DE RUTAS DE RECOLECCION DE RESIDUOS SOLIDOS MUNICIPALES"": 14, ""PLAN DE LIMPIEZA PUBLICA"": 7, ""PLAN DE RECOJO DE RESIDUOS SOLIDOS"": 6, ""PLAN DE VALORIZACION DE RESIDUOS SOLIDOS INORGANICOS"": 6, ""PLAN ANUAL DE ERRADICACION DE PUNTOS CRITICOS"": 5, ""REGLAMENTO QUE REGULA LA GESTIÓN DE LOS RESIDUOS SOLIDOS MUNICIPALES"": 1, ""PLAN DE VALORIZACION DE RESIDUOS SOLIDOS MUNICIPALES DE LIMA CERCADO"": 1, ""PLAN ANUAL DE VALORIZACION DE RESIDUOS MUNICIPALES INORGANICOS"": 1, ""REGLAMENTO QUE REGULA LA DISMINUCION PROGRESIVA DEL PLASTICO DE UN SOLO USO Y LOS RECIPIENTES O ENVASES DESCARTABLES"": 1, ""PLAN DE AREAS DEGRADADAS POR RESIDUOS SOLIDOS"": 1}"
municipalidades_2022,P43_9,large_string,integer,1874,0,0.0,14,0.7471,14,0.7471,1860,2,0.1067,baja_categorica,1,1,1.0,1860,100.0,0.0,9.0,1.7952,0.0,0.0,0.0,,,0.0,,,,"[""0"", ""9""]","{""0"": 1489, ""9"": 371}"
municipalidades_2022,VFI_P44,large_string,categorical_indicator,1874,0,0.0,14,0.7471,14,0.7471,1860,1,0.0534,baja_categorica,1,1,1.0,1860,100.0,1.0,1.0,1.0,1.0,1.0,0.0,,,0.0,,,,"[""1""]","{""1"": 1860}"
municipalidades_2022,P44_1,large_string,integer,1874,0,0.0,14,0.7471,14,0.7471,1860,2,0.1067,baja_categorica,1,1,1.0,1860,100.0,1.0,2.0,1.828,2.0,2.0,0.0,,,0.0,,,,"[""2"", ""1""]","{""2"": 1540, ""1"": 320}"
municipalidades_2022,P44_1_1,large_string,integer,1874,0,0.0,1554,82.9242,1554,82.9242,320,37,1.9744,baja_categorica,1,5,2.5063,317,99.0625,5.0,100.0,84.0915,75.0,100.0,25.0,23,7.2555,0.0,,,,"[""50"", ""100"", ""75"", ""60"", ""70""]","{""100"": 156, ""80"": 26, ""60"": 17, ""99"": 16, ""70"": 14, ""90"": 14, ""50"": 9, ""40"": 8, ""98"": 6, ""75"": 5}"
municipalidades_2022,P44_2,large_string,integer,1874,0,0.0,14,0.7471,14,0.7471,1860,2,0.1067,baja_categorica,1,1,1.0,1860,100.0,1.0,2.0,1.1726,1.0,1.0,0.0,,,0.0,,,,"[""1"", ""2""]","{""1"": 1539, ""2"": 321}"
municipalidades_2022,P44_2_1,large_string,integer,1874,0,0.0,335,17.8762,335,17.8762,1539,51,2.7215,baja_categorica,1,5,2.5867,1537,99.87,2.0,100.0,88.9154,80.0,100.0,20.0,65,4.229,0.0,,,,"[""96"", ""100"", ""80"", ""40"", ""5""]","{""100"": 902, ""80"": 115, ""90"": 94, ""70"": 85, ""50"": 43, ""60"": 40, ""75"": 36, ""95"": 32, ""85"": 22, ""99"": 21}"
municipalidades_2022,P44_3,large_string,integer,1874,0,0.0,14,0.7471,14,0.7471,1860,2,0.1067,baja_categorica,1,1,1.0,1860,100.0,1.0,2.0,1.6543,1.0,2.0,1.0,0,0.0,0.0,,,,"[""1"", ""2""]","{""2"": 1217, ""1"": 643}"
municipalidades_2022,P44_3_1,large_string,integer,1874,0,0.0,1231,65.6884,1231,65.6884,643,46,2.4546,baja_categorica,1,4,1.8149,637,99.0669,1.0,100.0,21.3344,10.0,30.0,20.0,20,3.1397,0.0,,,,"[""1"", ""10"", ""20"", ""50"", ""60""]","{""20"": 124, ""10"": 111, ""30"": 82, ""25"": 41, ""40"": 38, ""1"": 37, ""5"": 37, ""15"": 30, ""2"": 27, ""50"": 24}"
municipalidades_2022,P44_4,large_string,integer,1874,0,0.0,14,0.7471,14,0.7471,1860,2,0.1067,baja_categorica,1,1,1.0,1860,100.0,1.0,2.0,1.9102,2.0,2.0,0.0,,,0.0,,,,"[""2"", ""1""]","{""2"": 1693, ""1"": 167}"
municipalidades_2022,P44_4_1,large_string,integer,1874,0,0.0,1707,91.0886,1707,91.0886,167,19,1.0139,baja_categorica,1,3,1.7545,167,100.0,1.0,100.0,19.9461,8.5,27.5,19.0,7,4.1916,0.0,,,,"[""9"", ""100"", ""25"", ""5"", ""30""]","{""10"": 42, ""5"": 27, ""20"": 21, ""30"": 17, ""50"": 12, ""25"": 11, ""15"": 8, ""1"": 7, ""40"": 5, ""2"": 4}"
municipalidades_2022,P44_5,large_string,integer,1874,0,0.0,14,0.7471,14,0.7471,1860,2,0.1067,baja_categorica,1,1,1.0,1860,100.0,1.0,2.0,1.9086,2.0,2.0,0.0,,,0.0,,,,"[""1"", ""2""]","{""2"": 1690, ""1"": 170}"
municipalidades_2022,P44_5_1,large_string,text,1874,0,0.0,1704,90.9285,1704,90.9285,170,41,2.1878,baja_categorica,1,3,1.9,164,96.4706,1.0,100.0,32.061,9.5,44.75,35.25,21,12.8049,0.0,,,,"[""3"", ""1"", ""100"", ""10"", ""50""]","{""10"": 21, ""100"": 20, ""20"": 17, ""5"": 14, ""1"": 14, ""30"": 13, ""40"": 8, ""60"": 7, ""25"": 5, ""15"": 5}"
municipalidades_2022,P44_5_O,large_string,categorical_text,1874,0,0.0,1704,90.9285,1704,90.9285,170,5,0.2668,baja_categorica,10,44,21.2647,0,0.0,,,,,,,,,0.0,,,,"[""COMPOSTAJE"", ""VALORIZACION DE RESIDUOS SOLIDOS ORGANICOS"", ""PLANTA DE TRATAMIENTO"", ""CELDA TRANSITORIA"", ""VALORIZACION DE RESIDUOS SOLIDOS INORGANICOS""]","{""COMPOSTAJE"": 84, ""VALORIZACION DE RESIDUOS SOLIDOS ORGANICOS"": 41, ""CELDA TRANSITORIA"": 19, ""PLANTA DE TRATAMIENTO"": 18, ""VALORIZACION DE RESIDUOS SOLIDOS INORGANICOS"": 8}"
municipalidades_2022,VFI_P46,large_string,categorical_indicator,1874,0,0.0,0,0.0,0,0.0,1874,1,0.0534,baja_categorica,1,1,1.0,1874,100.0,1.0,1.0,1.0,1.0,1.0,0.0,,,0.0,,,,"[""1""]","{""1"": 1874}"
municipalidades_2022,P46_1,large_string,integer,1874,0,0.0,0,0.0,0,0.0,1874,2,0.1067,baja_categorica,1,1,1.0,1874,100.0,1.0,2.0,1.8212,2.0,2.0,0.0,,,0.0,,,,"[""2"", ""1""]","{""2"": 1539, ""1"": 335}"
municipalidades_2022,P46A_1,large_string,integer,1874,0,0.0,1539,82.1238,1539,82.1238,335,170,9.0715,media,1,5,2.2836,335,100.0,1.0,55146.0,966.3642,8.0,231.0,223.0,59,17.6119,0.0,,,,"[""106"", ""4"", ""10"", ""5"", ""2""]","{""1"": 20, ""2"": 18, ""20"": 14, ""5"": 14, ""15"": 13, ""3"": 12, ""10"": 10, ""4"": 10, ""30"": 9, ""12"": 6}"
municipalidades_2022,P46_2,large_string,integer,1874,0,0.0,0,0.0,0,0.0,1874,2,0.1067,baja_categorica,1,1,1.0,1874,100.0,1.0,2.0,1.9253,2.0,2.0,0.0,,,0.0,,,,"[""2"", ""1""]","{""2"": 1734, ""1"": 140}"
municipalidades_2022,P46A_2,large_string,integer,1874,0,0.0,1734,92.5293,1734,92.5293,140,91,4.8559,baja_categorica,1,5,2.3286,140,100.0,1.0,20960.0,742.9143,8.5,357.25,348.75,22,15.7143,0.0,,,,"[""3"", ""5"", ""344"", ""10"", ""50""]","{""2"": 12, ""5"": 6, ""10"": 5, ""1"": 5, ""7"": 4, ""3"": 3, ""150"": 3, ""20"": 3, ""25"": 3, ""200"": 3}"
municipalidades_2022,VFI_P47,large_string,categorical_indicator,1874,0,0.0,0,0.0,0,0.0,1874,1,0.0534,baja_categorica,1,1,1.0,1874,100.0,1.0,1.0,1.0,1.0,1.0,0.0,,,0.0,,,,"[""1""]","{""1"": 1874}"
municipalidades_2022,P47,large_string,integer,1874,0,0.0,0,0.0,0,0.0,1874,2,0.1067,baja_categorica,1,1,1.0,1874,100.0,1.0,2.0,1.8031,2.0,2.0,0.0,,,0.0,,,,"[""1"", ""2""]","{""2"": 1505, ""1"": 369}"
municipalidades_2022,P47_T,large_string,integer,1874,0,0.0,1505,80.3095,1505,80.3095,369,190,10.1387,media,1,4,2.3577,369,100.0,2.0,8592.0,243.9892,21.0,200.0,179.0,42,11.3821,0.0,,,,"[""29"", ""9"", ""3"", ""15"", ""80""]","{""15"": 9, ""20"": 8, ""3"": 7, ""30"": 7, ""12"": 7, ""25"": 7, ""100"": 7, ""10"": 6, ""200"": 6, ""40"": 6}"
municipalidades_2022,P47_M,large_string,integer,1874,0,0.0,1505,80.3095,1505,80.3095,369,156,8.3244,media,1,4,2.1924,369,100.0,1.0,6847.0,166.542,15.0,140.0,125.0,43,11.6531,0.0,,,,"[""15"", ""5"", ""3"", ""9"", ""45""]","{""10"": 17, ""20"": 16, ""15"": 13, ""2"": 13, ""6"": 12, ""5"": 9, ""70"": 8, ""30"": 7, ""3"": 6, ""150"": 6}"
municipalidades_2022,P47_H,large_string,integer,1874,0,0.0,1505,80.3095,1505,80.3095,369,116,6.19,media,1,4,1.8103,369,100.0,0.0,2863.0,77.4472,4.0,50.0,46.0,55,14.9051,0.0,,,,"[""14"", ""4"", ""0"", ""6"", ""35""]","{""0"": 35, ""5"": 22, ""2"": 18, ""3"": 16, ""4"": 14, ""10"": 14, ""20"": 13, ""30"": 12, ""6"": 11, ""12"": 11}"
municipalidades_2022,VFI_P48,large_string,categorical_indicator,1874,0,0.0,0,0.0,0,0.0,1874,1,0.0534,baja_categorica,1,1,1.0,1874,100.0,1.0,1.0,1.0,1.0,1.0,0.0,,,0.0,,,,"[""1""]","{""1"": 1874}"
municipalidades_2022,P48_1,large_string,integer,1874,0,0.0,0,0.0,0,0.0,1874,2,0.1067,baja_categorica,1,1,1.0,1874,100.0,1.0,2.0,1.3741,1.0,2.0,1.0,0,0.0,0.0,,,,"[""1"", ""2""]","{""1"": 1173, ""2"": 701}"
municipalidades_2022,P48A_1,large_string,integer,1874,0,0.0,701,37.4066,701,37.4066,1173,115,6.1366,media,1,4,1.3521,1173,100.0,1.0,5065.0,40.491,2.0,10.0,8.0,168,14.3223,0.0,,,,"[""180"", ""5"", ""3"", ""2"", ""6""]","{""2"": 206, ""1"": 188, ""3"": 160, ""4"": 108, ""5"": 67, ""6"": 61, ""10"": 50, ""12"": 44, ""20"": 24, ""8"": 21}"
municipalidades_2022,P48_2,large_string,integer,1874,0,0.0,0,0.0,0,0.0,1874,2,0.1067,baja_categorica,1,1,1.0,1874,100.0,1.0,2.0,1.7407,1.0,2.0,1.0,0,0.0,0.0,,,,"[""1"", ""2""]","{""2"": 1388, ""1"": 486}"
municipalidades_2022,P48A_2,large_string,integer,1874,0,0.0,1388,74.0662,1388,74.0662,486,44,2.3479,baja_categorica,1,3,1.2058,486,100.0,1.0,486.0,10.928,2.0,6.0,4.0,63,12.963,0.0,,,,"[""48"", ""7"", ""2"", ""1"", ""6""]","{""1"": 116, ""2"": 105, ""3"": 71, ""4"": 47, ""6"": 22, ""5"": 22, ""10"": 13, ""12"": 12, ""15"": 9, ""8"": 8}"
municipalidades_2022,P48_3,large_string,integer,1874,0,0.0,0,0.0,0,0.0,1874,2,0.1067,baja_categorica,1,1,1.0,1874,100.0,1.0,2.0,1.6974,1.0,2.0,1.0,0,0.0,0.0,,,,"[""1"", ""2""]","{""2"": 1307, ""1"": 567}"
municipalidades_2022,P48A_3,large_string,integer,1874,0,0.0,1307,69.7439,1307,69.7439,567,91,4.8559,baja_categorica,1,4,1.4868,567,100.0,1.0,1880.0,41.2804,2.0,20.0,18.0,81,14.2857,0.0,,,,"[""300"", ""8"", ""10"", ""3"", ""26""]","{""2"": 84, ""1"": 69, ""3"": 53, ""5"": 51, ""4"": 44, ""10"": 31, ""12"": 25, ""6"": 14, ""15"": 13, ""8"": 12}"
municipalidades_2022,P48_4,large_string,integer,1874,0,0.0,0,0.0,0,0.0,1874,2,0.1067,baja_categorica,1,1,1.0,1874,100.0,1.0,2.0,1.6003,1.0,2.0,1.0,0,0.0,0.0,,,,"[""1"", ""2""]","{""2"": 1125, ""1"": 749}"
municipalidades_2022,P48A_4,large_string,integer,1874,0,0.0,1125,60.032,1125,60.032,749,97,5.1761,media,1,4,1.4112,749,100.0,1.0,1200.0,28.4419,2.0,14.0,12.0,109,14.5527,0.0,,,,"[""129"", ""1"", ""10"", ""5"", ""75""]","{""1"": 142, ""2"": 126, ""4"": 69, ""3"": 67, ""10"": 38, ""5"": 37, ""6"": 30, ""20"": 21, ""12"": 17, ""15"": 15}"
municipalidades_2022,P48_5,large_string,integer,1874,0,0.0,0,0.0,0,0.0,1874,2,0.1067,baja_categorica,1,1,1.0,1874,100.0,1.0,2.0,1.8463,2.0,2.0,0.0,,,0.0,,,,"[""1"", ""2""]","{""2"": 1586, ""1"": 288}"
municipalidades_2022,P48A_5,large_string,integer,1874,0,0.0,1586,84.6318,1586,84.6318,288,73,3.8954,baja_categorica,1,3,1.5312,288,100.0,1.0,911.0,37.25,2.0,30.0,28.0,41,14.2361,0.0,,,,"[""245"", ""1"", ""12"", ""3"", ""6""]","{""1"": 49, ""2"": 49, ""3"": 22, ""4"": 19, ""5"": 13, ""10"": 9, ""6"": 9, ""12"": 8, ""100"": 7, ""20"": 7}"
municipalidades_2022,P48_6,large_string,integer,1874,0,0.0,0,0.0,0,0.0,1874,2,0.1067,baja_categorica,1,1,1.0,1874,100.0,1.0,2.0,1.8292,2.0,2.0,0.0,,,0.0,,,,"[""1"", ""2""]","{""2"": 1554, ""1"": 320}"
municipalidades_2022,P48A_6,large_string,integer,1874,0,0.0,1554,82.9242,1554,82.9242,320,86,4.5891,baja_categorica,1,4,1.6219,320,100.0,1.0,2763.0,62.3656,2.0,30.5,28.5,50,15.625,0.0,,,,"[""18"", ""1"", ""5"", ""3"", ""2""]","{""2"": 49, ""1"": 46, ""3"": 21, ""4"": 15, ""10"": 14, ""5"": 13, ""6"": 13, ""15"": 12, ""20"": 10, ""12"": 9}"
municipalidades_2022,P48_7,large_string,integer,1874,0,0.0,0,0.0,0,0.0,1874,2,0.1067,baja_categorica,1,1,1.0,1874,100.0,1.0,2.0,1.849,2.0,2.0,0.0,,,0.0,,,,"[""1"", ""2""]","{""2"": 1591, ""1"": 283}"
municipalidades_2022,P48A_7,large_string,integer,1874,0,0.0,1591,84.8986,1591,84.8986,283,53,2.8282,baja_categorica,1,3,1.3852,283,100.0,1.0,901.0,21.5371,2.0,15.0,13.0,36,12.7208,0.0,,,,"[""28"", ""15"", ""1"", ""4"", ""3""]","{""1"": 65, ""2"": 47, ""3"": 30, ""4"": 17, ""5"": 15, ""20"": 12, ""10"": 10, ""12"": 8, ""15"": 7, ""6"": 6}"
municipalidades_2022,P48_8,large_string,integer,1874,0,0.0,0,0.0,0,0.0,1874,2,0.1067,baja_categorica,1,1,1.0,1874,100.0,1.0,2.0,1.8308,2.0,2.0,0.0,,,0.0,,,,"[""1"", ""2""]","{""2"": 1557, ""1"": 317}"
municipalidades_2022,P48A_8,large_string,integer,1874,0,0.0,1557,83.0843,1557,83.0843,317,67,3.5752,baja_categorica,1,4,1.4826,317,100.0,1.0,2100.0,49.7413,2.0,18.0,16.0,49,15.4574,0.0,,,,"[""59"", ""1"", ""26"", ""15"", ""2""]","{""2"": 69, ""1"": 44, ""4"": 25, ""3"": 23, ""5"": 15, ""10"": 15, ""12"": 13, ""15"": 9, ""6"": 9, ""8"": 9}"
municipalidades_2022,P48_9,large_string,integer,1874,0,0.0,0,0.0,0,0.0,1874,2,0.1067,baja_categorica,1,1,1.0,1874,100.0,1.0,2.0,1.7727,2.0,2.0,0.0,,,0.0,,,,"[""1"", ""2""]","{""2"": 1448, ""1"": 426}"
municipalidades_2022,P48A_9,large_string,integer,1874,0,0.0,1448,77.2679,1448,77.2679,426,57,3.0416,baja_categorica,1,4,1.3662,426,100.0,1.0,1700.0,24.5869,2.0,12.0,10.0,57,13.3803,0.0,,,,"[""19"", ""1"", ""2"", ""36"", ""4""]","{""2"": 77, ""1"": 76, ""4"": 37, ""3"": 36, ""5"": 28, ""6"": 23, ""12"": 20, ""15"": 15, ""10"": 13, ""20"": 11}"
municipalidades_2022,P48_10,large_string,integer,1874,0,0.0,0,0.0,0,0.0,1874,2,0.1067,baja_categorica,1,1,1.0,1874,100.0,1.0,2.0,1.8986,2.0,2.0,0.0,,,0.0,,,,"[""1"", ""2""]","{""2"": 1684, ""1"": 190}"
municipalidades_2022,P48A_10,large_string,integer,1874,0,0.0,1684,89.8613,1684,89.8613,190,29,1.5475,baja_categorica,1,3,1.2158,190,100.0,1.0,158.0,7.8579,1.0,5.75,4.75,25,13.1579,0.0,,,,"[""23"", ""2"", ""1"", ""3"", ""4""]","{""1"": 58, ""2"": 47, ""3"": 14, ""4"": 14, ""5"": 9, ""12"": 6, ""10"": 6, ""8"": 5, ""20"": 4, ""50"": 4}"
municipalidades_2022,P48_11,large_string,integer,1874,0,0.0,0,0.0,0,0.0,1874,2,0.1067,baja_categorica,1,1,1.0,1874,100.0,1.0,2.0,1.834,2.0,2.0,0.0,,,0.0,,,,"[""2"", ""1""]","{""2"": 1563, ""1"": 311}"
municipalidades_2022,P48A_11,large_string,integer,1874,0,0.0,1563,83.4045,1563,83.4045,311,39,2.0811,baja_categorica,1,4,1.254,311,100.0,1.0,2958.0,19.4952,1.0,7.5,6.5,37,11.8971,0.0,,,,"[""2"", ""1"", ""8"", ""20"", ""6""]","{""1"": 103, ""2"": 56, ""3"": 29, ""4"": 23, ""10"": 14, ""6"": 12, ""12"": 10, ""5"": 9, ""15"": 5, ""8"": 5}"
municipalidades_2022,P48_12,large_string,integer,1874,0,0.0,0,0.0,0,0.0,1874,2,0.1067,baja_categorica,1,1,1.0,1874,100.0,1.0,2.0,1.9765,2.0,2.0,0.0,,,0.0,,,,"[""2"", ""1""]","{""2"": 1830, ""1"": 44}"
municipalidades_2022,P48A_12,large_string,integer,1874,0,0.0,1830,97.6521,1830,97.6521,44,33,1.7609,baja_categorica,1,4,1.8864,44,100.0,1.0,1500.0,101.6818,6.75,73.75,67.0,6,13.6364,0.0,,,,"[""7"", ""120"", ""50"", ""15"", ""8""]","{""1"": 4, ""8"": 3, ""6"": 3, ""7"": 2, ""2"": 2, ""36"": 2, ""30"": 2, ""156"": 1, ""1500"": 1, ""144"": 1}"
municipalidades_2022,P48_12_O,large_string,text,1874,0,0.0,1830,97.6521,1830,97.6521,44,8,0.4269,baja_categorica,23,63,40.9318,0,0.0,,,,,,,,,0.0,,,,"[""FISCALIZACION DE PRODUCTOS VENCIDOS"", ""MANEJO ADECUADO DE RESIDUOS SOLIDOS"", ""CUMPLIMIENTO DE PROTOCOLOS DE BIOSEGURIDAD FRENTE AL COVID - 19"", ""CONTROL DE PROTOCOLOS DE BIOSEGURIDAD"", ""FISCALIZACION AMBIENTAL""]","{""MANEJO ADECUADO DE RESIDUOS SOLIDOS"": 20, ""CUMPLIMIENTO DE PROTOCOLOS DE BIOSEGURIDAD FRENTE AL COVID - 19"": 12, ""FISCALIZACION AMBIENTAL"": 6, ""FISCALIZACION DE PRODUCTOS VENCIDOS"": 2, ""CONTROL DE PROTOCOLOS DE BIOSEGURIDAD"": 1, ""SERVICIOS HIGIENICOS CONCESIONADOS"": 1, ""CONTROL DE MERCADO DE ABASTOS"": 1, ""CONSUMO DE LICOR EN ESPACIOS PUBLICOS"": 1}"
municipalidades_2022,VFI_P48B,large_string,categorical_indicator,1874,0,0.0,0,0.0,0,0.0,1874,1,0.0534,baja_categorica,1,1,1.0,1874,100.0,1.0,1.0,1.0,1.0,1.0,0.0,,,0.0,,,,"[""1""]","{""1"": 1874}"
municipalidades_2022,P48B_1,large_string,integer,1874,0,0.0,0,0.0,0,0.0,1874,2,0.1067,baja_categorica,1,1,1.0,1874,100.0,1.0,2.0,1.6926,1.0,2.0,1.0,0,0.0,0.0,,,,"[""1"", ""2""]","{""2"": 1298, ""1"": 576}"
municipalidades_2022,P48B_2,large_string,integer,1874,0,0.0,0,0.0,0,0.0,1874,2,0.1067,baja_categorica,1,1,1.0,1874,100.0,1.0,2.0,1.7919,2.0,2.0,0.0,,,0.0,,,,"[""1"", ""2""]","{""2"": 1484, ""1"": 390}"
municipalidades_2022,P48B_3,large_string,integer,1874,0,0.0,0,0.0,0,0.0,1874,2,0.1067,baja_categorica,1,1,1.0,1874,100.0,1.0,2.0,1.6985,1.0,2.0,1.0,0,0.0,0.0,,,,"[""1"", ""2""]","{""2"": 1309, ""1"": 565}"
municipalidades_2022,VFI_P49,large_string,categorical_indicator,1874,0,0.0,0,0.0,0,0.0,1874,1,0.0534,baja_categorica,1,1,1.0,1874,100.0,1.0,1.0,1.0,1.0,1.0,0.0,,,0.0,,,,"[""1""]","{""1"": 1874}"
municipalidades_2022,P49,large_string,integer,1874,0,0.0,0,0.0,0,0.0,1874,2,0.1067,baja_categorica,1,1,1.0,1874,100.0,1.0,2.0,1.3762,1.0,2.0,1.0,0,0.0,0.0,,,,"[""1"", ""2""]","{""1"": 1169, ""2"": 705}"
municipalidades_2022,P49_1,large_string,integer,1874,0,0.0,705,37.6201,705,37.6201,1169,20,1.0672,baja_categorica,1,2,1.0197,1169,100.0,1.0,29.0,2.6168,1.0,3.0,2.0,53,4.5338,0.0,,,,"[""4"", ""1"", ""3"", ""2"", ""5""]","{""1"": 401, ""2"": 381, ""3"": 137, ""4"": 108, ""6"": 50, ""5"": 39, ""8"": 13, ""7"": 10, ""10"": 7, ""9"": 7}"
municipalidades_2022,P49_2,large_string,integer,1874,0,0.0,1072,57.2038,1072,57.2038,802,18,0.9605,baja_categorica,1,2,1.0162,802,100.0,1.0,29.0,2.4601,1.0,3.0,2.0,32,3.99,0.0,,,,"[""2"", ""1"", ""3"", ""4"", ""7""]","{""1"": 302, ""2"": 252, ""3"": 99, ""4"": 72, ""5"": 23, ""6"": 22, ""8"": 10, ""7"": 6, ""10"": 5, ""9"": 3}"
municipalidades_2022,VFI_P50,large_string,categorical_indicator,1874,0,0.0,0,0.0,0,0.0,1874,1,0.0534,baja_categorica,1,1,1.0,1874,100.0,1.0,1.0,1.0,1.0,1.0,0.0,,,0.0,,,,"[""1""]","{""1"": 1874}"
municipalidades_2022,P50A,large_string,integer,1874,0,0.0,0,0.0,0,0.0,1874,2,0.1067,baja_categorica,1,1,1.0,1874,100.0,1.0,2.0,1.2769,1.0,2.0,1.0,0,0.0,0.0,,,,"[""1"", ""2""]","{""1"": 1355, ""2"": 519}"
municipalidades_2022,P50A_C,large_string,text,1874,0,0.0,519,27.6948,519,27.6948,1355,563,30.0427,media,1,8,3.7203,1171,86.4207,3.0,607995.0,3712.4671,200.0,1977.5,1777.5,142,12.1264,0.0,,,,"[""1000"", ""567"", ""50"", ""500"", ""467""]","{""1000"": 79, ""200"": 74, ""500"": 65, ""100"": 61, ""300"": 48, ""400"": 44, ""1500"": 28, ""50"": 27, ""800"": 24, ""600"": 23}"
municipalidades_2022,P50B,large_string,integer,1874,0,0.0,0,0.0,0,0.0,1874,2,0.1067,baja_categorica,1,1,1.0,1874,100.0,1.0,2.0,1.4637,1.0,2.0,1.0,0,0.0,0.0,,,,"[""1"", ""2""]","{""1"": 1005, ""2"": 869}"
municipalidades_2022,P50B_C,large_string,text,1874,0,0.0,869,46.3714,869,46.3714,1005,456,24.333,media,1,9,3.9313,836,83.1841,3.0,1027065.0,12414.7129,200.0,2500.0,2300.0,115,13.756,0.0,,,,"[""1000"", ""500"", ""2000"", ""20"", ""1850""]","{""100"": 56, ""500"": 47, ""1000"": 39, ""200"": 36, ""2000"": 29, ""400"": 25, ""150"": 24, ""300"": 24, ""1200"": 18, ""50"": 18}"
municipalidades_2022,P50C,large_string,integer,1874,0,0.0,0,0.0,0,0.0,1874,2,0.1067,baja_categorica,1,1,1.0,1874,100.0,1.0,2.0,1.9648,2.0,2.0,0.0,,,0.0,,,,"[""1"", ""2""]","{""2"": 1808, ""1"": 66}"
municipalidades_2022,P50C_C,large_string,text,1874,0,0.0,1808,96.4781,1808,96.4781,66,53,2.8282,baja_categorica,3,8,4.7576,58,87.8788,250.0,250998.0,21664.9483,2582.75,21125.0,18542.25,5,8.6207,0.0,,,,"[""1200"", ""47000"", ""3400"", ""37423"", ""28087""]","{""3000"": 5, ""1200"": 4, ""5000"": 3, ""1500"": 2, ""12000"": 2, ""2000"": 2, ""10000"": 2, ""1010"": 1, ""2447"": 1, ""31479,1"": 1}"
municipalidades_2022,P50D,large_string,integer,1874,0,0.0,0,0.0,0,0.0,1874,2,0.1067,baja_categorica,1,1,1.0,1874,100.0,1.0,2.0,1.6953,1.0,2.0,1.0,0,0.0,0.0,,,,"[""2"", ""1""]","{""2"": 1303, ""1"": 571}"
municipalidades_2022,P50D_C,large_string,text,1874,0,0.0,1303,69.5304,1303,69.5304,571,295,15.7417,media,1,8,3.627,476,83.3625,1.0,257624.0,4240.5315,100.0,2000.0,1900.0,73,15.3361,0.0,,,,"[""1"", ""500"", ""400"", ""450"", ""20""]","{""1"": 29, ""100"": 26, ""500"": 25, ""200"": 23, ""300"": 18, ""1000"": 13, ""400"": 11, ""2000"": 11, ""150"": 11, ""20"": 10}"
municipalidades_2022,P50E,large_string,integer,1874,0,0.0,0,0.0,0,0.0,1874,2,0.1067,baja_categorica,1,1,1.0,1874,100.0,1.0,2.0,1.7946,2.0,2.0,0.0,,,0.0,,,,"[""2"", ""1""]","{""2"": 1489, ""1"": 385}"
municipalidades_2022,P50E_C,large_string,text,1874,0,0.0,1489,79.4557,1489,79.4557,385,250,13.3404,media,1,8,4.2779,303,78.7013,1.0,717104.0,25572.7987,294.0,8000.0,7706.0,52,17.1617,0.0,,,,"[""2500"", ""2220"", ""100"", ""1200"", ""12900""]","{""200"": 13, ""1000"": 12, ""2000"": 12, ""100"": 11, ""500"": 11, ""300"": 9, ""1500"": 9, ""400"": 7, ""3000"": 6, ""150"": 5}"
municipalidades_2022,P50F,large_string,integer,1874,0,0.0,0,0.0,0,0.0,1874,2,0.1067,baja_categorica,1,1,1.0,1874,100.0,1.0,2.0,1.8682,2.0,2.0,0.0,,,0.0,,,,"[""2"", ""1""]","{""2"": 1627, ""1"": 247}"
municipalidades_2022,P50F_C,large_string,text,1874,0,0.0,1627,86.8196,1627,86.8196,247,168,8.9648,media,2,8,4.1538,190,76.9231,20.0,116903.0,6780.1053,327.5,5000.0,4672.5,23,12.1053,0.0,,,,"[""5000"", ""400"", ""847"", ""30"", ""200""]","{""500"": 16, ""200"": 11, ""1000"": 9, ""5000"": 7, ""100"": 5, ""600"": 5, ""400"": 5, ""1500"": 3, ""150"": 3, ""2000"": 3}"
municipalidades_2022,VFI_P51,large_string,categorical_indicator,1874,0,0.0,0,0.0,0,0.0,1874,1,0.0534,baja_categorica,1,1,1.0,1874,100.0,1.0,1.0,1.0,1.0,1.0,0.0,,,0.0,,,,"[""1""]","{""1"": 1874}"
municipalidades_2022,P51,large_string,integer,1874,0,0.0,0,0.0,0,0.0,1874,2,0.1067,baja_categorica,1,1,1.0,1874,100.0,1.0,2.0,1.762,2.0,2.0,0.0,,,0.0,,,,"[""1"", ""2""]","{""2"": 1428, ""1"": 446}"
municipalidades_2022,P51_1,large_string,integer,1874,0,0.0,1428,76.2006,1428,76.2006,446,7,0.3735,baja_categorica,1,2,1.0022,446,100.0,1.0,11.0,1.1256,1.0,1.0,0.0,,,0.0,,,,"[""1"", ""2"", ""4"", ""11"", ""3""]","{""1"": 419, ""2"": 15, ""3"": 6, ""4"": 2, ""5"": 2, ""11"": 1, ""6"": 1}"
municipalidades_2022,P51_2,large_string,integer,1874,0,0.0,1566,83.5646,1566,83.5646,308,136,7.2572,media,1,5,2.7273,308,100.0,1.0,25300.0,889.6916,40.0,503.5,463.5,57,18.5065,0.0,,,,"[""3890"", ""511"", ""120"", ""900"", ""93""]","{""50"": 20, ""200"": 15, ""10"": 14, ""20"": 14, ""100"": 12, ""30"": 11, ""5"": 10, ""500"": 9, ""300"": 9, ""150"": 7}"
municipalidades_2022,VFI_P52,large_string,categorical_indicator,1874,0,0.0,1428,76.2006,1428,76.2006,446,1,0.0534,baja_categorica,1,1,1.0,446,100.0,1.0,1.0,1.0,1.0,1.0,0.0,,,0.0,,,,"[""1""]","{""1"": 446}"
municipalidades_2022,P52,large_string,integer,1874,0,0.0,1428,76.2006,1428,76.2006,446,2,0.1067,baja_categorica,1,1,1.0,446,100.0,1.0,2.0,1.3094,1.0,2.0,1.0,0,0.0,0.0,,,,"[""1"", ""2""]","{""1"": 308, ""2"": 138}"
municipalidades_2022,VFI_P53,large_string,categorical_indicator,1874,0,0.0,1566,83.5646,1566,83.5646,308,1,0.0534,baja_categorica,1,1,1.0,308,100.0,1.0,1.0,1.0,1.0,1.0,0.0,,,0.0,,,,"[""1""]","{""1"": 308}"
municipalidades_2022,P53_1,large_string,categorical_indicator,1874,0,0.0,1566,83.5646,1566,83.5646,308,2,0.1067,baja_categorica,1,1,1.0,308,100.0,0.0,1.0,0.8669,1.0,1.0,0.0,,,0.0,,,,"[""1"", ""0""]","{""1"": 267, ""0"": 41}"
municipalidades_2022,P53A_1,large_string,integer,1874,0,0.0,1607,85.7524,1607,85.7524,267,106,5.6564,media,1,5,2.6105,267,100.0,1.0,20080.0,668.6255,25.0,365.5,340.5,48,17.9775,0.0,,,,"[""3550"", ""250"", ""80"", ""10"", ""65""]","{""50"": 19, ""200"": 16, ""20"": 15, ""10"": 13, ""100"": 12, ""30"": 11, ""25"": 7, ""300"": 7, ""150"": 7, ""40"": 6}"
municipalidades_2022,P53_2,large_string,integer,1874,0,0.0,1566,83.5646,1566,83.5646,308,2,0.1067,baja_categorica,1,1,1.0,308,100.0,0.0,2.0,1.1039,0.0,2.0,2.0,0,0.0,0.0,,,,"[""0"", ""2""]","{""2"": 170, ""0"": 138}"
municipalidades_2022,P53_3,large_string,integer,1874,0,0.0,1566,83.5646,1566,83.5646,308,2,0.1067,baja_categorica,1,1,1.0,308,100.0,0.0,3.0,0.2435,0.0,0.0,0.0,,,0.0,,,,"[""0"", ""3""]","{""0"": 283, ""3"": 25}"
municipalidades_2022,P53_4,large_string,integer,1874,0,0.0,1566,83.5646,1566,83.5646,308,2,0.1067,baja_categorica,1,1,1.0,308,100.0,0.0,4.0,0.5325,0.0,0.0,0.0,,,0.0,,,,"[""0"", ""4""]","{""0"": 267, ""4"": 41}"
municipalidades_2022,P53_5,large_string,integer,1874,0,0.0,1566,83.5646,1566,83.5646,308,2,0.1067,baja_categorica,1,1,1.0,308,100.0,0.0,5.0,1.25,0.0,1.25,1.25,77,25.0,0.0,,,,"[""0"", ""5""]","{""0"": 231, ""5"": 77}"
municipalidades_2022,P53_6,large_string,integer,1874,0,0.0,1566,83.5646,1566,83.5646,308,2,0.1067,baja_categorica,1,1,1.0,308,100.0,0.0,6.0,0.7403,0.0,0.0,0.0,,,0.0,,,,"[""0"", ""6""]","{""0"": 270, ""6"": 38}"
municipalidades_2022,P53_7,large_string,integer,1874,0,0.0,1566,83.5646,1566,83.5646,308,2,0.1067,baja_categorica,1,1,1.0,308,100.0,0.0,7.0,1.8636,0.0,7.0,7.0,0,0.0,0.0,,,,"[""0"", ""7""]","{""0"": 226, ""7"": 82}"
municipalidades_2022,P53_8,large_string,integer,1874,0,0.0,1566,83.5646,1566,83.5646,308,2,0.1067,baja_categorica,1,1,1.0,308,100.0,0.0,8.0,1.013,0.0,0.0,0.0,,,0.0,,,,"[""0"", ""8""]","{""0"": 269, ""8"": 39}"
municipalidades_2022,P53_9,large_string,integer,1874,0,0.0,1566,83.5646,1566,83.5646,308,2,0.1067,baja_categorica,1,1,1.0,308,100.0,0.0,9.0,2.0747,0.0,0.0,0.0,,,0.0,,,,"[""0"", ""9""]","{""0"": 237, ""9"": 71}"
municipalidades_2022,VFI_P54,large_string,categorical_indicator,1874,0,0.0,1566,83.5646,1566,83.5646,308,1,0.0534,baja_categorica,1,1,1.0,308,100.0,1.0,1.0,1.0,1.0,1.0,0.0,,,0.0,,,,"[""1""]","{""1"": 308}"
municipalidades_2022,P54,large_string,integer,1874,0,0.0,1566,83.5646,1566,83.5646,308,2,0.1067,baja_categorica,1,1,1.0,308,100.0,1.0,2.0,1.3377,1.0,2.0,1.0,0,0.0,0.0,,,,"[""1"", ""2""]","{""1"": 204, ""2"": 104}"
municipalidades_2022,P54_T,large_string,integer,1874,0,0.0,1670,89.1142,1670,89.1142,204,15,0.8004,baja_categorica,1,2,1.0392,204,100.0,1.0,24.0,2.4853,1.0,2.0,1.0,31,15.1961,0.0,,,,"[""1"", ""5"", ""2"", ""9"", ""17""]","{""1"": 113, ""2"": 42, ""3"": 18, ""4"": 9, ""5"": 6, ""9"": 3, ""7"": 3, ""17"": 2, ""10"": 2, ""14"": 1}"
municipalidades_2022,P54_M,large_string,integer,1874,0,0.0,1670,89.1142,1670,89.1142,204,12,0.6403,baja_categorica,1,2,1.0196,204,100.0,0.0,18.0,1.4216,0.0,2.0,2.0,7,3.4314,0.0,,,,"[""1"", ""0"", ""3"", ""2"", ""4""]","{""1"": 96, ""0"": 56, ""2"": 25, ""3"": 12, ""4"": 6, ""5"": 2, ""7"": 2, ""10"": 1, ""6"": 1, ""11"": 1}"
municipalidades_2022,P54_H,large_string,integer,1874,0,0.0,1670,89.1142,1670,89.1142,204,9,0.4803,baja_categorica,1,1,1.0,204,100.0,0.0,8.0,1.0637,0.0,1.0,1.0,18,8.8235,0.0,,,,"[""0"", ""1"", ""2"", ""5"", ""7""]","{""0"": 88, ""1"": 71, ""2"": 27, ""5"": 4, ""4"": 4, ""6"": 4, ""3"": 3, ""8"": 2, ""7"": 1}"
municipalidades_2022,P54_1_T,large_string,integer,1874,0,0.0,1670,89.1142,1670,89.1142,204,8,0.4269,baja_categorica,1,2,1.0049,204,100.0,0.0,21.0,0.9951,0.0,1.0,1.0,13,6.3725,0.0,,,,"[""0"", ""1"", ""2"", ""3"", ""4""]","{""1"": 85, ""0"": 82, ""2"": 24, ""3"": 6, ""4"": 4, ""9"": 1, ""21"": 1, ""6"": 1}"
municipalidades_2022,P54_1_M,large_string,integer,1874,0,0.0,1670,89.1142,1670,89.1142,204,6,0.3202,baja_categorica,1,2,1.0049,204,100.0,0.0,15.0,0.6324,0.0,1.0,1.0,9,4.4118,0.0,,,,"[""0"", ""1"", ""2"", ""3"", ""5""]","{""0"": 118, ""1"": 68, ""2"": 9, ""3"": 6, ""5"": 2, ""15"": 1}"
municipalidades_2022,P54_1_H,large_string,integer,1874,0,0.0,1670,89.1142,1670,89.1142,204,5,0.2668,baja_categorica,1,1,1.0,204,100.0,0.0,6.0,0.3627,0.0,1.0,1.0,2,0.9804,0.0,,,,"[""0"", ""1"", ""2"", ""4"", ""6""]","{""0"": 142, ""1"": 56, ""2"": 4, ""4"": 1, ""6"": 1}"
municipalidades_2022,P54_2_T,large_string,integer,1874,0,0.0,1670,89.1142,1670,89.1142,204,15,0.8004,baja_categorica,1,2,1.0294,204,100.0,0.0,24.0,1.4902,0.0,2.0,2.0,13,6.3725,0.0,,,,"[""1"", ""0"", ""4"", ""9"", ""2""]","{""0"": 96, ""1"": 56, ""2"": 23, ""3"": 8, ""4"": 5, ""9"": 3, ""5"": 3, ""10"": 2, ""7"": 2, ""17"": 1}"
municipalidades_2022,P54_2_M,large_string,integer,1874,0,0.0,1670,89.1142,1670,89.1142,204,11,0.587,baja_categorica,1,2,1.0098,204,100.0,0.0,18.0,0.7892,0.0,1.0,1.0,16,7.8431,0.0,,,,"[""1"", ""0"", ""3"", ""4"", ""10""]","{""0"": 127, ""1"": 50, ""2"": 11, ""3"": 5, ""4"": 5, ""10"": 1, ""6"": 1, ""7"": 1, ""8"": 1, ""18"": 1}"
municipalidades_2022,P54_2_H,large_string,integer,1874,0,0.0,1670,89.1142,1670,89.1142,204,9,0.4803,baja_categorica,1,1,1.0,204,100.0,0.0,8.0,0.701,0.0,1.0,1.0,16,7.8431,0.0,,,,"[""0"", ""1"", ""5"", ""2"", ""7""]","{""0"": 135, ""1"": 43, ""2"": 10, ""5"": 5, ""4"": 3, ""3"": 3, ""7"": 2, ""6"": 2, ""8"": 1}"
municipalidades_2022,VFI_P55,large_string,categorical_indicator,1874,0,0.0,1428,76.2006,1428,76.2006,446,1,0.0534,baja_categorica,1,1,1.0,446,100.0,1.0,1.0,1.0,1.0,1.0,0.0,,,0.0,,,,"[""1""]","{""1"": 446}"
municipalidades_2022,P55_1,large_string,integer,1874,0,0.0,1428,76.2006,1428,76.2006,446,2,0.1067,baja_categorica,1,1,1.0,446,100.0,1.0,2.0,1.0336,1.0,1.0,0.0,,,0.0,,,,"[""1"", ""2""]","{""1"": 431, ""2"": 15}"
municipalidades_2022,P55_1_1,large_string,integer,1874,0,0.0,1443,77.0011,1443,77.0011,431,247,13.1804,media,1,5,3.5244,431,100.0,1.0,99286.0,3633.0325,263.0,3992.5,3729.5,36,8.3527,0.0,,,,"[""10199"", ""1580"", ""366"", ""200"", ""1014""]","{""200"": 14, ""100"": 14, ""500"": 13, ""5000"": 12, ""1000"": 9, ""1500"": 9, ""50"": 9, ""250"": 8, ""2500"": 8, ""2000"": 8}"
municipalidades_2022,P55_2,large_string,integer,1874,0,0.0,1428,76.2006,1428,76.2006,446,2,0.1067,baja_categorica,1,1,1.0,446,100.0,1.0,2.0,1.9081,2.0,2.0,0.0,,,0.0,,,,"[""2"", ""1""]","{""2"": 405, ""1"": 41}"
municipalidades_2022,P55_2_1,large_string,integer,1874,0,0.0,1833,97.8122,1833,97.8122,41,25,1.334,baja_categorica,1,4,2.0244,41,100.0,1.0,2000.0,129.6341,5.0,125.0,120.0,4,9.7561,0.0,,,,"[""125"", ""1"", ""2"", ""5"", ""173""]","{""2"": 7, ""10"": 7, ""50"": 3, ""1"": 2, ""210"": 2, ""125"": 1, ""30"": 1, ""7"": 1, ""20"": 1, ""15"": 1}"
municipalidades_2022,P55_3,large_string,integer,1874,0,0.0,1428,76.2006,1428,76.2006,446,2,0.1067,baja_categorica,1,1,1.0,446,100.0,1.0,2.0,1.5336,1.0,2.0,1.0,0,0.0,0.0,,,,"[""1"", ""2""]","{""2"": 238, ""1"": 208}"
municipalidades_2022,P55_3_1,large_string,integer,1874,0,0.0,1666,88.9007,1666,88.9007,208,81,4.3223,baja_categorica,1,5,2.3317,208,100.0,1.0,29018.0,477.7885,18.0,178.75,160.75,31,14.9038,0.0,,,,"[""400"", ""5"", ""30"", ""160"", ""15""]","{""50"": 19, ""20"": 14, ""100"": 12, ""10"": 12, ""30"": 10, ""15"": 8, ""1"": 8, ""3"": 8, ""5"": 7, ""500"": 6}"
municipalidades_2022,P55_4,large_string,integer,1874,0,0.0,1428,76.2006,1428,76.2006,446,2,0.1067,baja_categorica,1,1,1.0,446,100.0,1.0,2.0,1.8296,2.0,2.0,0.0,,,0.0,,,,"[""2"", ""1""]","{""2"": 370, ""1"": 76}"
municipalidades_2022,P55_4_1,large_string,integer,1874,0,0.0,1798,95.9445,1798,95.9445,76,45,2.4013,baja_categorica,1,5,2.4737,76,100.0,1.0,16797.0,982.2237,10.0,450.0,440.0,14,18.4211,0.0,,,,"[""30"", ""16797"", ""1"", ""2"", ""200""]","{""1"": 9, ""10"": 6, ""2"": 5, ""50"": 4, ""30"": 3, ""15"": 3, ""200"": 3, ""100"": 2, ""4"": 2, ""400"": 2}"
municipalidades_2022,P55_5,large_string,integer,1874,0,0.0,1428,76.2006,1428,76.2006,446,2,0.1067,baja_categorica,1,1,1.0,446,100.0,1.0,2.0,1.8834,2.0,2.0,0.0,,,0.0,,,,"[""2"", ""1""]","{""2"": 394, ""1"": 52}"
municipalidades_2022,P55_5_1,large_string,integer,1874,0,0.0,1822,97.2252,1822,97.2252,52,28,1.4941,baja_categorica,1,4,1.8462,52,100.0,1.0,4465.0,214.6154,5.0,50.0,45.0,9,17.3077,0.0,,,,"[""50"", ""35"", ""10"", ""2"", ""20""]","{""2"": 6, ""5"": 5, ""20"": 4, ""50"": 3, ""10"": 3, ""40"": 3, ""1"": 3, ""30"": 2, ""12"": 2, ""6"": 2}"
municipalidades_2022,P55_6,large_string,integer,1874,0,0.0,1428,76.2006,1428,76.2006,446,2,0.1067,baja_categorica,1,1,1.0,446,100.0,1.0,2.0,1.9081,2.0,2.0,0.0,,,0.0,,,,"[""2"", ""1""]","{""2"": 405, ""1"": 41}"
municipalidades_2022,P55_6_1,large_string,integer,1874,0,0.0,1833,97.8122,1833,97.8122,41,18,0.9605,baja_categorica,1,4,1.439,41,100.0,1.0,1000.0,61.8537,2.0,20.0,18.0,4,9.7561,0.0,,,,"[""1"", ""2"", ""10"", ""12"", ""30""]","{""2"": 12, ""1"": 10, ""4"": 3, ""25"": 2, ""50"": 1, ""20"": 1, ""33"": 1, ""32"": 1, ""435"": 1, ""756"": 1}"
municipalidades_2022,P55_7,large_string,integer,1874,0,0.0,1428,76.2006,1428,76.2006,446,2,0.1067,baja_categorica,1,1,1.0,446,100.0,1.0,2.0,1.9865,2.0,2.0,0.0,,,0.0,,,,"[""2"", ""1""]","{""2"": 440, ""1"": 6}"
municipalidades_2022,P55_7_1,large_string,integer,1874,0,0.0,1868,99.6798,1868,99.6798,6,6,0.3202,baja_categorica,2,3,2.6667,6,100.0,15.0,273.0,137.5,55.25,192.0,136.75,0,0.0,0.0,,,,"[""131"", ""30"", ""196"", ""15"", ""180""]","{""131"": 1, ""30"": 1, ""196"": 1, ""15"": 1, ""180"": 1, ""273"": 1}"
municipalidades_2022,P55_7_O,large_string,text,1874,0,0.0,1868,99.6798,1868,99.6798,6,4,0.2134,baja_categorica,8,17,13.8333,0,0.0,,,,,,,,,0.0,,,,"[""FOLLETOS"", ""ARCHIVO HISTORICO"", ""JUEGOS DIDÁCTICOS"", ""OBRAS LITERARIAS""]","{""FOLLETOS"": 2, ""ARCHIVO HISTORICO"": 2, ""JUEGOS DIDÁCTICOS"": 1, ""OBRAS LITERARIAS"": 1}"
municipalidades_2022,P55_8,large_string,integer,1874,0,0.0,1428,76.2006,1428,76.2006,446,2,0.1067,baja_categorica,1,1,1.0,446,100.0,1.0,2.0,1.704,1.0,2.0,1.0,0,0.0,0.0,,,,"[""1"", ""2""]","{""2"": 314, ""1"": 132}"
municipalidades_2022,P55_8_1,large_string,integer,1874,0,0.0,1742,92.9562,1742,92.9562,132,81,4.3223,baja_categorica,1,5,3.0455,132,100.0,1.0,37900.0,2680.5076,49.0,2538.0,2489.0,12,9.0909,0.0,,,,"[""5000"", ""20"", ""1"", ""5462"", ""150""]","{""1"": 9, ""5000"": 7, ""200"": 5, ""2500"": 5, ""20"": 5, ""2000"": 4, ""50"": 4, ""1500"": 4, ""2"": 3, ""10"": 3}"
municipalidades_2022,P55_9,large_string,integer,1874,0,0.0,1428,76.2006,1428,76.2006,446,2,0.1067,baja_categorica,1,1,1.0,446,100.0,1.0,2.0,1.7915,2.0,2.0,0.0,,,0.0,,,,"[""1"", ""2""]","{""2"": 353, ""1"": 93}"
municipalidades_2022,P55_9_1,large_string,integer,1874,0,0.0,1781,95.0374,1781,95.0374,93,62,3.3084,baja_categorica,1,5,3.172,93,100.0,1.0,29156.0,3842.4086,50.0,5400.0,5350.0,8,8.6022,0.0,,,,"[""5000"", ""14300"", ""1"", ""6800"", ""5734""]","{""1"": 7, ""2"": 6, ""5000"": 4, ""100"": 4, ""80"": 3, ""300"": 3, ""200"": 3, ""1500"": 2, ""500"": 2, ""30"": 2}"
municipalidades_2022,VFI_P56,large_string,categorical_indicator,1874,0,0.0,1428,76.2006,1428,76.2006,446,1,0.0534,baja_categorica,1,1,1.0,446,100.0,1.0,1.0,1.0,1.0,1.0,0.0,,,0.0,,,,"[""1""]","{""1"": 446}"
municipalidades_2022,P56,large_string,integer,1874,0,0.0,1428,76.2006,1428,76.2006,446,2,0.1067,baja_categorica,1,1,1.0,446,100.0,1.0,2.0,1.5247,1.0,2.0,1.0,0,0.0,0.0,,,,"[""1"", ""2""]","{""2"": 234, ""1"": 212}"
municipalidades_2022,P56_T,large_string,integer,1874,0,0.0,1662,88.6873,1662,88.6873,212,24,1.2807,baja_categorica,1,2,1.1792,212,100.0,1.0,51.0,5.0755,1.0,6.0,5.0,22,10.3774,0.0,,,,"[""1"", ""25"", ""3"", ""15"", ""5""]","{""1"": 93, ""5"": 20, ""2"": 18, ""3"": 15, ""4"": 11, ""8"": 6, ""10"": 6, ""20"": 6, ""15"": 5, ""12"": 4}"
municipalidades_2022,P56_A,large_string,integer,1874,0,0.0,1662,88.6873,1662,88.6873,212,24,1.2807,baja_categorica,1,2,1.1368,212,100.0,0.0,51.0,4.0849,1.0,5.0,4.0,21,9.9057,0.0,,,,"[""0"", ""1"", ""25"", ""5"", ""9""]","{""1"": 66, ""0"": 46, ""2"": 19, ""5"": 18, ""3"": 11, ""4"": 8, ""8"": 5, ""9"": 4, ""7"": 4, ""10"": 4}"
municipalidades_2022,VFI_P57,large_string,categorical_indicator,1874,0,0.0,1428,76.2006,1428,76.2006,446,1,0.0534,baja_categorica,1,1,1.0,446,100.0,1.0,1.0,1.0,1.0,1.0,0.0,,,0.0,,,,"[""1""]","{""1"": 446}"
municipalidades_2022,P57_1,large_string,integer,1874,0,0.0,1428,76.2006,1428,76.2006,446,2,0.1067,baja_categorica,1,1,1.0,446,100.0,1.0,2.0,1.926,2.0,2.0,0.0,,,0.0,,,,"[""2"", ""1""]","{""2"": 413, ""1"": 33}"
municipalidades_2022,P57_1_1,large_string,integer,1874,0,0.0,1841,98.2391,1841,98.2391,33,2,0.1067,baja_categorica,1,1,1.0,33,100.0,1.0,2.0,1.1515,1.0,1.0,0.0,,,0.0,,,,"[""2"", ""1""]","{""1"": 28, ""2"": 5}"
municipalidades_2022,P57_2,large_string,integer,1874,0,0.0,1428,76.2006,1428,76.2006,446,2,0.1067,baja_categorica,1,1,1.0,446,100.0,1.0,2.0,1.6345,1.0,2.0,1.0,0,0.0,0.0,,,,"[""1"", ""2""]","{""2"": 283, ""1"": 163}"
municipalidades_2022,P57_2_1,large_string,integer,1874,0,0.0,1711,91.302,1711,91.302,163,6,0.3202,baja_categorica,1,1,1.0,163,100.0,1.0,6.0,1.1779,1.0,1.0,0.0,,,0.0,,,,"[""1"", ""2"", ""5"", ""3"", ""6""]","{""1"": 144, ""2"": 15, ""5"": 1, ""3"": 1, ""6"": 1, ""4"": 1}"
municipalidades_2022,P57_3,large_string,integer,1874,0,0.0,1428,76.2006,1428,76.2006,446,2,0.1067,baja_categorica,1,1,1.0,446,100.0,1.0,2.0,1.9439,2.0,2.0,0.0,,,0.0,,,,"[""1"", ""2""]","{""2"": 421, ""1"": 25}"
municipalidades_2022,P57_3_1,large_string,integer,1874,0,0.0,1849,98.666,1849,98.666,25,3,0.1601,baja_categorica,1,1,1.0,25,100.0,1.0,3.0,1.16,1.0,1.0,0.0,,,0.0,,,,"[""1"", ""2"", ""3""]","{""1"": 22, ""2"": 2, ""3"": 1}"
municipalidades_2022,P57_4,large_string,integer,1874,0,0.0,1428,76.2006,1428,76.2006,446,2,0.1067,baja_categorica,1,1,1.0,446,100.0,1.0,2.0,1.8251,2.0,2.0,0.0,,,0.0,,,,"[""1"", ""2""]","{""2"": 368, ""1"": 78}"
municipalidades_2022,P57_4_1,large_string,integer,1874,0,0.0,1796,95.8378,1796,95.8378,78,5,0.2668,baja_categorica,1,1,1.0,78,100.0,1.0,5.0,1.2949,1.0,1.0,0.0,,,0.0,,,,"[""1"", ""2"", ""3"", ""5"", ""4""]","{""1"": 65, ""2"": 8, ""3"": 2, ""5"": 2, ""4"": 1}"
municipalidades_2022,P57_5,large_string,integer,1874,0,0.0,1428,76.2006,1428,76.2006,446,2,0.1067,baja_categorica,1,1,1.0,446,100.0,1.0,2.0,1.9462,2.0,2.0,0.0,,,0.0,,,,"[""2"", ""1""]","{""2"": 422, ""1"": 24}"
municipalidades_2022,P57_5_1,large_string,integer,1874,0,0.0,1850,98.7193,1850,98.7193,24,3,0.1601,baja_categorica,1,1,1.0,24,100.0,1.0,3.0,1.2083,1.0,1.0,0.0,,,0.0,,,,"[""1"", ""2"", ""3""]","{""1"": 20, ""2"": 3, ""3"": 1}"
municipalidades_2022,P57_6,large_string,integer,1874,0,0.0,1428,76.2006,1428,76.2006,446,2,0.1067,baja_categorica,1,1,1.0,446,100.0,1.0,2.0,1.9753,2.0,2.0,0.0,,,0.0,,,,"[""2"", ""1""]","{""2"": 435, ""1"": 11}"
municipalidades_2022,P57_6_1,large_string,integer,1874,0,0.0,1863,99.413,1863,99.413,11,3,0.1601,baja_categorica,1,1,1.0,11,100.0,1.0,4.0,1.3636,1.0,1.0,0.0,,,0.0,,,,"[""1"", ""4"", ""2""]","{""1"": 9, ""4"": 1, ""2"": 1}"
municipalidades_2022,P57_6_O,large_string,text,1874,0,0.0,1863,99.413,1863,99.413,11,6,0.3202,baja_categorica,5,18,11.7273,0,0.0,,,,,,,,,0.0,,,,"[""SCANER"", ""EQUIPO DE SONIDO"", ""CAMARA FOTOGRAFICA"", ""SCANNER"", ""TABLETS""]","{""EQUIPO DE SONIDO"": 5, ""SCANER"": 2, ""CAMARA FOTOGRAFICA"": 1, ""SCANNER"": 1, ""TABLETS"": 1, ""RADIO"": 1}"
municipalidades_2022,VFI_P58,large_string,categorical_indicator,1874,0,0.0,0,0.0,0,0.0,1874,1,0.0534,baja_categorica,1,1,1.0,1874,100.0,1.0,1.0,1.0,1.0,1.0,0.0,,,0.0,,,,"[""1""]","{""1"": 1874}"
municipalidades_2022,P58_1,large_string,integer,1874,0,0.0,0,0.0,0,0.0,1874,2,0.1067,baja_categorica,1,1,1.0,1874,100.0,1.0,2.0,1.9306,2.0,2.0,0.0,,,0.0,,,,"[""2"", ""1""]","{""2"": 1744, ""1"": 130}"
municipalidades_2022,P58_1_1,large_string,integer,1874,0,0.0,1744,93.063,1744,93.063,130,2,0.1067,baja_categorica,1,1,1.0,130,100.0,1.0,2.0,1.0308,1.0,1.0,0.0,,,0.0,,,,"[""1"", ""2""]","{""1"": 126, ""2"": 4}"
municipalidades_2022,P58_2,large_string,integer,1874,0,0.0,0,0.0,0,0.0,1874,2,0.1067,baja_categorica,1,1,1.0,1874,100.0,1.0,2.0,1.9632,2.0,2.0,0.0,,,0.0,,,,"[""2"", ""1""]","{""2"": 1805, ""1"": 69}"
municipalidades_2022,P58_2_1,large_string,integer,1874,0,0.0,1805,96.318,1805,96.318,69,3,0.1601,baja_categorica,1,1,1.0,69,100.0,1.0,3.0,1.1014,1.0,1.0,0.0,,,0.0,,,,"[""1"", ""2"", ""3""]","{""1"": 64, ""2"": 3, ""3"": 2}"
municipalidades_2022,P58_3,large_string,integer,1874,0,0.0,0,0.0,0,0.0,1874,2,0.1067,baja_categorica,1,1,1.0,1874,100.0,1.0,2.0,1.9493,2.0,2.0,0.0,,,0.0,,,,"[""2"", ""1""]","{""2"": 1779, ""1"": 95}"
municipalidades_2022,P58_3_1,large_string,integer,1874,0,0.0,1779,94.9306,1779,94.9306,95,4,0.2134,baja_categorica,1,1,1.0,95,100.0,1.0,7.0,1.1263,1.0,1.0,0.0,,,0.0,,,,"[""1"", ""2"", ""7"", ""3""]","{""1"": 89, ""2"": 4, ""7"": 1, ""3"": 1}"
municipalidades_2022,P58_4,large_string,integer,1874,0,0.0,0,0.0,0,0.0,1874,2,0.1067,baja_categorica,1,1,1.0,1874,100.0,1.0,2.0,1.9669,2.0,2.0,0.0,,,0.0,,,,"[""2"", ""1""]","{""2"": 1812, ""1"": 62}"
municipalidades_2022,P58_4_1,large_string,integer,1874,0,0.0,1812,96.6916,1812,96.6916,62,3,0.1601,baja_categorica,1,1,1.0,62,100.0,1.0,3.0,1.1935,1.0,1.0,0.0,,,0.0,,,,"[""1"", ""2"", ""3""]","{""1"": 52, ""2"": 8, ""3"": 2}"
municipalidades_2022,P58_4_O,large_string,text,1874,0,0.0,1812,96.6916,1812,96.6916,62,18,0.9605,baja_categorica,4,29,16.7258,0,0.0,,,,,,,,,0.0,,,,"[""AUDITORIO MULTIUSOS"", ""ANFITEATRO"", ""ESCUELA MUNICIPAL"", ""GALERIAS"", ""TEATRIN""]","{""AUDITORIO MULTIUSOS"": 29, ""AUDITORIO MUNICIPAL"": 5, ""CENTRO CULTURAL"": 4, ""CASA DE LA JUVENTUD"": 3, ""LOCAL COMUNAL"": 3, ""ANFITEATRO"": 3, ""ESCUELA MUNICIPAL"": 2, ""TELECENTRO"": 2, ""TEATRIN"": 2, ""AUDITORIO Y GALERIA"": 1}"
municipalidades_2022,VFI_P59,large_string,categorical_indicator,1874,0,0.0,0,0.0,0,0.0,1874,1,0.0534,baja_categorica,1,1,1.0,1874,100.0,1.0,1.0,1.0,1.0,1.0,0.0,,,0.0,,,,"[""1""]","{""1"": 1874}"
municipalidades_2022,P59_1,large_string,integer,1874,0,0.0,0,0.0,0,0.0,1874,2,0.1067,baja_categorica,1,1,1.0,1874,100.0,1.0,2.0,1.4194,1.0,2.0,1.0,0,0.0,0.0,,,,"[""2"", ""1""]","{""1"": 1088, ""2"": 786}"
municipalidades_2022,P59_1_1,large_string,integer,1874,0,0.0,786,41.9424,786,41.9424,1088,9,0.4803,baja_categorica,1,2,1.0018,1088,100.0,1.0,16.0,1.159,1.0,1.0,0.0,,,0.0,,,,"[""1"", ""3"", ""4"", ""2"", ""6""]","{""1"": 991, ""2"": 67, ""3"": 16, ""4"": 5, ""6"": 3, ""5"": 3, ""7"": 1, ""16"": 1, ""12"": 1}"
municipalidades_2022,P59_2,large_string,integer,1874,0,0.0,0,0.0,0,0.0,1874,2,0.1067,baja_categorica,1,1,1.0,1874,100.0,1.0,2.0,1.6937,1.0,2.0,1.0,0,0.0,0.0,,,,"[""2"", ""1""]","{""2"": 1300, ""1"": 574}"
municipalidades_2022,P59_2_1,large_string,integer,1874,0,0.0,1300,69.3703,1300,69.3703,574,16,0.8538,baja_categorica,1,2,1.0209,574,100.0,1.0,52.0,1.9634,1.0,2.0,1.0,47,8.1882,0.0,,,,"[""1"", ""2"", ""3"", ""4"", ""11""]","{""1"": 406, ""2"": 79, ""3"": 42, ""4"": 14, ""6"": 10, ""5"": 6, ""7"": 4, ""11"": 3, ""10"": 3, ""26"": 1}"
municipalidades_2022,P59_3,large_string,integer,1874,0,0.0,0,0.0,0,0.0,1874,2,0.1067,baja_categorica,1,1,1.0,1874,100.0,1.0,2.0,1.7839,2.0,2.0,0.0,,,0.0,,,,"[""2"", ""1""]","{""2"": 1469, ""1"": 405}"
municipalidades_2022,P59_3_1,large_string,integer,1874,0,0.0,1469,78.3885,1469,78.3885,405,6,0.3202,baja_categorica,1,1,1.0,405,100.0,1.0,7.0,1.163,1.0,1.0,0.0,,,0.0,,,,"[""1"", ""2"", ""3"", ""4"", ""7""]","{""1"": 361, ""2"": 30, ""3"": 10, ""4"": 2, ""7"": 1, ""5"": 1}"
municipalidades_2022,P59_4,large_string,integer,1874,0,0.0,0,0.0,0,0.0,1874,2,0.1067,baja_categorica,1,1,1.0,1874,100.0,1.0,2.0,1.6233,1.0,2.0,1.0,0,0.0,0.0,,,,"[""2"", ""1""]","{""2"": 1168, ""1"": 706}"
municipalidades_2022,P59_4_1,large_string,integer,1874,0,0.0,1168,62.3266,1168,62.3266,706,34,1.8143,baja_categorica,1,3,1.0737,706,100.0,1.0,176.0,3.9887,1.0,3.0,2.0,69,9.7734,0.0,,,,"[""1"", ""2"", ""4"", ""3"", ""5""]","{""1"": 382, ""2"": 128, ""3"": 56, ""4"": 34, ""5"": 21, ""6"": 16, ""10"": 11, ""8"": 9, ""7"": 6, ""14"": 5}"
municipalidades_2022,P59_5,large_string,integer,1874,0,0.0,0,0.0,0,0.0,1874,2,0.1067,baja_categorica,1,1,1.0,1874,100.0,1.0,2.0,1.7636,2.0,2.0,0.0,,,0.0,,,,"[""2"", ""1""]","{""2"": 1431, ""1"": 443}"
municipalidades_2022,P59_5_1,large_string,integer,1874,0,0.0,1431,76.3607,1431,76.3607,443,19,1.0139,baja_categorica,1,3,1.0474,443,100.0,1.0,108.0,2.605,1.0,2.0,1.0,69,15.5756,0.0,,,,"[""2"", ""1"", ""4"", ""3"", ""10""]","{""1"": 269, ""2"": 73, ""3"": 32, ""4"": 24, ""5"": 10, ""10"": 9, ""6"": 9, ""12"": 3, ""7"": 3, ""8"": 2}"
municipalidades_2022,P59_6,large_string,integer,1874,0,0.0,0,0.0,0,0.0,1874,2,0.1067,baja_categorica,1,1,1.0,1874,100.0,1.0,2.0,1.9061,2.0,2.0,0.0,,,0.0,,,,"[""2"", ""1""]","{""2"": 1698, ""1"": 176}"
municipalidades_2022,P59_6_1,large_string,integer,1874,0,0.0,1698,90.6083,1698,90.6083,176,10,0.5336,baja_categorica,1,2,1.0284,176,100.0,1.0,25.0,1.9659,1.0,2.0,1.0,10,5.6818,0.0,,,,"[""1"", ""2"", ""3"", ""5"", ""20""]","{""1"": 109, ""2"": 48, ""3"": 9, ""5"": 3, ""10"": 2, ""20"": 1, ""24"": 1, ""25"": 1, ""6"": 1, ""4"": 1}"
municipalidades_2022,P59_7,large_string,integer,1874,0,0.0,0,0.0,0,0.0,1874,2,0.1067,baja_categorica,1,1,1.0,1874,100.0,1.0,2.0,1.9509,2.0,2.0,0.0,,,0.0,,,,"[""2"", ""1""]","{""2"": 1782, ""1"": 92}"
municipalidades_2022,P59_7_1,large_string,integer,1874,0,0.0,1782,95.0907,1782,95.0907,92,8,0.4269,baja_categorica,1,2,1.0326,92,100.0,1.0,20.0,2.0543,1.0,2.0,1.0,7,7.6087,0.0,,,,"[""2"", ""1"", ""4"", ""3"", ""5""]","{""1"": 51, ""2"": 27, ""3"": 7, ""4"": 3, ""5"": 1, ""20"": 1, ""16"": 1, ""10"": 1}"
municipalidades_2022,P59_8,large_string,integer,1874,0,0.0,0,0.0,0,0.0,1874,2,0.1067,baja_categorica,1,1,1.0,1874,100.0,1.0,2.0,1.9066,2.0,2.0,0.0,,,0.0,,,,"[""1"", ""2""]","{""2"": 1699, ""1"": 175}"
municipalidades_2022,P59_8_1,large_string,integer,1874,0,0.0,1699,90.6617,1699,90.6617,175,7,0.3735,baja_categorica,1,2,1.0057,175,100.0,1.0,11.0,1.6571,1.0,2.0,1.0,15,8.5714,0.0,,,,"[""1"", ""2"", ""6"", ""5"", ""3""]","{""1"": 118, ""2"": 29, ""3"": 13, ""4"": 8, ""5"": 4, ""6"": 2, ""11"": 1}"
municipalidades_2022,P59_9,large_string,integer,1874,0,0.0,0,0.0,0,0.0,1874,2,0.1067,baja_categorica,1,1,1.0,1874,100.0,1.0,2.0,1.8954,2.0,2.0,0.0,,,0.0,,,,"[""2"", ""1""]","{""2"": 1678, ""1"": 196}"
municipalidades_2022,P59_9_1,large_string,integer,1874,0,0.0,1678,89.5411,1678,89.5411,196,8,0.4269,baja_categorica,1,2,1.0051,196,100.0,1.0,39.0,1.4898,1.0,1.0,0.0,,,0.0,,,,"[""1"", ""2"", ""4"", ""3"", ""39""]","{""1"": 158, ""2"": 28, ""4"": 3, ""3"": 3, ""39"": 1, ""7"": 1, ""6"": 1, ""5"": 1}"
municipalidades_2022,P59_10,large_string,integer,1874,0,0.0,0,0.0,0,0.0,1874,2,0.1067,baja_categorica,1,1,1.0,1874,100.0,1.0,2.0,1.9931,2.0,2.0,0.0,,,0.0,,,,"[""2"", ""1""]","{""2"": 1861, ""1"": 13}"
municipalidades_2022,P59_10_1,large_string,integer,1874,0,0.0,1861,99.3063,1861,99.3063,13,4,0.2134,baja_categorica,1,2,1.0769,13,100.0,1.0,11.0,2.1538,1.0,2.0,1.0,1,7.6923,0.0,,,,"[""1"", ""2"", ""11"", ""3""]","{""1"": 8, ""2"": 3, ""11"": 1, ""3"": 1}"
municipalidades_2022,P59_11,large_string,integer,1874,0,0.0,0,0.0,0,0.0,1874,2,0.1067,baja_categorica,1,1,1.0,1874,100.0,1.0,2.0,1.921,2.0,2.0,0.0,,,0.0,,,,"[""2"", ""1""]","{""2"": 1726, ""1"": 148}"
municipalidades_2022,P59_11_1,large_string,integer,1874,0,0.0,1726,92.1025,1726,92.1025,148,12,0.6403,baja_categorica,1,2,1.027,148,100.0,1.0,50.0,2.6081,1.0,2.0,1.0,21,14.1892,0.0,,,,"[""1"", ""2"", ""3"", ""7"", ""4""]","{""1"": 108, ""2"": 15, ""5"": 5, ""3"": 4, ""4"": 4, ""8"": 4, ""7"": 3, ""41"": 1, ""35"": 1, ""10"": 1}"
municipalidades_2022,P59_11_O,large_string,text,1874,0,0.0,1726,92.1025,1726,92.1025,148,15,0.8004,baja_categorica,9,25,18.7095,0,0.0,,,,,,,,,0.0,,,,"[""CAMPO DEPORTIVO"", ""PARQUE INFANTIL"", ""POLIDEPORTIVO"", ""CANCHA DE GRASS SINTETICO"", ""CENTRO RECREACIONAL""]","{""CANCHA DE GRASS SINTETICO"": 59, ""CAMPO DEPORTIVO"": 30, ""PARQUE INFANTIL"": 24, ""POLIDEPORTIVO"": 15, ""SKATE PARK"": 4, ""LOSA DE FRONTON"": 3, ""PARQUE ECOLOGICO"": 3, ""CENTRO RECREACIONAL"": 2, ""CAMPO DE FUTBOL"": 2, ""RUEDO MUNICIPAL"": 1}"
municipalidades_2022,VFI_P60A,large_string,categorical_indicator,1874,0,0.0,0,0.0,0,0.0,1874,1,0.0534,baja_categorica,1,1,1.0,1874,100.0,1.0,1.0,1.0,1.0,1.0,0.0,,,0.0,,,,"[""1""]","{""1"": 1874}"
municipalidades_2022,P60A_1,large_string,categorical_indicator,1874,0,0.0,0,0.0,0,0.0,1874,1,0.0534,baja_categorica,1,1,1.0,1874,100.0,1.0,1.0,1.0,1.0,1.0,0.0,,,0.0,,,,"[""1""]","{""1"": 1874}"
municipalidades_2022,P60A_1_1,large_string,integer,1874,0,0.0,0,0.0,0,0.0,1874,162,8.6446,media,1,4,1.6777,1874,100.0,1.0,2962.0,30.7204,5.0,32.75,27.75,138,7.3639,0.0,,,,"[""22"", ""1"", ""4"", ""3"", ""15""]","{""1"": 275, ""5"": 68, ""7"": 64, ""11"": 59, ""3"": 57, ""8"": 55, ""9"": 52, ""12"": 51, ""6"": 47, ""15"": 46}"
municipalidades_2022,P60A_1_2,large_string,integer,1874,0,0.0,0,0.0,0,0.0,1874,1026,54.7492,media_alta,1,6,3.1334,1874,100.0,9.0,107328.0,1118.0347,180.0,993.75,813.75,161,8.5912,0.0,,,,"[""1078"", ""24"", ""120"", ""38"", ""67""]","{""700"": 12, ""150"": 12, ""500"": 12, ""300"": 12, ""250"": 11, ""50"": 11, ""320"": 10, ""120"": 9, ""400"": 9, ""100"": 8}"
municipalidades_2022,P60A_2,large_string,integer,1874,0,0.0,0,0.0,0,0.0,1874,2,0.1067,baja_categorica,1,1,1.0,1874,100.0,1.0,2.0,1.4077,1.0,2.0,1.0,0,0.0,0.0,,,,"[""1"", ""2""]","{""1"": 1110, ""2"": 764}"
municipalidades_2022,P60A_2_1,large_string,integer,1874,0,0.0,764,40.7684,764,40.7684,1110,96,5.1227,media,1,3,1.2874,1110,100.0,1.0,440.0,12.8387,1.0,10.0,9.0,156,14.0541,0.0,,,,"[""22"", ""1"", ""60"", ""2"", ""26""]","{""1"": 368, ""2"": 137, ""3"": 95, ""4"": 79, ""5"": 47, ""8"": 28, ""7"": 27, ""10"": 26, ""6"": 22, ""13"": 17}"
municipalidades_2022,P60A_2_2,large_string,integer,1874,0,0.0,764,40.7684,764,40.7684,1110,421,22.4653,media,1,5,2.6982,1110,100.0,2.0,33948.0,629.9378,50.0,432.5,382.5,157,14.1441,0.0,,,,"[""701"", ""35"", ""33"", ""20"", ""60""]","{""50"": 72, ""30"": 44, ""100"": 40, ""40"": 31, ""20"": 30, ""120"": 29, ""60"": 29, ""200"": 26, ""150"": 23, ""80"": 19}"
municipalidades_2022,P60A_3,large_string,integer,1874,0,0.0,0,0.0,0,0.0,1874,2,0.1067,baja_categorica,1,1,1.0,1874,100.0,1.0,2.0,1.8356,2.0,2.0,0.0,,,0.0,,,,"[""1"", ""2""]","{""2"": 1566, ""1"": 308}"
municipalidades_2022,P60A_3_1,large_string,integer,1874,0,0.0,1566,83.5646,1566,83.5646,308,64,3.4152,baja_categorica,1,3,1.3766,308,100.0,1.0,243.0,14.9578,1.0,17.0,16.0,33,10.7143,0.0,,,,"[""10"", ""1"", ""5"", ""2"", ""9""]","{""1"": 111, ""2"": 36, ""3"": 18, ""5"": 11, ""7"": 8, ""4"": 8, ""12"": 7, ""11"": 5, ""10"": 5, ""6"": 5}"
municipalidades_2022,P60A_3_2,large_string,integer,1874,0,0.0,1566,83.5646,1566,83.5646,308,177,9.445,media,1,5,2.6396,308,100.0,2.0,11184.0,630.0487,30.0,505.0,475.0,35,11.3636,0.0,,,,"[""103"", ""30"", ""8"", ""100"", ""11""]","{""30"": 21, ""15"": 12, ""25"": 11, ""40"": 10, ""50"": 8, ""20"": 8, ""80"": 6, ""100"": 6, ""10"": 5, ""70"": 4}"
municipalidades_2022,P60A_4,large_string,integer,1874,0,0.0,0,0.0,0,0.0,1874,2,0.1067,baja_categorica,1,1,1.0,1874,100.0,1.0,2.0,1.9055,2.0,2.0,0.0,,,0.0,,,,"[""2"", ""1""]","{""2"": 1697, ""1"": 177}"
municipalidades_2022,P60A_4_1,large_string,integer,1874,0,0.0,1697,90.555,1697,90.555,177,22,1.174,baja_categorica,1,3,1.1186,177,100.0,1.0,721.0,7.8475,1.0,3.0,2.0,24,13.5593,0.0,,,,"[""3"", ""10"", ""1"", ""7"", ""2""]","{""1"": 106, ""2"": 24, ""3"": 7, ""4"": 7, ""6"": 5, ""5"": 4, ""14"": 3, ""20"": 3, ""7"": 2, ""11"": 2}"
municipalidades_2022,P60A_4_2,large_string,integer,1874,0,0.0,1697,90.555,1697,90.555,177,67,3.5752,baja_categorica,1,5,2.2203,177,100.0,2.0,17502.0,217.9605,20.0,100.0,80.0,22,12.4294,0.0,,,,"[""11"", ""100"", ""40"", ""10"", ""35""]","{""30"": 16, ""20"": 15, ""50"": 14, ""40"": 11, ""25"": 9, ""100"": 7, ""10"": 6, ""35"": 6, ""2"": 6, ""150"": 5}"
municipalidades_2022,P60A_5,large_string,integer,1874,0,0.0,0,0.0,0,0.0,1874,2,0.1067,baja_categorica,1,1,1.0,1874,100.0,1.0,2.0,1.9514,2.0,2.0,0.0,,,0.0,,,,"[""2"", ""1""]","{""2"": 1783, ""1"": 91}"
municipalidades_2022,P60A_5_1,large_string,integer,1874,0,0.0,1783,95.1441,1783,95.1441,91,24,1.2807,baja_categorica,1,3,1.2308,91,100.0,1.0,110.0,9.044,1.0,6.0,5.0,16,17.5824,0.0,,,,"[""2"", ""1"", ""13"", ""3"", ""5""]","{""1"": 44, ""2"": 15, ""3"": 3, ""6"": 3, ""20"": 2, ""5"": 2, ""4"": 2, ""15"": 2, ""9"": 2, ""10"": 2}"
municipalidades_2022,P60A_5_2,large_string,integer,1874,0,0.0,1783,95.1441,1783,95.1441,91,69,3.682,baja_categorica,1,4,2.6154,91,100.0,2.0,9000.0,639.2198,50.0,325.0,275.0,13,14.2857,0.0,,,,"[""75"", ""50"", ""630"", ""140"", ""164""]","{""50"": 5, ""25"": 3, ""30"": 3, ""80"": 3, ""150"": 3, ""55"": 3, ""300"": 2, ""120"": 2, ""160"": 2, ""110"": 2}"
municipalidades_2022,P60A_5_O,large_string,categorical_text,1874,0,0.0,1783,95.1441,1783,95.1441,91,6,0.3202,baja_categorica,13,43,32.1099,0,0.0,,,,,,,,,0.0,,,,"[""CASAS HOGARES Y ALBERGUES"", ""OLLAS COMUNES"", ""ASOCIACIONES DE ADULTOS MAYORES Y EN RIESGO"", ""ASOCIACIONES Y/O COMITES VECINALES"", ""ASOCIACIONES DE MUJERES""]","{""ASOCIACIONES DE ADULTOS MAYORES Y EN RIESGO"": 36, ""ASOCIACIONES Y/O COMITES VECINALES"": 19, ""CASAS HOGARES Y ALBERGUES"": 14, ""OLLAS COMUNES"": 12, ""ASOCIACIONES DE MUJERES"": 6, ""COMEDORES MUNICIPALES"": 4}"
municipalidades_2022,VFI_P60B,large_string,categorical_indicator,1874,0,0.0,0,0.0,0,0.0,1874,1,0.0534,baja_categorica,1,1,1.0,1874,100.0,1.0,1.0,1.0,1.0,1.0,0.0,,,0.0,,,,"[""1""]","{""1"": 1874}"
municipalidades_2022,P60B_1A_1,large_string,integer,1874,0,0.0,0,0.0,0,0.0,1874,2,0.1067,baja_categorica,1,1,1.0,1874,100.0,1.0,2.0,1.0005,1.0,1.0,0.0,,,0.0,,,,"[""1"", ""2""]","{""1"": 1873, ""2"": 1}"
municipalidades_2022,P60B_1_1,large_string,integer,1874,0,0.0,1,0.0534,1,0.0534,1873,936,49.9466,media,1,5,2.9482,1873,100.0,3.0,38596.0,697.9594,120.0,699.0,579.0,159,8.4891,0.0,,,,"[""593"", ""24"", ""20"", ""33"", ""60""]","{""80"": 14, ""150"": 12, ""20"": 11, ""200"": 11, ""40"": 11, ""30"": 11, ""50"": 11, ""70"": 10, ""45"": 9, ""120"": 9}"
municipalidades_2022,P60B_2A_1,large_string,integer,1874,0,0.0,0,0.0,0,0.0,1874,2,0.1067,baja_categorica,1,1,1.0,1874,100.0,1.0,2.0,1.4872,1.0,2.0,1.0,0,0.0,0.0,,,,"[""1"", ""2""]","{""1"": 961, ""2"": 913}"
municipalidades_2022,P60B_2_1,large_string,integer,1874,0,0.0,913,48.7193,913,48.7193,961,287,15.3148,media,1,5,2.0146,961,100.0,1.0,41259.0,395.0323,5.0,103.0,98.0,146,15.1925,0.0,,,,"[""3"", ""30"", ""20"", ""1"", ""45""]","{""1"": 74, ""2"": 63, ""3"": 45, ""4"": 34, ""5"": 32, ""10"": 30, ""30"": 19, ""20"": 17, ""8"": 16, ""9"": 13}"
municipalidades_2022,P60B_3A_1,large_string,integer,1874,0,0.0,0,0.0,0,0.0,1874,2,0.1067,baja_categorica,1,1,1.0,1874,100.0,1.0,2.0,1.1025,1.0,1.0,0.0,,,0.0,,,,"[""1"", ""2""]","{""1"": 1682, ""2"": 192}"
municipalidades_2022,P60B_3_1,large_string,integer,1874,0,0.0,192,10.2455,192,10.2455,1682,185,9.8719,media,1,3,1.7105,1682,100.0,1.0,895.0,34.2723,6.0,36.0,30.0,162,9.6314,0.0,,,,"[""33"", ""20"", ""4"", ""7"", ""22""]","{""5"": 93, ""2"": 90, ""10"": 81, ""4"": 74, ""3"": 71, ""1"": 62, ""7"": 60, ""8"": 58, ""6"": 52, ""9"": 51}"
municipalidades_2022,P60B_4A_1,large_string,integer,1874,0,0.0,0,0.0,0,0.0,1874,2,0.1067,baja_categorica,1,1,1.0,1874,100.0,1.0,2.0,1.2145,1.0,1.0,0.0,,,0.0,,,,"[""1"", ""2""]","{""1"": 1472, ""2"": 402}"
municipalidades_2022,P60B_4_1,large_string,integer,1874,0,0.0,402,21.4514,402,21.4514,1472,227,12.1131,media,1,4,1.8499,1472,100.0,1.0,1820.0,55.0496,8.0,55.0,47.0,140,9.5109,0.0,,,,"[""3"", ""10"", ""1"", ""23"", ""5""]","{""2"": 66, ""5"": 65, ""10"": 55, ""3"": 49, ""4"": 47, ""6"": 46, ""8"": 46, ""12"": 43, ""1"": 41, ""7"": 35}"
municipalidades_2022,P60B_5A_1,large_string,integer,1874,0,0.0,0,0.0,0,0.0,1874,2,0.1067,baja_categorica,1,1,1.0,1874,100.0,1.0,2.0,1.8319,2.0,2.0,0.0,,,0.0,,,,"[""2"", ""1""]","{""2"": 1559, ""1"": 315}"
municipalidades_2022,P60B_5_1,large_string,integer,1874,0,0.0,1559,83.191,1559,83.191,315,71,3.7887,baja_categorica,1,5,1.4381,315,100.0,1.0,23134.0,94.5302,1.0,20.0,19.0,36,11.4286,0.0,,,,"[""1"", ""2"", ""5"", ""15"", ""10""]","{""1"": 80, ""2"": 46, ""5"": 16, ""3"": 13, ""10"": 12, ""4"": 11, ""20"": 10, ""9"": 8, ""6"": 8, ""7"": 7}"
municipalidades_2022,P60B_6A_1,large_string,integer,1874,0,0.0,0,0.0,0,0.0,1874,2,0.1067,baja_categorica,1,1,1.0,1874,100.0,1.0,2.0,1.3042,1.0,2.0,1.0,0,0.0,0.0,,,,"[""1"", ""2""]","{""1"": 1304, ""2"": 570}"
municipalidades_2022,P60B_6_1,large_string,integer,1874,0,0.0,570,30.4162,570,30.4162,1304,353,18.8367,media,1,5,2.112,1304,100.0,1.0,15306.0,142.4494,11.75,124.25,112.5,139,10.6595,0.0,,,,"[""299"", ""20"", ""85"", ""4"", ""6""]","{""1"": 43, ""10"": 42, ""2"": 40, ""5"": 37, ""3"": 30, ""4"": 30, ""20"": 29, ""8"": 27, ""6"": 25, ""15"": 24}"
municipalidades_2022,P60B_7A_1,large_string,integer,1874,0,0.0,0,0.0,0,0.0,1874,2,0.1067,baja_categorica,1,1,1.0,1874,100.0,1.0,2.0,1.3351,1.0,2.0,1.0,0,0.0,0.0,,,,"[""1"", ""2""]","{""1"": 1246, ""2"": 628}"
municipalidades_2022,P60B_7_1,large_string,integer,1874,0,0.0,628,33.5112,628,33.5112,1246,178,9.4984,media,1,4,1.7833,1246,100.0,1.0,4180.0,43.4053,7.0,47.0,40.0,93,7.4639,0.0,,,,"[""147"", ""19"", ""3"", ""34"", ""2""]","{""5"": 59, ""3"": 55, ""2"": 55, ""4"": 54, ""10"": 51, ""1"": 50, ""11"": 34, ""6"": 32, ""8"": 28, ""20"": 28}"
municipalidades_2022,P60B_T_1,large_string,integer,1874,0,0.0,0,0.0,0,0.0,1874,1026,54.7492,media_alta,1,6,3.1334,1874,100.0,9.0,107328.0,1118.0347,180.0,993.75,813.75,161,8.5912,0.0,,,,"[""1078"", ""24"", ""120"", ""38"", ""67""]","{""700"": 12, ""150"": 12, ""500"": 12, ""300"": 12, ""250"": 11, ""50"": 11, ""320"": 10, ""120"": 9, ""400"": 9, ""100"": 8}"
municipalidades_2022,VFI_P61,large_string,categorical_indicator,1874,0,0.0,0,0.0,0,0.0,1874,1,0.0534,baja_categorica,1,1,1.0,1874,100.0,1.0,1.0,1.0,1.0,1.0,0.0,,,0.0,,,,"[""1""]","{""1"": 1874}"
municipalidades_2022,P61,large_string,integer,1874,0,0.0,0,0.0,0,0.0,1874,2,0.1067,baja_categorica,1,1,1.0,1874,100.0,1.0,2.0,1.4184,1.0,2.0,1.0,0,0.0,0.0,,,,"[""1"", ""2""]","{""1"": 1090, ""2"": 784}"
municipalidades_2022,P61_1,large_string,integer,1874,0,0.0,784,41.8356,784,41.8356,1090,14,0.7471,baja_categorica,1,2,1.0064,1090,100.0,1.0,27.0,1.255,1.0,1.0,0.0,,,0.0,,,,"[""1"", ""2"", ""3"", ""11"", ""15""]","{""1"": 1006, ""2"": 41, ""3"": 17, ""4"": 11, ""5"": 3, ""15"": 2, ""9"": 2, ""19"": 2, ""11"": 1, ""7"": 1}"
municipalidades_2022,P61_2,large_string,integer,1874,0,0.0,784,41.8356,784,41.8356,1090,451,24.0662,media,1,4,2.6422,1090,100.0,2.0,9284.0,309.5587,60.0,341.5,281.5,97,8.8991,0.0,,,,"[""154"", ""33"", ""47"", ""22"", ""80""]","{""80"": 25, ""50"": 24, ""20"": 23, ""100"": 20, ""60"": 18, ""30"": 15, ""150"": 15, ""120"": 14, ""70"": 14, ""40"": 14}"
municipalidades_2022,VFI_P62,large_string,categorical_indicator,1874,0,0.0,0,0.0,0,0.0,1874,1,0.0534,baja_categorica,1,1,1.0,1874,100.0,1.0,1.0,1.0,1.0,1.0,0.0,,,0.0,,,,"[""1""]","{""1"": 1874}"
municipalidades_2022,P62,large_string,integer,1874,0,0.0,0,0.0,0,0.0,1874,2,0.1067,baja_categorica,1,1,1.0,1874,100.0,1.0,2.0,1.1409,1.0,1.0,0.0,,,0.0,,,,"[""1"", ""2""]","{""1"": 1610, ""2"": 264}"
municipalidades_2022,P62_1,large_string,integer,1874,0,0.0,264,14.0875,264,14.0875,1610,388,20.7044,media,1,4,2.2398,1610,100.0,1.0,8434.0,162.6665,20.0,150.0,130.0,172,10.6832,0.0,,,,"[""250"", ""3"", ""25"", ""10"", ""19""]","{""1"": 36, ""15"": 34, ""5"": 33, ""10"": 30, ""30"": 29, ""50"": 28, ""20"": 28, ""2"": 27, ""6"": 25, ""25"": 25}"
municipalidades_2022,VFI_P63,large_string,categorical_indicator,1874,0,0.0,0,0.0,0,0.0,1874,1,0.0534,baja_categorica,1,1,1.0,1874,100.0,1.0,1.0,1.0,1.0,1.0,0.0,,,0.0,,,,"[""1""]","{""1"": 1874}"
municipalidades_2022,P63,large_string,integer,1874,0,0.0,0,0.0,0,0.0,1874,2,0.1067,baja_categorica,1,1,1.0,1874,100.0,1.0,2.0,1.8351,2.0,2.0,0.0,,,0.0,,,,"[""1"", ""2""]","{""2"": 1565, ""1"": 309}"
municipalidades_2022,VFI_P64,large_string,categorical_indicator,1874,0,0.0,0,0.0,0,0.0,1874,1,0.0534,baja_categorica,1,1,1.0,1874,100.0,1.0,1.0,1.0,1.0,1.0,0.0,,,0.0,,,,"[""1""]","{""1"": 1874}"
municipalidades_2022,P64,large_string,integer,1874,0,0.0,0,0.0,0,0.0,1874,2,0.1067,baja_categorica,1,1,1.0,1874,100.0,1.0,2.0,1.2556,1.0,2.0,1.0,0,0.0,0.0,,,,"[""1"", ""2""]","{""1"": 1395, ""2"": 479}"
municipalidades_2022,P64_1,large_string,integer,1874,0,0.0,479,25.5603,479,25.5603,1395,2,0.1067,baja_categorica,1,1,1.0,1395,100.0,1.0,2.0,1.0652,1.0,1.0,0.0,,,0.0,,,,"[""1"", ""2""]","{""1"": 1304, ""2"": 91}"
municipalidades_2022,P64_1_1,large_string,integer,1874,0,0.0,570,30.4162,570,30.4162,1304,186,9.9253,media,1,4,1.6603,1304,100.0,1.0,2663.0,45.7408,4.0,35.0,31.0,144,11.0429,0.0,,,,"[""10"", ""7"", ""1"", ""11"", ""2""]","{""3"": 104, ""1"": 96, ""2"": 89, ""5"": 72, ""10"": 66, ""4"": 57, ""6"": 55, ""8"": 40, ""15"": 38, ""7"": 37}"
municipalidades_2022,P64_2,large_string,integer,1874,0,0.0,479,25.5603,479,25.5603,1395,2,0.1067,baja_categorica,1,1,1.0,1395,100.0,1.0,2.0,1.3713,1.0,2.0,1.0,0,0.0,0.0,,,,"[""1"", ""2""]","{""1"": 877, ""2"": 518}"
municipalidades_2022,P64_2_1,large_string,integer,1874,0,0.0,997,53.2017,997,53.2017,877,132,7.0438,media,1,4,1.5097,877,100.0,1.0,2105.0,33.9042,2.0,23.0,21.0,105,11.9726,0.0,,,,"[""5"", ""2"", ""19"", ""1"", ""3""]","{""1"": 132, ""2"": 92, ""3"": 69, ""5"": 49, ""4"": 42, ""10"": 32, ""6"": 28, ""7"": 28, ""8"": 25, ""9"": 24}"
municipalidades_2022,P64_3,large_string,integer,1874,0,0.0,479,25.5603,479,25.5603,1395,2,0.1067,baja_categorica,1,1,1.0,1395,100.0,1.0,2.0,1.3297,1.0,2.0,1.0,0,0.0,0.0,,,,"[""1"", ""2""]","{""1"": 935, ""2"": 460}"
municipalidades_2022,P64_3_1,large_string,integer,1874,0,0.0,939,50.1067,939,50.1067,935,136,7.2572,media,1,4,1.538,935,100.0,1.0,1856.0,32.985,3.0,24.0,21.0,111,11.8717,0.0,,,,"[""12"", ""11"", ""26"", ""10"", ""1""]","{""1"": 112, ""2"": 97, ""3"": 80, ""5"": 59, ""4"": 51, ""10"": 43, ""6"": 31, ""7"": 23, ""8"": 23, ""15"": 21}"
municipalidades_2022,P64_4,large_string,integer,1874,0,0.0,479,25.5603,479,25.5603,1395,2,0.1067,baja_categorica,1,1,1.0,1395,100.0,1.0,2.0,1.6308,1.0,2.0,1.0,0,0.0,0.0,,,,"[""1"", ""2""]","{""2"": 880, ""1"": 515}"
municipalidades_2022,P64_4_1,large_string,integer,1874,0,0.0,1359,72.5187,1359,72.5187,515,47,2.508,baja_categorica,1,4,1.2311,515,100.0,1.0,1600.0,12.7981,2.0,8.0,6.0,53,10.2913,0.0,,,,"[""1"", ""5"", ""3"", ""2"", ""20""]","{""1"": 121, ""2"": 114, ""3"": 51, ""5"": 34, ""4"": 31, ""6"": 20, ""10"": 20, ""7"": 13, ""15"": 11, ""9"": 9}"
municipalidades_2022,P64_5,large_string,integer,1874,0,0.0,479,25.5603,479,25.5603,1395,2,0.1067,baja_categorica,1,1,1.0,1395,100.0,1.0,2.0,1.6172,1.0,2.0,1.0,0,0.0,0.0,,,,"[""1"", ""2""]","{""2"": 861, ""1"": 534}"
municipalidades_2022,P64_5_1,large_string,integer,1874,0,0.0,1340,71.5048,1340,71.5048,534,40,2.1345,baja_categorica,1,3,1.1873,534,100.0,1.0,500.0,7.2191,1.0,6.0,5.0,56,10.4869,0.0,,,,"[""11"", ""1"", ""5"", ""2"", ""15""]","{""1"": 166, ""2"": 108, ""5"": 47, ""3"": 40, ""4"": 30, ""6"": 17, ""10"": 15, ""7"": 14, ""12"": 13, ""8"": 10}"
municipalidades_2022,P64_6,large_string,integer,1874,0,0.0,479,25.5603,479,25.5603,1395,2,0.1067,baja_categorica,1,1,1.0,1395,100.0,1.0,2.0,1.6194,1.0,2.0,1.0,0,0.0,0.0,,,,"[""2"", ""1""]","{""2"": 864, ""1"": 531}"
municipalidades_2022,P64_6_1,large_string,integer,1874,0,0.0,1343,71.6649,1343,71.6649,531,51,2.7215,baja_categorica,1,4,1.1977,531,100.0,1.0,1600.0,10.8682,1.0,6.0,5.0,59,11.1111,0.0,,,,"[""6"", ""4"", ""2"", ""3"", ""1""]","{""1"": 137, ""2"": 96, ""3"": 68, ""4"": 44, ""5"": 43, ""10"": 21, ""6"": 16, ""12"": 12, ""8"": 10, ""15"": 9}"
municipalidades_2022,P64_7,large_string,integer,1874,0,0.0,479,25.5603,479,25.5603,1395,2,0.1067,baja_categorica,1,1,1.0,1395,100.0,1.0,2.0,1.8703,2.0,2.0,0.0,,,0.0,,,,"[""1"", ""2""]","{""2"": 1214, ""1"": 181}"
municipalidades_2022,P64_7_1,large_string,integer,1874,0,0.0,1693,90.3415,1693,90.3415,181,20,1.0672,baja_categorica,1,3,1.1215,181,100.0,1.0,980.0,9.0608,1.0,4.0,3.0,22,12.1547,0.0,,,,"[""5"", ""2"", ""1"", ""15"", ""6""]","{""1"": 66, ""2"": 47, ""3"": 18, ""5"": 17, ""10"": 9, ""4"": 5, ""15"": 3, ""7"": 3, ""6"": 2, ""980"": 1}"
municipalidades_2022,P64_8,large_string,integer,1874,0,0.0,479,25.5603,479,25.5603,1395,2,0.1067,baja_categorica,1,1,1.0,1395,100.0,1.0,2.0,1.8487,2.0,2.0,0.0,,,0.0,,,,"[""2"", ""1""]","{""2"": 1184, ""1"": 211}"
municipalidades_2022,P64_8_1,large_string,integer,1874,0,0.0,1663,88.7407,1663,88.7407,211,23,1.2273,baja_categorica,1,3,1.128,211,100.0,1.0,700.0,8.1896,1.0,5.0,4.0,18,8.5308,0.0,,,,"[""1"", ""3"", ""2"", ""11"", ""6""]","{""1"": 74, ""2"": 45, ""3"": 20, ""5"": 19, ""4"": 11, ""6"": 6, ""10"": 5, ""7"": 5, ""8"": 4, ""15"": 4}"
municipalidades_2022,P64_9,large_string,integer,1874,0,0.0,479,25.5603,479,25.5603,1395,2,0.1067,baja_categorica,1,1,1.0,1395,100.0,1.0,2.0,1.8072,2.0,2.0,0.0,,,0.0,,,,"[""1"", ""2""]","{""2"": 1126, ""1"": 269}"
municipalidades_2022,P64_9_1,large_string,integer,1874,0,0.0,1605,85.6457,1605,85.6457,269,29,1.5475,baja_categorica,1,3,1.1524,269,100.0,1.0,800.0,8.6506,1.0,5.0,4.0,29,10.7807,0.0,,,,"[""1"", ""8"", ""2"", ""5"", ""3""]","{""1"": 89, ""2"": 58, ""3"": 31, ""5"": 21, ""4"": 14, ""10"": 8, ""7"": 7, ""6"": 6, ""15"": 4, ""25"": 3}"
municipalidades_2022,P64_10,large_string,integer,1874,0,0.0,479,25.5603,479,25.5603,1395,2,0.1067,baja_categorica,1,1,1.0,1395,100.0,1.0,2.0,1.8552,2.0,2.0,0.0,,,0.0,,,,"[""1"", ""2""]","{""2"": 1193, ""1"": 202}"
municipalidades_2022,P64_10_1,large_string,integer,1874,0,0.0,1672,89.2209,1672,89.2209,202,27,1.4408,baja_categorica,1,3,1.1832,202,100.0,1.0,780.0,11.7178,1.0,5.0,4.0,26,12.8713,0.0,,,,"[""1"", ""2"", ""5"", ""10"", ""15""]","{""1"": 70, ""2"": 42, ""3"": 26, ""5"": 16, ""10"": 8, ""6"": 4, ""7"": 4, ""4"": 3, ""14"": 3, ""12"": 3}"
municipalidades_2022,P64_11,large_string,integer,1874,0,0.0,479,25.5603,479,25.5603,1395,2,0.1067,baja_categorica,1,1,1.0,1395,100.0,1.0,2.0,1.8208,2.0,2.0,0.0,,,0.0,,,,"[""2"", ""1""]","{""2"": 1145, ""1"": 250}"
municipalidades_2022,P64_11_1,large_string,integer,1874,0,0.0,1624,86.6596,1624,86.6596,250,23,1.2273,baja_categorica,1,3,1.084,250,100.0,1.0,750.0,6.86,1.0,3.0,2.0,27,10.8,0.0,,,,"[""1"", ""5"", ""2"", ""4"", ""17""]","{""1"": 106, ""2"": 65, ""3"": 20, ""5"": 17, ""4"": 9, ""6"": 6, ""15"": 4, ""9"": 3, ""8"": 3, ""12"": 2}"
municipalidades_2022,P64_12,large_string,integer,1874,0,0.0,479,25.5603,479,25.5603,1395,2,0.1067,baja_categorica,1,1,1.0,1395,100.0,1.0,2.0,1.6918,1.0,2.0,1.0,0,0.0,0.0,,,,"[""1"", ""2""]","{""2"": 965, ""1"": 430}"
municipalidades_2022,P64_12_1,large_string,integer,1874,0,0.0,1444,77.0544,1444,77.0544,430,53,2.8282,baja_categorica,1,3,1.3395,430,100.0,1.0,791.0,15.2558,2.0,10.0,8.0,54,12.5581,0.0,,,,"[""7"", ""1"", ""2"", ""18"", ""4""]","{""1"": 83, ""2"": 75, ""5"": 40, ""3"": 34, ""10"": 33, ""4"": 28, ""6"": 12, ""15"": 12, ""8"": 11, ""20"": 10}"
municipalidades_2022,P64_13,large_string,integer,1874,0,0.0,479,25.5603,479,25.5603,1395,2,0.1067,baja_categorica,1,1,1.0,1395,100.0,1.0,2.0,1.9104,2.0,2.0,0.0,,,0.0,,,,"[""2"", ""1""]","{""2"": 1270, ""1"": 125}"
municipalidades_2022,P64_13_1,large_string,integer,1874,0,0.0,1749,93.3298,1749,93.3298,125,23,1.2273,baja_categorica,1,3,1.208,125,100.0,1.0,250.0,8.464,1.0,6.0,5.0,14,11.2,0.0,,,,"[""3"", ""5"", ""6"", ""2"", ""10""]","{""1"": 37, ""2"": 25, ""5"": 16, ""3"": 11, ""10"": 7, ""4"": 4, ""6"": 3, ""8"": 3, ""23"": 2, ""11"": 2}"
municipalidades_2022,P64_14,large_string,integer,1874,0,0.0,479,25.5603,479,25.5603,1395,2,0.1067,baja_categorica,1,1,1.0,1395,100.0,1.0,2.0,1.6774,1.0,2.0,1.0,0,0.0,0.0,,,,"[""2"", ""1""]","{""2"": 945, ""1"": 450}"
municipalidades_2022,P64_14_1,large_string,integer,1874,0,0.0,1424,75.9872,1424,75.9872,450,63,3.3618,baja_categorica,1,3,1.3111,450,100.0,1.0,800.0,16.5422,1.0,10.0,9.0,61,13.5556,0.0,,,,"[""1"", ""2"", ""10"", ""5"", ""13""]","{""1"": 127, ""2"": 84, ""3"": 39, ""5"": 22, ""4"": 22, ""6"": 14, ""10"": 13, ""12"": 8, ""15"": 7, ""7"": 7}"
municipalidades_2022,P64_15,large_string,integer,1874,0,0.0,479,25.5603,479,25.5603,1395,2,0.1067,baja_categorica,1,1,1.0,1395,100.0,1.0,2.0,1.7821,2.0,2.0,0.0,,,0.0,,,,"[""2"", ""1""]","{""2"": 1091, ""1"": 304}"
municipalidades_2022,P64_15_1,large_string,integer,1874,0,0.0,1570,83.778,1570,83.778,304,31,1.6542,baja_categorica,1,3,1.1151,304,100.0,1.0,700.0,7.9342,1.0,5.0,4.0,26,8.5526,0.0,,,,"[""5"", ""1"", ""4"", ""2"", ""3""]","{""1"": 102, ""2"": 74, ""3"": 30, ""5"": 20, ""4"": 17, ""8"": 10, ""6"": 10, ""10"": 6, ""9"": 4, ""7"": 4}"
municipalidades_2022,P64_16,large_string,integer,1874,0,0.0,479,25.5603,479,25.5603,1395,2,0.1067,baja_categorica,1,1,1.0,1395,100.0,1.0,2.0,1.6652,1.0,2.0,1.0,0,0.0,0.0,,,,"[""2"", ""1""]","{""2"": 928, ""1"": 467}"
municipalidades_2022,P64_16_1,large_string,integer,1874,0,0.0,1407,75.08,1407,75.08,467,122,6.5101,media,1,4,1.7452,467,100.0,1.0,2422.0,82.5439,3.0,50.0,47.0,60,12.848,0.0,,,,"[""2"", ""6"", ""80"", ""1"", ""131""]","{""1"": 49, ""2"": 46, ""3"": 24, ""10"": 23, ""4"": 20, ""30"": 18, ""7"": 17, ""5"": 17, ""6"": 16, ""20"": 14}"
municipalidades_2022,P64_17,large_string,integer,1874,0,0.0,479,25.5603,479,25.5603,1395,2,0.1067,baja_categorica,1,1,1.0,1395,100.0,1.0,2.0,1.6315,1.0,2.0,1.0,0,0.0,0.0,,,,"[""2"", ""1""]","{""2"": 881, ""1"": 514}"
municipalidades_2022,P64_17_1,large_string,integer,1874,0,0.0,1360,72.572,1360,72.572,514,154,8.2177,media,1,4,1.8949,514,100.0,1.0,5398.0,112.7043,5.0,79.75,74.75,66,12.8405,0.0,,,,"[""30"", ""100"", ""5"", ""488"", ""17""]","{""2"": 41, ""1"": 33, ""20"": 28, ""5"": 24, ""15"": 24, ""10"": 22, ""3"": 21, ""4"": 21, ""50"": 15, ""6"": 14}"
municipalidades_2022,P64_18,large_string,integer,1874,0,0.0,479,25.5603,479,25.5603,1395,2,0.1067,baja_categorica,1,1,1.0,1395,100.0,1.0,2.0,1.9484,2.0,2.0,0.0,,,0.0,,,,"[""2"", ""1""]","{""2"": 1323, ""1"": 72}"
municipalidades_2022,P64_18_1,large_string,integer,1874,0,0.0,1802,96.158,1802,96.158,72,36,1.921,baja_categorica,1,4,1.5833,72,100.0,1.0,2844.0,98.6667,3.0,39.25,36.25,9,12.5,0.0,,,,"[""1"", ""6"", ""3"", ""28"", ""77""]","{""1"": 13, ""3"": 9, ""5"": 4, ""6"": 4, ""2"": 4, ""13"": 3, ""9"": 2, ""40"": 2, ""7"": 2, ""22"": 2}"
municipalidades_2022,P64_18_O,large_string,text,1874,0,0.0,1802,96.158,1802,96.158,72,31,1.6542,baja_categorica,7,50,21.3333,0,0.0,,,,,,,,,0.0,,,,"[""VIOLENCIA CONTRA LA MUJER"", ""FILIACION"", ""VIOLENCIA FAMILIAR"", ""DESERCION ESCOLAR"", ""DERECHO A LA EDUCACIÓN""]","{""VIOLENCIA FAMILIAR"": 9, ""DESERCION ESCOLAR"": 7, ""VIOLENCIA CONTRA LA MUJER"": 6, ""DERECHO A LA EDUCACIÓN"": 6, ""PRESUNTO ESTADO DE ABANDONO"": 4, ""VISITA DOMICILIARIA"": 4, ""DERECHO A LA SALUD"": 4, ""EMBARAZO EN ADOLESCENTE"": 3, ""CONCILIACIONES"": 3, ""FILIACION"": 2}"
municipalidades_2022,P64_19,large_string,integer,1874,0,0.0,479,25.5603,479,25.5603,1395,2,0.1067,baja_categorica,1,1,1.0,1395,100.0,1.0,2.0,1.8674,2.0,2.0,0.0,,,0.0,,,,"[""2"", ""1""]","{""2"": 1210, ""1"": 185}"
municipalidades_2022,P64_19_1,large_string,integer,1874,0,0.0,1689,90.1281,1689,90.1281,185,29,1.5475,baja_categorica,1,4,1.2054,185,100.0,1.0,4112.0,31.8811,1.0,6.0,5.0,20,10.8108,0.0,,,,"[""5"", ""1"", ""4"", ""3"", ""6""]","{""1"": 53, ""2"": 31, ""4"": 18, ""3"": 17, ""5"": 15, ""10"": 10, ""6"": 10, ""8"": 4, ""15"": 4, ""9"": 2}"
municipalidades_2022,VFI_P66,large_string,categorical_indicator,1874,0,0.0,0,0.0,0,0.0,1874,1,0.0534,baja_categorica,1,1,1.0,1874,100.0,1.0,1.0,1.0,1.0,1.0,0.0,,,0.0,,,,"[""1""]","{""1"": 1874}"
municipalidades_2022,P66_1,large_string,integer,1874,0,0.0,1368,72.9989,1368,72.9989,506,2,0.1067,baja_categorica,1,1,1.0,506,100.0,1.0,2.0,1.9822,2.0,2.0,0.0,,,0.0,,,,"[""2"", ""1""]","{""2"": 497, ""1"": 9}"
municipalidades_2022,P66_1_1,large_string,integer,1874,0,0.0,1865,99.5197,1865,99.5197,9,3,0.1601,baja_categorica,1,1,1.0,9,100.0,1.0,6.0,1.8889,1.0,2.0,1.0,1,11.1111,0.0,,,,"[""1"", ""2"", ""6""]","{""1"": 5, ""2"": 3, ""6"": 1}"
municipalidades_2022,P66_2,large_string,integer,1874,0,0.0,1368,72.9989,1368,72.9989,506,2,0.1067,baja_categorica,1,1,1.0,506,100.0,1.0,2.0,1.668,1.0,2.0,1.0,0,0.0,0.0,,,,"[""2"", ""1""]","{""2"": 338, ""1"": 168}"
municipalidades_2022,P66_2_1,large_string,integer,1874,0,0.0,1706,91.0352,1706,91.0352,168,5,0.2668,baja_categorica,1,1,1.0,168,100.0,1.0,5.0,1.2381,1.0,1.0,0.0,,,0.0,,,,"[""1"", ""4"", ""2"", ""3"", ""5""]","{""1"": 144, ""2"": 14, ""3"": 5, ""4"": 4, ""5"": 1}"
municipalidades_2022,P66_3,large_string,integer,1874,0,0.0,1368,72.9989,1368,72.9989,506,2,0.1067,baja_categorica,1,1,1.0,506,100.0,1.0,2.0,1.4506,1.0,2.0,1.0,0,0.0,0.0,,,,"[""2"", ""1""]","{""1"": 278, ""2"": 228}"
municipalidades_2022,P66_3_1,large_string,integer,1874,0,0.0,1596,85.1654,1596,85.1654,278,10,0.5336,baja_categorica,1,2,1.0144,278,100.0,1.0,40.0,1.8957,1.0,2.0,1.0,22,7.9137,0.0,,,,"[""1"", ""3"", ""2"", ""5"", ""4""]","{""1"": 184, ""2"": 40, ""3"": 32, ""4"": 8, ""5"": 7, ""7"": 3, ""10"": 1, ""18"": 1, ""40"": 1, ""11"": 1}"
municipalidades_2022,P66_4,large_string,integer,1874,0,0.0,1368,72.9989,1368,72.9989,506,2,0.1067,baja_categorica,1,1,1.0,506,100.0,1.0,2.0,1.8953,2.0,2.0,0.0,,,0.0,,,,"[""2"", ""1""]","{""2"": 453, ""1"": 53}"
municipalidades_2022,P66_4_1,large_string,integer,1874,0,0.0,1821,97.1718,1821,97.1718,53,4,0.2134,baja_categorica,1,1,1.0,53,100.0,1.0,5.0,1.2264,1.0,1.0,0.0,,,0.0,,,,"[""1"", ""2"", ""5"", ""3""]","{""1"": 45, ""2"": 6, ""5"": 1, ""3"": 1}"
municipalidades_2022,P66_5,large_string,integer,1874,0,0.0,1368,72.9989,1368,72.9989,506,2,0.1067,baja_categorica,1,1,1.0,506,100.0,1.0,2.0,1.9071,2.0,2.0,0.0,,,0.0,,,,"[""2"", ""1""]","{""2"": 459, ""1"": 47}"
municipalidades_2022,P66_5_1,large_string,integer,1874,0,0.0,1827,97.492,1827,97.492,47,2,0.1067,baja_categorica,1,1,1.0,47,100.0,1.0,2.0,1.1489,1.0,1.0,0.0,,,0.0,,,,"[""1"", ""2""]","{""1"": 40, ""2"": 7}"
municipalidades_2022,P66_6,large_string,integer,1874,0,0.0,1368,72.9989,1368,72.9989,506,2,0.1067,baja_categorica,1,1,1.0,506,100.0,1.0,2.0,1.9704,2.0,2.0,0.0,,,0.0,,,,"[""2"", ""1""]","{""2"": 491, ""1"": 15}"
municipalidades_2022,P66_6_1,large_string,categorical_indicator,1874,0,0.0,1859,99.1996,1859,99.1996,15,1,0.0534,baja_categorica,1,1,1.0,15,100.0,1.0,1.0,1.0,1.0,1.0,0.0,,,0.0,,,,"[""1""]","{""1"": 15}"
municipalidades_2022,P66_7,large_string,integer,1874,0,0.0,1368,72.9989,1368,72.9989,506,2,0.1067,baja_categorica,1,1,1.0,506,100.0,1.0,2.0,1.9447,2.0,2.0,0.0,,,0.0,,,,"[""2"", ""1""]","{""2"": 478, ""1"": 28}"
municipalidades_2022,P66_7_1,large_string,integer,1874,0,0.0,1846,98.5059,1846,98.5059,28,2,0.1067,baja_categorica,1,1,1.0,28,100.0,1.0,2.0,1.0357,1.0,1.0,0.0,,,0.0,,,,"[""1"", ""2""]","{""1"": 27, ""2"": 1}"
municipalidades_2022,P66_8,large_string,integer,1874,0,0.0,1368,72.9989,1368,72.9989,506,2,0.1067,baja_categorica,1,1,1.0,506,100.0,1.0,2.0,1.8874,2.0,2.0,0.0,,,0.0,,,,"[""2"", ""1""]","{""2"": 449, ""1"": 57}"
municipalidades_2022,P66_8_1,large_string,integer,1874,0,0.0,1817,96.9584,1817,96.9584,57,5,0.2668,baja_categorica,1,1,1.0,57,100.0,1.0,5.0,1.7895,1.0,2.0,1.0,7,12.2807,0.0,,,,"[""1"", ""5"", ""2"", ""4"", ""3""]","{""1"": 33, ""2"": 13, ""4"": 4, ""3"": 4, ""5"": 3}"
municipalidades_2022,P66_9,large_string,integer,1874,0,0.0,1368,72.9989,1368,72.9989,506,2,0.1067,baja_categorica,1,1,1.0,506,100.0,1.0,2.0,1.8202,2.0,2.0,0.0,,,0.0,,,,"[""1"", ""2""]","{""2"": 415, ""1"": 91}"
municipalidades_2022,P66_9_1,large_string,integer,1874,0,0.0,1783,95.1441,1783,95.1441,91,6,0.3202,baja_categorica,1,1,1.0,91,100.0,1.0,6.0,1.8352,1.0,2.0,1.0,6,6.5934,0.0,,,,"[""1"", ""3"", ""2"", ""5"", ""4""]","{""1"": 46, ""2"": 24, ""3"": 15, ""4"": 3, ""5"": 2, ""6"": 1}"
municipalidades_2022,P66_10,large_string,integer,1874,0,0.0,1368,72.9989,1368,72.9989,506,2,0.1067,baja_categorica,1,1,1.0,506,100.0,1.0,2.0,1.9051,2.0,2.0,0.0,,,0.0,,,,"[""2"", ""1""]","{""2"": 458, ""1"": 48}"
municipalidades_2022,P66_10_1,large_string,integer,1874,0,0.0,1826,97.4386,1826,97.4386,48,10,0.5336,baja_categorica,1,2,1.0625,48,100.0,1.0,25.0,3.1042,1.0,3.25,2.25,7,14.5833,0.0,,,,"[""1"", ""3"", ""2"", ""8"", ""4""]","{""1"": 26, ""2"": 7, ""5"": 4, ""3"": 3, ""8"": 2, ""7"": 2, ""4"": 1, ""25"": 1, ""11"": 1, ""10"": 1}"
municipalidades_2022,VFI_P67,large_string,categorical_indicator,1874,0,0.0,0,0.0,0,0.0,1874,1,0.0534,baja_categorica,1,1,1.0,1874,100.0,1.0,1.0,1.0,1.0,1.0,0.0,,,0.0,,,,"[""1""]","{""1"": 1874}"
municipalidades_2022,P67_1,large_string,categorical_indicator,1874,0,0.0,0,0.0,0,0.0,1874,2,0.1067,baja_categorica,1,1,1.0,1874,100.0,0.0,1.0,0.5896,0.0,1.0,1.0,0,0.0,0.0,,,,"[""0"", ""1""]","{""1"": 1105, ""0"": 769}"
municipalidades_2022,P67_2,large_string,integer,1874,0,0.0,0,0.0,0,0.0,1874,2,0.1067,baja_categorica,1,1,1.0,1874,100.0,0.0,2.0,1.5432,2.0,2.0,0.0,,,0.0,,,,"[""2"", ""0""]","{""2"": 1446, ""0"": 428}"
municipalidades_2022,P67_3,large_string,integer,1874,0,0.0,0,0.0,0,0.0,1874,2,0.1067,baja_categorica,1,1,1.0,1874,100.0,0.0,3.0,0.8661,0.0,3.0,3.0,0,0.0,0.0,,,,"[""0"", ""3""]","{""0"": 1333, ""3"": 541}"
municipalidades_2022,P67_4,large_string,integer,1874,0,0.0,0,0.0,0,0.0,1874,2,0.1067,baja_categorica,1,1,1.0,1874,100.0,0.0,4.0,0.7172,0.0,0.0,0.0,,,0.0,,,,"[""0"", ""4""]","{""0"": 1538, ""4"": 336}"
municipalidades_2022,P67_5,large_string,integer,1874,0,0.0,0,0.0,0,0.0,1874,2,0.1067,baja_categorica,1,1,1.0,1874,100.0,0.0,5.0,1.4274,0.0,5.0,5.0,0,0.0,0.0,,,,"[""5"", ""0""]","{""0"": 1339, ""5"": 535}"
municipalidades_2022,P67_6,large_string,integer,1874,0,0.0,0,0.0,0,0.0,1874,2,0.1067,baja_categorica,1,1,1.0,1874,100.0,0.0,6.0,0.4674,0.0,0.0,0.0,,,0.0,,,,"[""0"", ""6""]","{""0"": 1728, ""6"": 146}"
municipalidades_2022,P67_7,large_string,integer,1874,0,0.0,0,0.0,0,0.0,1874,2,0.1067,baja_categorica,1,1,1.0,1874,100.0,0.0,7.0,3.5635,0.0,7.0,7.0,0,0.0,0.0,,,,"[""0"", ""7""]","{""7"": 954, ""0"": 920}"
municipalidades_2022,P67_8,large_string,integer,1874,0,0.0,0,0.0,0,0.0,1874,2,0.1067,baja_categorica,1,1,1.0,1874,100.0,0.0,8.0,1.7417,0.0,0.0,0.0,,,0.0,,,,"[""0"", ""8""]","{""0"": 1466, ""8"": 408}"
municipalidades_2022,P67_9,large_string,integer,1874,0,0.0,0,0.0,0,0.0,1874,2,0.1067,baja_categorica,1,1,1.0,1874,100.0,0.0,9.0,1.2823,0.0,0.0,0.0,,,0.0,,,,"[""9"", ""0""]","{""0"": 1607, ""9"": 267}"
municipalidades_2022,P67_10,large_string,integer,1874,0,0.0,0,0.0,0,0.0,1874,2,0.1067,baja_categorica,1,2,1.1185,1874,100.0,0.0,10.0,1.1846,0.0,0.0,0.0,,,0.0,,,,"[""10"", ""0""]","{""0"": 1652, ""10"": 222}"
municipalidades_2022,P67_11,large_string,integer,1874,0,0.0,0,0.0,0,0.0,1874,2,0.1067,baja_categorica,1,2,1.0566,1874,100.0,0.0,11.0,0.6222,0.0,0.0,0.0,,,0.0,,,,"[""0"", ""11""]","{""0"": 1768, ""11"": 106}"
municipalidades_2022,P67_11_O,large_string,text,1874,0,0.0,1768,94.3436,1768,94.3436,106,41,2.1878,baja_categorica,19,56,37.2453,0,0.0,,,,,,,,,0.0,,,,"[""CAMPAÑA DE VACUNACIÓN A PORCINOS"", ""CAMPAÑA DE PREVENCION DEL COVID-19"", ""CAMPAÑA DE CERTIFICACION A PERSONAS CON DISCAPACIDAD"", ""CAMPAÑA DE PREVENCION DE LA ANEMIA"", ""CAMPAÑA DE VACUNACION CONTRA EL COVID-19""]","{""CAMPAÑA DE VACUNACION CONTRA EL COVID-19"": 13, ""CAMPAÑA DE PREVENCION DEL COVID-19"": 13, ""CAMPAÑA DE CERTIFICACION A PERSONAS CON DISCAPACIDAD"": 12, ""CAMPAÑA DE PREVENCION DE LA ANEMIA"": 6, ""CAMPAÑA INTEGRAL DE SALUD"": 6, ""CAMPAÑA DE RECOJO DE INSERVIBLES"": 5, ""CAMPAÑA DE DESCARTE DE COVID-19"": 4, ""CAMPAÑA DE VACUNACION CONTRA LA RABIA CANINA"": 4, ""CAMPAÑA DE SENSIBILIZACION FRENTE AL COVID-19"": 2, ""CAMPAÑA DE SALUD BUCAL"": 2}"
municipalidades_2022,P67_12,large_string,integer,1874,0,0.0,0,0.0,0,0.0,1874,2,0.1067,baja_categorica,1,2,1.088,1874,100.0,0.0,12.0,1.0566,0.0,0.0,0.0,,,0.0,,,,"[""0"", ""12""]","{""0"": 1709, ""12"": 165}"
municipalidades_2022,VFI_P68,large_string,categorical_indicator,1874,0,0.0,0,0.0,0,0.0,1874,1,0.0534,baja_categorica,1,1,1.0,1874,100.0,1.0,1.0,1.0,1.0,1.0,0.0,,,0.0,,,,"[""1""]","{""1"": 1874}"
municipalidades_2022,P68_1,large_string,categorical_indicator,1874,0,0.0,0,0.0,0,0.0,1874,2,0.1067,baja_categorica,1,1,1.0,1874,100.0,0.0,1.0,0.6617,0.0,1.0,1.0,0,0.0,0.0,,,,"[""0"", ""1""]","{""1"": 1240, ""0"": 634}"
municipalidades_2022,P68_2,large_string,integer,1874,0,0.0,0,0.0,0,0.0,1874,2,0.1067,baja_categorica,1,1,1.0,1874,100.0,0.0,2.0,0.7695,0.0,2.0,2.0,0,0.0,0.0,,,,"[""0"", ""2""]","{""0"": 1153, ""2"": 721}"
municipalidades_2022,P68_3,large_string,integer,1874,0,0.0,0,0.0,0,0.0,1874,2,0.1067,baja_categorica,1,1,1.0,1874,100.0,0.0,3.0,0.6339,0.0,0.0,0.0,,,0.0,,,,"[""0"", ""3""]","{""0"": 1478, ""3"": 396}"
municipalidades_2022,P68_4,large_string,integer,1874,0,0.0,0,0.0,0,0.0,1874,2,0.1067,baja_categorica,1,1,1.0,1874,100.0,0.0,4.0,0.4973,0.0,0.0,0.0,,,0.0,,,,"[""0"", ""4""]","{""0"": 1641, ""4"": 233}"
municipalidades_2022,P68_5,large_string,integer,1874,0,0.0,0,0.0,0,0.0,1874,2,0.1067,baja_categorica,1,1,1.0,1874,100.0,0.0,5.0,0.6003,0.0,0.0,0.0,,,0.0,,,,"[""0"", ""5""]","{""0"": 1649, ""5"": 225}"
municipalidades_2022,P68_6,large_string,integer,1874,0,0.0,0,0.0,0,0.0,1874,2,0.1067,baja_categorica,1,1,1.0,1874,100.0,0.0,6.0,1.4055,0.0,0.0,0.0,,,0.0,,,,"[""0"", ""6""]","{""0"": 1435, ""6"": 439}"
municipalidades_2022,P68_7,large_string,integer,1874,0,0.0,0,0.0,0,0.0,1874,2,0.1067,baja_categorica,1,1,1.0,1874,100.0,0.0,7.0,1.0945,0.0,0.0,0.0,,,0.0,,,,"[""0"", ""7""]","{""0"": 1581, ""7"": 293}"
municipalidades_2022,P68_10,large_string,integer,1874,0,0.0,0,0.0,0,0.0,1874,2,0.1067,baja_categorica,1,2,1.5149,1874,100.0,0.0,10.0,5.1494,0.0,10.0,10.0,0,0.0,0.0,,,,"[""0"", ""10""]","{""10"": 965, ""0"": 909}"
municipalidades_2022,P68_11,large_string,integer,1874,0,0.0,0,0.0,0,0.0,1874,2,0.1067,baja_categorica,1,2,1.6953,1874,100.0,0.0,11.0,7.6483,0.0,11.0,11.0,0,0.0,0.0,,,,"[""11"", ""0""]","{""11"": 1303, ""0"": 571}"
municipalidades_2022,P68_8,large_string,integer,1874,0,0.0,0,0.0,0,0.0,1874,2,0.1067,baja_categorica,1,1,1.0,1874,100.0,0.0,8.0,0.1067,0.0,0.0,0.0,,,0.0,,,,"[""0"", ""8""]","{""0"": 1849, ""8"": 25}"
municipalidades_2022,P68_8_O,large_string,text,1874,0,0.0,1849,98.666,1849,98.666,25,25,1.334,baja_categorica,16,86,35.8,0,0.0,,,,,,,,,0.0,,,,"[""PROGRAMA DE PREVENCION Y CONTROL DE ENFERMEDADES METAXENICAS"", ""PREVENCION CONTRA EL CANCER Y PENSION 65"", ""CONTROL DE CUMPLIMIENTO DE PROTOCOLOS EN CENTROS DE ABASTO"", ""PRODUCCION Y REDUCCION DE DESNUTRICION"", ""CONTROL DE CALIDAD DE EXPENDIO DE ALIMENTOS""]","{""PROGRAMA DE PREVENCION Y CONTROL DE ENFERMEDADES METAXENICAS"": 1, ""PROGRAMA TRENCITO DE LA SALUD"": 1, ""PROGRAMA MATERNO"": 1, ""PROPAGACION DE ZANCUDOS"": 1, ""ATENCION INTEGRAL DE SALUD"": 1, ""JORNADAS DE SALUD INTEGRAL"": 1, ""SALUD OCUPACIONAL"": 1, ""PREVENCION DE DESNUTRICION INFANTIL"": 1, ""CONTROL DE ENFERMEDADES CRONICAS NO TRANSMISIBLES A TRAVES DE EXAMENES COMPLEMENTARIOS"": 1, ""ALIMENTACION SALUDABLE"": 1}"
municipalidades_2022,P68_9,large_string,integer,1874,0,0.0,0,0.0,0,0.0,1874,2,0.1067,baja_categorica,1,1,1.0,1874,100.0,0.0,9.0,1.095,0.0,0.0,0.0,,,0.0,,,,"[""0"", ""9""]","{""0"": 1646, ""9"": 228}"
municipalidades_2022,VFI_P69,large_string,categorical_indicator,1874,0,0.0,0,0.0,0,0.0,1874,1,0.0534,baja_categorica,1,1,1.0,1874,100.0,1.0,1.0,1.0,1.0,1.0,0.0,,,0.0,,,,"[""1""]","{""1"": 1874}"
municipalidades_2022,P69_1,large_string,integer,1874,0,0.0,0,0.0,0,0.0,1874,2,0.1067,baja_categorica,1,1,1.0,1874,100.0,1.0,2.0,1.3586,1.0,2.0,1.0,0,0.0,0.0,,,,"[""1"", ""2""]","{""1"": 1202, ""2"": 672}"
municipalidades_2022,P69_1_T,large_string,integer,1874,0,0.0,672,35.8591,672,35.8591,1202,130,6.937,media,1,4,1.4626,1202,100.0,1.0,2034.0,28.5507,3.0,17.0,14.0,147,12.2296,0.0,,,,"[""30"", ""17"", ""4"", ""6"", ""1""]","{""2"": 154, ""1"": 102, ""4"": 99, ""6"": 87, ""3"": 75, ""5"": 64, ""8"": 61, ""10"": 47, ""12"": 45, ""7"": 34}"
municipalidades_2022,P69_1_M,large_string,integer,1874,0,0.0,672,35.8591,672,35.8591,1202,60,3.2017,baja_categorica,1,3,1.0923,1202,100.0,0.0,440.0,5.1547,0.0,2.0,2.0,163,13.5607,0.0,,,,"[""5"", ""1"", ""0"", ""2"", ""4""]","{""0"": 601, ""1"": 163, ""2"": 141, ""4"": 54, ""3"": 51, ""5"": 29, ""6"": 29, ""8"": 18, ""7"": 12, ""20"": 9}"
municipalidades_2022,P69_1_H,large_string,integer,1874,0,0.0,672,35.8591,672,35.8591,1202,125,6.6702,media,1,4,1.4085,1202,100.0,0.0,1594.0,23.396,3.0,15.0,12.0,147,12.2296,0.0,,,,"[""25"", ""16"", ""3"", ""5"", ""6""]","{""2"": 164, ""1"": 117, ""4"": 106, ""3"": 85, ""6"": 85, ""5"": 64, ""8"": 60, ""10"": 45, ""7"": 42, ""12"": 34}"
municipalidades_2022,P69_2,large_string,integer,1874,0,0.0,0,0.0,0,0.0,1874,2,0.1067,baja_categorica,1,1,1.0,1874,100.0,1.0,2.0,1.3607,1.0,2.0,1.0,0,0.0,0.0,,,,"[""1"", ""2""]","{""1"": 1198, ""2"": 676}"
municipalidades_2022,P69_2_T,large_string,integer,1874,0,0.0,676,36.0726,676,36.0726,1198,136,7.2572,media,1,4,1.4641,1198,100.0,1.0,2017.0,28.8381,3.0,18.0,15.0,149,12.4374,0.0,,,,"[""30"", ""17"", ""4"", ""6"", ""2""]","{""2"": 151, ""4"": 110, ""1"": 103, ""3"": 76, ""6"": 75, ""5"": 63, ""8"": 57, ""10"": 47, ""12"": 44, ""7"": 38}"
municipalidades_2022,P69_2_M,large_string,integer,1874,0,0.0,676,36.0726,676,36.0726,1198,63,3.3618,baja_categorica,1,3,1.0968,1198,100.0,0.0,433.0,4.9574,0.0,3.0,3.0,124,10.3506,0.0,,,,"[""5"", ""1"", ""0"", ""2"", ""4""]","{""0"": 620, ""1"": 153, ""2"": 112, ""3"": 63, ""4"": 59, ""5"": 31, ""6"": 23, ""8"": 14, ""7"": 13, ""10"": 11}"
municipalidades_2022,P69_2_H,large_string,integer,1874,0,0.0,676,36.0726,676,36.0726,1198,124,6.6169,media,1,4,1.4124,1198,100.0,0.0,1584.0,23.8806,3.0,16.0,13.0,150,12.5209,0.0,,,,"[""25"", ""16"", ""3"", ""4"", ""6""]","{""2"": 162, ""1"": 117, ""4"": 116, ""3"": 89, ""6"": 82, ""5"": 62, ""8"": 51, ""10"": 44, ""7"": 39, ""9"": 31}"
municipalidades_2022,VFI_P70,large_string,categorical_indicator,1874,0,0.0,676,36.0726,676,36.0726,1198,1,0.0534,baja_categorica,1,1,1.0,1198,100.0,1.0,1.0,1.0,1.0,1.0,0.0,,,0.0,,,,"[""1""]","{""1"": 1198}"
municipalidades_2022,P70_1,large_string,integer,1874,0,0.0,676,36.0726,676,36.0726,1198,2,0.1067,baja_categorica,1,1,1.0,1198,100.0,1.0,2.0,1.3422,1.0,2.0,1.0,0,0.0,0.0,,,,"[""1"", ""2""]","{""1"": 788, ""2"": 410}"
municipalidades_2022,P70A_1_1,large_string,integer,1874,0,0.0,744,39.7012,744,39.7012,1130,39,2.0811,baja_categorica,1,3,1.0531,1130,100.0,0.0,200.0,2.9283,0.0,2.0,2.0,108,9.5575,0.0,,,,"[""3"", ""0"", ""1"", ""9"", ""7""]","{""1"": 395, ""0"": 342, ""2"": 147, ""3"": 60, ""4"": 53, ""5"": 25, ""6"": 22, ""9"": 11, ""10"": 10, ""8"": 9}"
municipalidades_2022,P70A_1_2,large_string,integer,1874,0,0.0,744,39.7012,744,39.7012,1130,37,1.9744,baja_categorica,1,3,1.0478,1130,100.0,0.0,118.0,2.4814,0.0,2.0,2.0,91,8.0531,0.0,,,,"[""3"", ""0"", ""1"", ""8"", ""7""]","{""1"": 407, ""0"": 379, ""2"": 129, ""3"": 58, ""4"": 48, ""5"": 18, ""6"": 12, ""8"": 11, ""9"": 9, ""10"": 8}"
municipalidades_2022,P70A_1_3,large_string,integer,1874,0,0.0,744,39.7012,744,39.7012,1130,17,0.9072,baja_categorica,1,2,1.0071,1130,100.0,0.0,82.0,0.4469,0.0,0.0,0.0,,,0.0,,,,"[""0"", ""1"", ""2"", ""5"", ""9""]","{""0"": 949, ""1"": 111, ""2"": 34, ""3"": 11, ""4"": 7, ""5"": 3, ""9"": 2, ""11"": 2, ""6"": 2, ""8"": 2}"
municipalidades_2022,P70_2,large_string,integer,1874,0,0.0,676,36.0726,676,36.0726,1198,2,0.1067,baja_categorica,1,1,1.0,1198,100.0,1.0,2.0,1.293,1.0,2.0,1.0,0,0.0,0.0,,,,"[""1"", ""2""]","{""1"": 847, ""2"": 351}"
municipalidades_2022,P70A_2_1,large_string,integer,1874,0,0.0,744,39.7012,744,39.7012,1130,42,2.2412,baja_categorica,1,3,1.0708,1130,100.0,0.0,119.0,3.915,0.25,4.0,3.75,77,6.8142,0.0,,,,"[""7"", ""9"", ""2"", ""0"", ""1""]","{""0"": 283, ""2"": 220, ""1"": 202, ""3"": 101, ""4"": 86, ""5"": 52, ""6"": 50, ""8"": 29, ""7"": 22, ""10"": 10}"
municipalidades_2022,P70A_2_2,large_string,integer,1874,0,0.0,745,39.7545,745,39.7545,1129,40,2.1345,baja_categorica,1,3,1.0531,1129,100.0,0.0,104.0,3.1019,0.0,3.0,3.0,80,7.0859,0.0,,,,"[""7"", ""9"", ""2"", ""0"", ""1""]","{""0"": 331, ""1"": 235, ""2"": 224, ""3"": 94, ""4"": 73, ""5"": 45, ""6"": 28, ""7"": 19, ""8"": 17, ""10"": 14}"
municipalidades_2022,P70A_2_3,large_string,integer,1874,0,0.0,744,39.7012,744,39.7012,1130,22,1.174,baja_categorica,1,2,1.0186,1130,100.0,0.0,31.0,0.8159,0.0,0.0,0.0,,,0.0,,,,"[""0"", ""3"", ""1"", ""11"", ""2""]","{""0"": 856, ""1"": 119, ""2"": 58, ""3"": 27, ""4"": 27, ""5"": 8, ""6"": 7, ""11"": 5, ""15"": 4, ""7"": 3}"
municipalidades_2022,P70_3,large_string,integer,1874,0,0.0,676,36.0726,676,36.0726,1198,2,0.1067,baja_categorica,1,1,1.0,1198,100.0,1.0,2.0,1.9432,2.0,2.0,0.0,,,0.0,,,,"[""2"", ""1""]","{""2"": 1130, ""1"": 68}"
municipalidades_2022,P70A_3_1,large_string,integer,1874,0,0.0,744,39.7012,744,39.7012,1130,28,1.4941,baja_categorica,1,3,1.0274,1130,100.0,0.0,122.0,0.9071,0.0,0.0,0.0,,,0.0,,,,"[""0"", ""12"", ""5"", ""1"", ""4""]","{""0"": 1062, ""2"": 10, ""10"": 7, ""5"": 6, ""4"": 6, ""3"": 6, ""1"": 5, ""6"": 5, ""12"": 3, ""20"": 2}"
municipalidades_2022,P70A_3_2,large_string,integer,1874,0,0.0,746,39.8079,746,39.8079,1128,26,1.3874,baja_categorica,1,2,1.0195,1128,100.0,0.0,91.0,0.711,0.0,0.0,0.0,,,0.0,,,,"[""0"", ""12"", ""3"", ""1"", ""2""]","{""0"": 1072, ""3"": 8, ""2"": 8, ""1"": 6, ""4"": 6, ""10"": 4, ""6"": 2, ""5"": 2, ""20"": 2, ""15"": 2}"
municipalidades_2022,P70A_3_3,large_string,integer,1874,0,0.0,744,39.7012,744,39.7012,1130,16,0.8538,baja_categorica,1,2,1.0088,1130,100.0,0.0,31.0,0.1973,0.0,0.0,0.0,,,0.0,,,,"[""0"", ""2"", ""4"", ""12"", ""1""]","{""0"": 1098, ""1"": 8, ""2"": 4, ""10"": 3, ""3"": 3, ""4"": 2, ""12"": 2, ""6"": 2, ""7"": 1, ""23"": 1}"
municipalidades_2022,P70_4,large_string,integer,1874,0,0.0,676,36.0726,676,36.0726,1198,2,0.1067,baja_categorica,1,1,1.0,1198,100.0,1.0,2.0,1.9649,2.0,2.0,0.0,,,0.0,,,,"[""2"", ""1""]","{""2"": 1156, ""1"": 42}"
municipalidades_2022,P70A_4_1,large_string,integer,1874,0,0.0,744,39.7012,744,39.7012,1130,8,0.4269,baja_categorica,1,2,1.0009,1130,100.0,0.0,15.0,0.0841,0.0,0.0,0.0,,,0.0,,,,"[""0"", ""1"", ""3"", ""2"", ""4""]","{""0"": 1088, ""1"": 21, ""2"": 11, ""3"": 3, ""4"": 3, ""5"": 2, ""15"": 1, ""6"": 1}"
municipalidades_2022,P70A_4_2,large_string,integer,1874,0,0.0,744,39.7012,744,39.7012,1130,6,0.3202,baja_categorica,1,1,1.0,1130,100.0,0.0,6.0,0.0531,0.0,0.0,0.0,,,0.0,,,,"[""0"", ""1"", ""3"", ""2"", ""6""]","{""0"": 1097, ""1"": 16, ""2"": 12, ""3"": 3, ""6"": 1, ""5"": 1}"
municipalidades_2022,P70A_4_3,large_string,integer,1874,0,0.0,744,39.7012,744,39.7012,1130,5,0.2668,baja_categorica,1,1,1.0,1130,100.0,0.0,9.0,0.031,0.0,0.0,0.0,,,0.0,,,,"[""0"", ""1"", ""2"", ""9"", ""3""]","{""0"": 1112, ""1"": 10, ""2"": 5, ""3"": 2, ""9"": 1}"
municipalidades_2022,P70_5,large_string,integer,1874,0,0.0,676,36.0726,676,36.0726,1198,2,0.1067,baja_categorica,1,1,1.0,1198,100.0,1.0,2.0,1.985,2.0,2.0,0.0,,,0.0,,,,"[""2"", ""1""]","{""2"": 1180, ""1"": 18}"
municipalidades_2022,P70A_5_1,large_string,integer,1874,0,0.0,744,39.7012,744,39.7012,1130,9,0.4803,baja_categorica,1,2,1.0027,1130,100.0,0.0,23.0,0.0796,0.0,0.0,0.0,,,0.0,,,,"[""0"", ""6"", ""3"", ""1"", ""4""]","{""0"": 1112, ""1"": 6, ""4"": 4, ""12"": 2, ""5"": 2, ""6"": 1, ""3"": 1, ""23"": 1, ""2"": 1}"
municipalidades_2022,P70A_5_2,large_string,integer,1874,0,0.0,744,39.7012,744,39.7012,1130,9,0.4803,baja_categorica,1,2,1.0018,1130,100.0,0.0,15.0,0.0575,0.0,0.0,0.0,,,0.0,,,,"[""0"", ""6"", ""3"", ""1"", ""2""]","{""0"": 1113, ""1"": 7, ""3"": 3, ""2"": 2, ""6"": 1, ""8"": 1, ""12"": 1, ""15"": 1, ""4"": 1}"
municipalidades_2022,P70A_5_3,large_string,integer,1874,0,0.0,744,39.7012,744,39.7012,1130,5,0.2668,baja_categorica,1,1,1.0,1130,100.0,0.0,8.0,0.0221,0.0,0.0,0.0,,,0.0,,,,"[""0"", ""2"", ""4"", ""1"", ""8""]","{""0"": 1123, ""4"": 3, ""2"": 2, ""1"": 1, ""8"": 1}"
municipalidades_2022,P70A_5_O,large_string,text,1874,0,0.0,1856,99.0395,1856,99.0395,18,5,0.2668,baja_categorica,6,14,10.4444,0,0.0,,,,,,,,,0.0,,,,"[""SEGWAY"", ""AMBULANCIA"", ""MOTO NAUTICA"", ""BICIMOTO"", ""MOTO ELECTRICA""]","{""MOTO ELECTRICA"": 6, ""SEGWAY"": 5, ""MOTO NAUTICA"": 4, ""BICIMOTO"": 2, ""AMBULANCIA"": 1}"
municipalidades_2022,P70_6,large_string,integer,1874,0,0.0,676,36.0726,676,36.0726,1198,2,0.1067,baja_categorica,1,1,1.0,1198,100.0,1.0,2.0,1.5927,1.0,2.0,1.0,0,0.0,0.0,,,,"[""1"", ""2""]","{""2"": 710, ""1"": 488}"
municipalidades_2022,P70A_6_1,large_string,integer,1874,0,0.0,744,39.7012,744,39.7012,1130,83,4.429,baja_categorica,1,3,1.2451,1130,100.0,0.0,679.0,10.7177,0.0,7.0,7.0,150,13.2743,0.0,,,,"[""9"", ""0"", ""8"", ""44"", ""4""]","{""0"": 642, ""2"": 41, ""1"": 40, ""4"": 36, ""6"": 35, ""10"": 32, ""3"": 23, ""5"": 23, ""20"": 18, ""8"": 18}"
municipalidades_2022,P70A_6_2,large_string,integer,1874,0,0.0,744,39.7012,744,39.7012,1130,76,4.0555,baja_categorica,1,3,1.2159,1130,100.0,0.0,612.0,9.131,0.0,6.0,6.0,131,11.5929,0.0,,,,"[""9"", ""0"", ""8"", ""35"", ""40""]","{""0"": 678, ""2"": 45, ""1"": 38, ""10"": 34, ""4"": 33, ""5"": 27, ""6"": 26, ""3"": 25, ""8"": 20, ""12"": 18}"
municipalidades_2022,P70A_6_3,large_string,integer,1874,0,0.0,744,39.7012,744,39.7012,1130,34,1.8143,baja_categorica,1,3,1.0487,1130,100.0,0.0,157.0,1.5867,0.0,0.0,0.0,,,0.0,,,,"[""0"", ""9"", ""4"", ""8"", ""7""]","{""0"": 952, ""1"": 29, ""3"": 21, ""2"": 21, ""6"": 15, ""5"": 12, ""4"": 12, ""10"": 8, ""8"": 7, ""20"": 6}"
municipalidades_2022,P70_7,large_string,integer,1874,0,0.0,676,36.0726,676,36.0726,1198,2,0.1067,baja_categorica,1,1,1.0,1198,100.0,1.0,2.0,1.6252,1.0,2.0,1.0,0,0.0,0.0,,,,"[""1"", ""2""]","{""2"": 749, ""1"": 449}"
municipalidades_2022,P70A_7_1,large_string,integer,1874,0,0.0,744,39.7012,744,39.7012,1130,97,5.1761,media,1,3,1.2611,1130,100.0,0.0,657.0,12.9779,0.0,8.0,8.0,141,12.4779,0.0,,,,"[""8"", ""0"", ""23"", ""9"", ""54""]","{""0"": 681, ""4"": 32, ""5"": 30, ""6"": 24, ""1"": 22, ""8"": 21, ""12"": 21, ""10"": 21, ""7"": 18, ""2"": 17}"
municipalidades_2022,P70A_7_2,large_string,integer,1874,0,0.0,744,39.7012,744,39.7012,1130,95,5.0694,media,1,3,1.2257,1130,100.0,0.0,517.0,10.7805,0.0,6.0,6.0,152,13.4513,0.0,,,,"[""8"", ""0"", ""22"", ""9"", ""45""]","{""0"": 705, ""4"": 30, ""1"": 29, ""5"": 29, ""6"": 25, ""10"": 24, ""2"": 19, ""8"": 18, ""7"": 18, ""9"": 15}"
municipalidades_2022,P70A_7_3,large_string,integer,1874,0,0.0,744,39.7012,744,39.7012,1130,43,2.2946,baja_categorica,1,3,1.0575,1130,100.0,0.0,174.0,2.1973,0.0,0.0,0.0,,,0.0,,,,"[""0"", ""1"", ""9"", ""2"", ""4""]","{""0"": 933, ""2"": 33, ""1"": 31, ""3"": 20, ""5"": 17, ""4"": 14, ""9"": 8, ""8"": 5, ""13"": 5, ""15"": 4}"
municipalidades_2022,P70_8,large_string,integer,1874,0,0.0,676,36.0726,676,36.0726,1198,2,0.1067,baja_categorica,1,1,1.0,1198,100.0,1.0,2.0,1.9249,2.0,2.0,0.0,,,0.0,,,,"[""2"", ""1""]","{""2"": 1108, ""1"": 90}"
municipalidades_2022,P70A_8_1,large_string,integer,1874,0,0.0,744,39.7012,744,39.7012,1130,15,0.8004,baja_categorica,1,3,1.0088,1130,100.0,0.0,200.0,0.631,0.0,0.0,0.0,,,0.0,,,,"[""0"", ""1"", ""2"", ""6"", ""7""]","{""0"": 1040, ""1"": 54, ""2"": 13, ""6"": 4, ""4"": 3, ""3"": 3, ""5"": 3, ""200"": 2, ""10"": 2, ""7"": 1}"
municipalidades_2022,P70A_8_2,large_string,integer,1874,0,0.0,744,39.7012,744,39.7012,1130,16,0.8538,baja_categorica,1,3,1.008,1130,100.0,0.0,200.0,0.5832,0.0,0.0,0.0,,,0.0,,,,"[""0"", ""1"", ""2"", ""6"", ""7""]","{""0"": 1040, ""1"": 55, ""2"": 13, ""6"": 5, ""4"": 4, ""3"": 3, ""7"": 1, ""52"": 1, ""8"": 1, ""15"": 1}"
municipalidades_2022,P70A_8_3,large_string,integer,1874,0,0.0,744,39.7012,744,39.7012,1130,5,0.2668,baja_categorica,1,2,1.0009,1130,100.0,0.0,44.0,0.0478,0.0,0.0,0.0,,,0.0,,,,"[""0"", ""1"", ""44"", ""3"", ""4""]","{""0"": 1124, ""1"": 3, ""44"": 1, ""3"": 1, ""4"": 1}"
municipalidades_2022,P70A_8_O,large_string,categorical_text,1874,0,0.0,1784,95.1974,1784,95.1974,90,6,0.3202,baja_categorica,4,18,13.4444,0,0.0,,,,,,,,,0.0,,,,"[""TELEFONO CELULAR"", ""MEGAFONO"", ""CAMARA FOTOGRAFICA"", ""DRON"", ""CAMARA TESTIGO""]","{""TELEFONO CELULAR"": 59, ""MEGAFONO"": 21, ""DRON"": 5, ""CAMARA TESTIGO"": 2, ""CAMARA FILMADORA"": 2, ""CAMARA FOTOGRAFICA"": 1}"
municipalidades_2022,P70_9,large_string,integer,1874,0,0.0,676,36.0726,676,36.0726,1198,2,0.1067,baja_categorica,1,1,1.0,1198,100.0,1.0,2.0,1.6519,1.0,2.0,1.0,0,0.0,0.0,,,,"[""2"", ""1""]","{""2"": 781, ""1"": 417}"
municipalidades_2022,P70A_9_1,large_string,integer,1874,0,0.0,744,39.7012,744,39.7012,1130,26,1.3874,baja_categorica,1,2,1.0336,1130,100.0,0.0,40.0,1.4186,0.0,1.0,1.0,155,13.7168,0.0,,,,"[""0"", ""2"", ""1"", ""5"", ""3""]","{""0"": 713, ""1"": 208, ""2"": 54, ""3"": 39, ""4"": 28, ""5"": 17, ""6"": 11, ""7"": 8, ""8"": 8, ""9"": 6}"
municipalidades_2022,P70A_9_2,large_string,integer,1874,0,0.0,744,39.7012,744,39.7012,1130,26,1.3874,baja_categorica,1,2,1.0301,1130,100.0,0.0,36.0,1.2558,0.0,1.0,1.0,134,11.8584,0.0,,,,"[""0"", ""1"", ""4"", ""3"", ""5""]","{""0"": 735, ""1"": 219, ""2"": 42, ""3"": 40, ""4"": 24, ""5"": 11, ""8"": 9, ""7"": 7, ""11"": 5, ""6"": 5}"
municipalidades_2022,P70A_9_3,large_string,integer,1874,0,0.0,744,39.7012,744,39.7012,1130,11,0.587,baja_categorica,1,2,1.0018,1130,100.0,0.0,18.0,0.1628,0.0,0.0,0.0,,,0.0,,,,"[""0"", ""1"", ""5"", ""2"", ""3""]","{""0"": 1054, ""1"": 42, ""2"": 14, ""4"": 7, ""5"": 4, ""3"": 3, ""7"": 2, ""9"": 1, ""18"": 1, ""6"": 1}"
municipalidades_2022,P70_10,large_string,integer,1874,0,0.0,676,36.0726,676,36.0726,1198,2,0.1067,baja_categorica,1,1,1.0,1198,100.0,1.0,2.0,1.6319,1.0,2.0,1.0,0,0.0,0.0,,,,"[""1"", ""2""]","{""2"": 757, ""1"": 441}"
municipalidades_2022,P70A_10_1,large_string,integer,1874,0,0.0,744,39.7012,744,39.7012,1130,9,0.4803,baja_categorica,1,2,1.0018,1130,100.0,0.0,16.0,0.4735,0.0,1.0,1.0,11,0.9735,0.0,,,,"[""1"", ""0"", ""2"", ""11"", ""3""]","{""0"": 689, ""1"": 388, ""2"": 42, ""3"": 4, ""4"": 3, ""11"": 1, ""16"": 1, ""7"": 1, ""5"": 1}"
municipalidades_2022,P70A_10_2,large_string,integer,1874,0,0.0,744,39.7012,744,39.7012,1130,8,0.4269,baja_categorica,1,2,1.0009,1130,100.0,0.0,16.0,0.4292,0.0,1.0,1.0,10,0.885,0.0,,,,"[""1"", ""0"", ""2"", ""4"", ""3""]","{""0"": 710, ""1"": 387, ""2"": 23, ""3"": 4, ""4"": 3, ""16"": 1, ""7"": 1, ""5"": 1}"
municipalidades_2022,P70A_10_3,large_string,integer,1874,0,0.0,744,39.7012,744,39.7012,1130,4,0.2134,baja_categorica,1,1,1.0,1130,100.0,0.0,7.0,0.0442,0.0,0.0,0.0,,,0.0,,,,"[""0"", ""1"", ""7"", ""3""]","{""0"": 1088, ""1"": 40, ""7"": 1, ""3"": 1}"
municipalidades_2022,P70_11,large_string,integer,1874,0,0.0,676,36.0726,676,36.0726,1198,2,0.1067,baja_categorica,1,1,1.0,1198,100.0,1.0,2.0,1.9775,2.0,2.0,0.0,,,0.0,,,,"[""2"", ""1""]","{""2"": 1171, ""1"": 27}"
municipalidades_2022,P70A_11_1,large_string,integer,1874,0,0.0,744,39.7012,744,39.7012,1130,3,0.1601,baja_categorica,1,1,1.0,1130,100.0,0.0,7.0,0.0292,0.0,0.0,0.0,,,0.0,,,,"[""0"", ""1"", ""7""]","{""0"": 1103, ""1"": 26, ""7"": 1}"
municipalidades_2022,P70A_11_2,large_string,integer,1874,0,0.0,744,39.7012,744,39.7012,1130,3,0.1601,baja_categorica,1,1,1.0,1130,100.0,0.0,7.0,0.0283,0.0,0.0,0.0,,,0.0,,,,"[""0"", ""1"", ""7""]","{""0"": 1104, ""1"": 25, ""7"": 1}"
municipalidades_2022,P70A_11_3,large_string,categorical_indicator,1874,0,0.0,744,39.7012,744,39.7012,1130,2,0.1067,baja_categorica,1,1,1.0,1130,100.0,0.0,1.0,0.0009,0.0,0.0,0.0,,,0.0,,,,"[""0"", ""1""]","{""0"": 1129, ""1"": 1}"
municipalidades_2022,P70A_11_O,large_string,text,1874,0,0.0,1847,98.5592,1847,98.5592,27,4,0.2134,baja_categorica,17,33,18.6296,0,0.0,,,,,,,,,0.0,,,,"[""BASE DE SERENAZGO"", ""CENTRAL DE COMUNICACION"", ""PUESTO DE AUXILIO RAPIDO - PARMET"", ""LOCAL DE BRIGADA CANINA""]","{""BASE DE SERENAZGO"": 23, ""PUESTO DE AUXILIO RAPIDO - PARMET"": 2, ""CENTRAL DE COMUNICACION"": 1, ""LOCAL DE BRIGADA CANINA"": 1}"
municipalidades_2022,P70_12,large_string,integer,1874,0,0.0,676,36.0726,676,36.0726,1198,2,0.1067,baja_categorica,1,1,1.0,1198,100.0,1.0,2.0,1.2154,1.0,1.0,0.0,,,0.0,,,,"[""1"", ""2""]","{""1"": 940, ""2"": 258}"
municipalidades_2022,P70A_12_1,large_string,integer,1874,0,0.0,744,39.7012,744,39.7012,1130,111,5.9232,media,1,3,1.4788,1130,100.0,0.0,796.0,21.8938,2.0,20.0,18.0,121,10.708,0.0,,,,"[""30"", ""15"", ""4"", ""10"", ""0""]","{""0"": 190, ""1"": 78, ""2"": 74, ""4"": 71, ""10"": 71, ""6"": 60, ""5"": 47, ""12"": 45, ""8"": 39, ""20"": 37}"
municipalidades_2022,P70_13,large_string,integer,1874,0,0.0,676,36.0726,676,36.0726,1198,2,0.1067,baja_categorica,1,1,1.0,1198,100.0,1.0,2.0,1.8055,2.0,2.0,0.0,,,0.0,,,,"[""2"", ""1""]","{""2"": 965, ""1"": 233}"
municipalidades_2022,P70A_13_1,large_string,integer,1874,0,0.0,744,39.7012,744,39.7012,1130,51,2.7215,baja_categorica,1,3,1.0867,1130,100.0,0.0,300.0,3.4735,0.0,0.0,0.0,,,0.0,,,,"[""0"", ""26"", ""3"", ""55"", ""12""]","{""0"": 897, ""2"": 34, ""4"": 27, ""6"": 23, ""1"": 17, ""10"": 14, ""3"": 14, ""5"": 13, ""12"": 10, ""30"": 7}"
municipalidades_2022,P70_14,large_string,integer,1874,0,0.0,676,36.0726,676,36.0726,1198,2,0.1067,baja_categorica,1,1,1.0,1198,100.0,1.0,2.0,1.177,1.0,1.0,0.0,,,0.0,,,,"[""1"", ""2""]","{""1"": 986, ""2"": 212}"
municipalidades_2022,P70A_14_1,large_string,integer,1874,0,0.0,744,39.7012,744,39.7012,1130,122,6.5101,media,1,4,1.523,1130,100.0,0.0,2017.0,30.9442,2.0,20.75,18.75,139,12.3009,0.0,,,,"[""30"", ""0"", ""8"", ""4"", ""40""]","{""0"": 144, ""2"": 87, ""6"": 72, ""4"": 72, ""1"": 68, ""10"": 56, ""12"": 54, ""5"": 48, ""3"": 37, ""8"": 35}"
municipalidades_2022,P70_15,large_string,integer,1874,0,0.0,676,36.0726,676,36.0726,1198,2,0.1067,baja_categorica,1,1,1.0,1198,100.0,1.0,2.0,1.9482,2.0,2.0,0.0,,,0.0,,,,"[""2"", ""1""]","{""2"": 1136, ""1"": 62}"
municipalidades_2022,P70A_15_1,large_string,integer,1874,0,0.0,744,39.7012,744,39.7012,1130,20,1.0672,baja_categorica,1,2,1.0097,1130,100.0,0.0,48.0,0.3584,0.0,0.0,0.0,,,0.0,,,,"[""0"", ""1"", ""5"", ""2"", ""3""]","{""0"": 1068, ""1"": 16, ""2"": 11, ""4"": 6, ""6"": 5, ""5"": 4, ""3"": 4, ""7"": 2, ""8"": 2, ""21"": 2}"
municipalidades_2022,P70_16,large_string,integer,1874,0,0.0,676,36.0726,676,36.0726,1198,2,0.1067,baja_categorica,1,1,1.0,1198,100.0,1.0,2.0,1.9416,2.0,2.0,0.0,,,0.0,,,,"[""1"", ""2""]","{""2"": 1128, ""1"": 70}"
municipalidades_2022,P70A_16_1,large_string,integer,1874,0,0.0,744,39.7012,744,39.7012,1130,24,1.2807,baja_categorica,1,3,1.0248,1130,100.0,0.0,118.0,0.877,0.0,0.0,0.0,,,0.0,,,,"[""3"", ""0"", ""2"", ""10"", ""1""]","{""0"": 1060, ""1"": 17, ""2"": 8, ""10"": 5, ""9"": 4, ""3"": 3, ""30"": 3, ""15"": 3, ""4"": 3, ""6"": 3}"
municipalidades_2022,P70A_16_O,large_string,text,1874,0,0.0,1804,96.2647,1804,96.2647,70,9,0.4803,baja_categorica,7,16,12.4143,0,0.0,,,,,,,,,0.0,,,,"[""CAMILLA RIGIDA"", ""ESCUDO ANTIMOTIN"", ""CHALECO TACTICO"", ""SILBATO"", ""TRAJE ANTIMOTIN""]","{""CHALECO TACTICO"": 13, ""BOTA BORSEGUIS"": 12, ""SILBATO"": 10, ""LINTERNA"": 9, ""ESCUDO ANTIMOTIN"": 8, ""CAMILLA RIGIDA"": 6, ""TRAJE ANTIMOTIN"": 6, ""GRILLETE"": 4, ""CASCO ANTIMOTIN"": 2}"
municipalidades_2022,VFI_P71,large_string,categorical_indicator,1874,0,0.0,672,35.8591,672,35.8591,1202,1,0.0534,baja_categorica,1,1,1.0,1202,100.0,1.0,1.0,1.0,1.0,1.0,0.0,,,0.0,,,,"[""1""]","{""1"": 1202}"
municipalidades_2022,P71,large_string,categorical_indicator,1874,0,0.0,672,35.8591,672,35.8591,1202,2,0.1067,baja_categorica,1,1,1.0,1202,100.0,0.0,1.0,0.8844,1.0,1.0,0.0,,,0.0,,,,"[""1"", ""0""]","{""1"": 1063, ""0"": 139}"
municipalidades_2022,P71_1,large_string,integer,1874,0,0.0,811,43.2764,811,43.2764,1063,2,0.1067,baja_categorica,1,1,1.0,1063,100.0,1.0,2.0,1.5607,1.0,2.0,1.0,0,0.0,0.0,,,,"[""1"", ""2""]","{""2"": 596, ""1"": 467}"
municipalidades_2022,P71A_1,large_string,integer,1874,0,0.0,1407,75.08,1407,75.08,467,119,6.3501,media,1,4,1.6039,467,100.0,1.0,3458.0,48.8287,3.0,30.0,27.0,64,13.7045,0.0,,,,"[""6"", ""15"", ""1"", ""2"", ""85""]","{""2"": 61, ""1"": 41, ""3"": 39, ""5"": 23, ""4"": 22, ""6"": 18, ""20"": 18, ""10"": 15, ""15"": 15, ""8"": 14}"
municipalidades_2022,P71_2,large_string,integer,1874,0,0.0,811,43.2764,811,43.2764,1063,2,0.1067,baja_categorica,1,1,1.0,1063,100.0,1.0,2.0,1.4459,1.0,2.0,1.0,0,0.0,0.0,,,,"[""1"", ""2""]","{""1"": 589, ""2"": 474}"
municipalidades_2022,P71A_2,large_string,integer,1874,0,0.0,1285,68.5699,1285,68.5699,589,69,3.682,baja_categorica,1,3,1.3226,589,100.0,1.0,217.0,12.4261,2.0,11.0,9.0,74,12.5637,0.0,,,,"[""3"", ""4"", ""2"", ""1"", ""6""]","{""2"": 130, ""1"": 74, ""3"": 67, ""4"": 44, ""5"": 36, ""10"": 31, ""6"": 24, ""8"": 20, ""15"": 17, ""12"": 13}"
municipalidades_2022,P71_3,large_string,integer,1874,0,0.0,811,43.2764,811,43.2764,1063,2,0.1067,baja_categorica,1,1,1.0,1063,100.0,1.0,2.0,1.6529,1.0,2.0,1.0,0,0.0,0.0,,,,"[""1"", ""2""]","{""2"": 694, ""1"": 369}"
municipalidades_2022,P71A_3,large_string,integer,1874,0,0.0,1505,80.3095,1505,80.3095,369,58,3.095,baja_categorica,1,3,1.3306,369,100.0,1.0,486.0,15.8943,2.0,11.0,9.0,51,13.8211,0.0,,,,"[""12"", ""5"", ""2"", ""6"", ""1""]","{""1"": 71, ""2"": 53, ""3"": 33, ""5"": 26, ""4"": 24, ""6"": 18, ""10"": 18, ""8"": 14, ""7"": 11, ""12"": 9}"
municipalidades_2022,P71_4,large_string,integer,1874,0,0.0,811,43.2764,811,43.2764,1063,2,0.1067,baja_categorica,1,1,1.0,1063,100.0,1.0,2.0,1.7611,2.0,2.0,0.0,,,0.0,,,,"[""1"", ""2""]","{""2"": 809, ""1"": 254}"
municipalidades_2022,P71A_4,large_string,integer,1874,0,0.0,1620,86.4461,1620,86.4461,254,49,2.6147,baja_categorica,1,3,1.3543,254,100.0,1.0,202.0,14.8819,2.0,12.0,10.0,38,14.9606,0.0,,,,"[""5"", ""2"", ""3"", ""6"", ""1""]","{""1"": 49, ""2"": 40, ""3"": 20, ""4"": 18, ""5"": 16, ""10"": 12, ""8"": 10, ""6"": 9, ""20"": 6, ""7"": 6}"
municipalidades_2022,P71_5,large_string,integer,1874,0,0.0,811,43.2764,811,43.2764,1063,2,0.1067,baja_categorica,1,1,1.0,1063,100.0,1.0,2.0,1.6773,1.0,2.0,1.0,0,0.0,0.0,,,,"[""2"", ""1""]","{""2"": 720, ""1"": 343}"
municipalidades_2022,P71A_5,large_string,integer,1874,0,0.0,1531,81.6969,1531,81.6969,343,52,2.7748,baja_categorica,1,3,1.312,343,100.0,1.0,494.0,14.4227,2.0,10.0,8.0,40,11.6618,0.0,,,,"[""10"", ""2"", ""3"", ""1"", ""4""]","{""2"": 65, ""1"": 60, ""3"": 43, ""4"": 24, ""5"": 23, ""10"": 18, ""6"": 10, ""7"": 8, ""15"": 8, ""20"": 7}"
municipalidades_2022,P71_6,large_string,integer,1874,0,0.0,811,43.2764,811,43.2764,1063,2,0.1067,baja_categorica,1,1,1.0,1063,100.0,1.0,2.0,1.1609,1.0,1.0,0.0,,,0.0,,,,"[""1"", ""2""]","{""1"": 892, ""2"": 171}"
municipalidades_2022,P71A_6,large_string,integer,1874,0,0.0,982,52.4013,982,52.4013,892,201,10.7257,media,1,5,1.8139,892,100.0,1.0,30911.0,322.0191,4.0,50.0,46.0,148,16.5919,0.0,,,,"[""17"", ""15"", ""3"", ""6"", ""512""]","{""2"": 71, ""5"": 68, ""10"": 66, ""1"": 59, ""3"": 53, ""4"": 53, ""20"": 41, ""6"": 39, ""15"": 24, ""8"": 24}"
municipalidades_2022,P71_7,large_string,integer,1874,0,0.0,811,43.2764,811,43.2764,1063,2,0.1067,baja_categorica,1,1,1.0,1063,100.0,1.0,2.0,1.666,1.0,2.0,1.0,0,0.0,0.0,,,,"[""2"", ""1""]","{""2"": 708, ""1"": 355}"
municipalidades_2022,P71A_7,large_string,integer,1874,0,0.0,1519,81.0566,1519,81.0566,355,109,5.8164,media,1,5,1.7606,355,100.0,1.0,23866.0,285.9352,3.0,40.5,37.5,65,18.3099,0.0,,,,"[""20"", ""2"", ""1"", ""10"", ""300""]","{""2"": 53, ""1"": 28, ""4"": 26, ""5"": 22, ""3"": 19, ""10"": 16, ""20"": 13, ""15"": 10, ""7"": 7, ""12"": 7}"
municipalidades_2022,P71_8,large_string,integer,1874,0,0.0,811,43.2764,811,43.2764,1063,2,0.1067,baja_categorica,1,1,1.0,1063,100.0,1.0,2.0,1.3029,1.0,2.0,1.0,0,0.0,0.0,,,,"[""1"", ""2""]","{""1"": 741, ""2"": 322}"
municipalidades_2022,P71A_8,large_string,integer,1874,0,0.0,1133,60.4589,1133,60.4589,741,158,8.4312,media,1,4,1.5587,741,100.0,1.0,3459.0,67.3063,3.0,26.0,23.0,116,15.6545,0.0,,,,"[""8"", ""1"", ""2"", ""9"", ""3""]","{""2"": 88, ""1"": 84, ""3"": 70, ""4"": 50, ""5"": 49, ""10"": 35, ""6"": 32, ""8"": 30, ""15"": 23, ""7"": 16}"
municipalidades_2022,P71_9,large_string,integer,1874,0,0.0,811,43.2764,811,43.2764,1063,2,0.1067,baja_categorica,1,1,1.0,1063,100.0,1.0,2.0,1.5682,1.0,2.0,1.0,0,0.0,0.0,,,,"[""1"", ""2""]","{""2"": 604, ""1"": 459}"
municipalidades_2022,P71A_9,large_string,integer,1874,0,0.0,1415,75.5069,1415,75.5069,459,121,6.4568,media,1,5,1.7603,459,100.0,1.0,30375.0,296.1373,4.0,47.0,43.0,65,14.1612,0.0,,,,"[""32"", ""2"", ""3"", ""1"", ""1890""]","{""2"": 47, ""10"": 34, ""5"": 32, ""3"": 32, ""4"": 29, ""1"": 26, ""6"": 20, ""15"": 16, ""20"": 13, ""12"": 10}"
municipalidades_2022,P71_10,large_string,integer,1874,0,0.0,811,43.2764,811,43.2764,1063,2,0.1067,baja_categorica,1,1,1.0,1063,100.0,1.0,2.0,1.2183,1.0,1.0,0.0,,,0.0,,,,"[""1"", ""2""]","{""1"": 831, ""2"": 232}"
municipalidades_2022,P71A_10,large_string,integer,1874,0,0.0,1043,55.6564,1043,55.6564,831,172,9.1782,media,1,4,1.6919,831,100.0,1.0,2085.0,57.6041,4.0,45.0,41.0,110,13.2371,0.0,,,,"[""43"", ""3"", ""4"", ""8"", ""158""]","{""2"": 79, ""1"": 63, ""5"": 57, ""3"": 55, ""4"": 43, ""10"": 43, ""6"": 35, ""8"": 25, ""12"": 23, ""15"": 22}"
municipalidades_2022,P71_11,large_string,integer,1874,0,0.0,811,43.2764,811,43.2764,1063,2,0.1067,baja_categorica,1,1,1.0,1063,100.0,1.0,2.0,1.7968,2.0,2.0,0.0,,,0.0,,,,"[""2"", ""1""]","{""2"": 847, ""1"": 216}"
municipalidades_2022,P71A_11,large_string,integer,1874,0,0.0,1658,88.4739,1658,88.4739,216,58,3.095,baja_categorica,1,4,1.4722,216,100.0,1.0,2122.0,33.162,2.0,18.0,16.0,27,12.5,0.0,,,,"[""2"", ""31"", ""30"", ""1"", ""100""]","{""2"": 47, ""1"": 29, ""5"": 17, ""10"": 15, ""3"": 11, ""4"": 9, ""30"": 5, ""6"": 5, ""7"": 5, ""12"": 4}"
municipalidades_2022,P71_12,large_string,integer,1874,0,0.0,811,43.2764,811,43.2764,1063,2,0.1067,baja_categorica,1,1,1.0,1063,100.0,1.0,2.0,1.9078,2.0,2.0,0.0,,,0.0,,,,"[""2"", ""1""]","{""2"": 965, ""1"": 98}"
municipalidades_2022,P71A_12,large_string,integer,1874,0,0.0,1776,94.7705,1776,94.7705,98,55,2.9349,baja_categorica,1,5,1.9184,98,100.0,1.0,41793.0,685.5612,2.0,197.25,195.25,10,10.2041,0.0,,,,"[""2"", ""24"", ""200"", ""1426"", ""580""]","{""1"": 14, ""2"": 13, ""4"": 5, ""5"": 5, ""6"": 3, ""13"": 3, ""9"": 3, ""7"": 2, ""15"": 2, ""10"": 2}"
municipalidades_2022,P71A_12_O,large_string,text,1874,0,0.0,1776,94.7705,1776,94.7705,98,32,1.7076,baja_categorica,8,44,25.0612,0,0.0,,,,,,,,,0.0,,,,"[""OPERATIVOS, FISCALIZACION A ESTABLECIMIENTO"", ""VIOLACIÓN A LA LIBERTAD SEXUAL"", ""DELITOS CONTRA LA VIDA, EL CUERPO Y LA SALUD"", ""PATRULLAJE INTEGRADO"", ""RUIDOS MOLESTOS""]","{""APOYO SOCIAL Y EMERGENCIAS"": 14, ""ABIGEATO"": 11, ""DELITOS CONTRA EL PATRIMONIO"": 8, ""VIOLACIÓN A LA LIBERTAD SEXUAL"": 6, ""OPERATIVOS, FISCALIZACION A ESTABLECIMIENTO"": 6, ""RUIDOS MOLESTOS"": 6, ""AGRESIONES FISICAS PSICOLOGICAS"": 5, ""DELITOS CONTRA EL ORDEN PUBLICO"": 4, ""INCENDIOS"": 4, ""DELITOS CONTRA LA VIDA, EL CUERPO Y LA SALUD"": 4}"
municipalidades_2022,VFI_P72A,large_string,categorical_indicator,1874,0,0.0,676,36.0726,676,36.0726,1198,1,0.0534,baja_categorica,1,1,1.0,1198,100.0,1.0,1.0,1.0,1.0,1.0,0.0,,,0.0,,,,"[""1""]","{""1"": 1198}"
municipalidades_2022,P72A,large_string,integer,1874,0,0.0,676,36.0726,676,36.0726,1198,2,0.1067,baja_categorica,1,1,1.0,1198,100.0,1.0,2.0,1.0676,1.0,1.0,0.0,,,0.0,,,,"[""1"", ""2""]","{""1"": 1117, ""2"": 81}"
municipalidades_2022,P72A_1,large_string,integer,1874,0,0.0,682,36.3927,682,36.3927,1192,34,1.8143,baja_categorica,1,2,1.0856,1192,100.0,0.0,78.0,4.7391,2.0,5.0,3.0,102,8.557,0.0,,,,"[""4"", ""6"", ""0"", ""5"", ""2""]","{""4"": 279, ""3"": 182, ""2"": 176, ""5"": 135, ""6"": 85, ""0"": 75, ""1"": 60, ""8"": 44, ""7"": 40, ""10"": 19}"
municipalidades_2022,P72A_2,large_string,integer,1874,0,0.0,683,36.4461,683,36.4461,1191,30,1.6009,baja_categorica,1,2,1.0756,1191,100.0,0.0,78.0,4.3837,2.0,5.0,3.0,90,7.5567,0.0,,,,"[""4"", ""6"", ""5"", ""2"", ""7""]","{""4"": 256, ""2"": 199, ""3"": 188, ""5"": 126, ""0"": 93, ""1"": 75, ""6"": 75, ""8"": 42, ""7"": 35, ""10"": 19}"
municipalidades_2022,VFI_P72B,large_string,categorical_indicator,1874,0,0.0,676,36.0726,676,36.0726,1198,1,0.0534,baja_categorica,1,1,1.0,1198,100.0,1.0,1.0,1.0,1.0,1.0,0.0,,,0.0,,,,"[""1""]","{""1"": 1198}"
municipalidades_2022,P72B,large_string,integer,1874,0,0.0,678,36.1793,678,36.1793,1196,2,0.1067,baja_categorica,1,1,1.0,1196,100.0,1.0,2.0,1.1012,1.0,1.0,0.0,,,0.0,,,,"[""1"", ""2""]","{""1"": 1075, ""2"": 121}"
municipalidades_2022,P72B_1,large_string,integer,1874,0,0.0,798,42.5827,798,42.5827,1076,30,1.6009,baja_categorica,1,2,1.0725,1076,100.0,0.0,48.0,4.4675,2.0,5.0,3.0,78,7.2491,0.0,,,,"[""4"", ""6"", ""5"", ""2"", ""3""]","{""2"": 231, ""4"": 230, ""3"": 165, ""5"": 115, ""1"": 108, ""6"": 70, ""8"": 37, ""7"": 27, ""10"": 17, ""9"": 14}"
municipalidades_2022,VFI_P73,large_string,categorical_indicator,1874,0,0.0,799,42.6361,799,42.6361,1075,1,0.0534,baja_categorica,1,1,1.0,1075,100.0,1.0,1.0,1.0,1.0,1.0,0.0,,,0.0,,,,"[""1""]","{""1"": 1075}"
municipalidades_2022,P73_1,large_string,categorical_indicator,1874,0,0.0,798,42.5827,798,42.5827,1076,2,0.1067,baja_categorica,1,1,1.0,1076,100.0,0.0,1.0,0.829,1.0,1.0,0.0,,,0.0,,,,"[""1"", ""0""]","{""1"": 892, ""0"": 184}"
municipalidades_2022,P73_2,large_string,integer,1874,0,0.0,799,42.6361,799,42.6361,1075,2,0.1067,baja_categorica,1,1,1.0,1075,100.0,0.0,2.0,0.7349,0.0,2.0,2.0,0,0.0,0.0,,,,"[""2"", ""0""]","{""0"": 680, ""2"": 395}"
municipalidades_2022,P73_3,large_string,integer,1874,0,0.0,798,42.5827,798,42.5827,1076,2,0.1067,baja_categorica,1,1,1.0,1076,100.0,0.0,3.0,1.2407,0.0,3.0,3.0,0,0.0,0.0,,,,"[""3"", ""0""]","{""0"": 631, ""3"": 445}"
municipalidades_2022,P73_4,large_string,integer,1874,0,0.0,799,42.6361,799,42.6361,1075,2,0.1067,baja_categorica,1,1,1.0,1075,100.0,0.0,4.0,0.026,0.0,0.0,0.0,,,0.0,,,,"[""0"", ""4""]","{""0"": 1068, ""4"": 7}"
municipalidades_2022,P73_4_O,large_string,text,1874,0,0.0,1867,99.6265,1867,99.6265,7,4,0.2134,baja_categorica,7,18,10.7143,0,0.0,,,,,,,,,0.0,,,,"[""MOTOKAR"", ""FURGONETA"", ""TRANSPORTE FLUVIAL"", ""TRIMOVIL""]","{""MOTOKAR"": 2, ""TRANSPORTE FLUVIAL"": 2, ""TRIMOVIL"": 2, ""FURGONETA"": 1}"
municipalidades_2022,VFI_P74,large_string,categorical_indicator,1874,0,0.0,799,42.6361,799,42.6361,1075,1,0.0534,baja_categorica,1,1,1.0,1075,100.0,1.0,1.0,1.0,1.0,1.0,0.0,,,0.0,,,,"[""1""]","{""1"": 1075}"
municipalidades_2022,P74,large_string,integer,1874,0,0.0,798,42.5827,798,42.5827,1076,6,0.3202,baja_categorica,1,1,1.0,1076,100.0,0.0,5.0,2.6255,1.0,4.0,3.0,0,0.0,0.0,,,,"[""1"", ""5"", ""2"", ""3"", ""4""]","{""1"": 379, ""3"": 224, ""5"": 218, ""2"": 166, ""4"": 88, ""0"": 1}"
municipalidades_2022,VFI_P75,large_string,categorical_indicator,1874,0,0.0,0,0.0,0,0.0,1874,1,0.0534,baja_categorica,1,1,1.0,1874,100.0,1.0,1.0,1.0,1.0,1.0,0.0,,,0.0,,,,"[""1""]","{""1"": 1874}"
municipalidades_2022,P75,large_string,integer,1874,0,0.0,0,0.0,0,0.0,1874,2,0.1067,baja_categorica,1,1,1.0,1874,100.0,1.0,2.0,1.1041,1.0,1.0,0.0,,,0.0,,,,"[""1"", ""2""]","{""1"": 1679, ""2"": 195}"
municipalidades_2022,VFI_P76,large_string,categorical_indicator,1874,0,0.0,195,10.4055,195,10.4055,1679,1,0.0534,baja_categorica,1,1,1.0,1679,100.0,1.0,1.0,1.0,1.0,1.0,0.0,,,0.0,,,,"[""1""]","{""1"": 1679}"
municipalidades_2022,P76_1,large_string,integer,1874,0,0.0,195,10.4055,195,10.4055,1679,2,0.1067,baja_categorica,1,1,1.0,1679,100.0,1.0,2.0,1.0679,1.0,1.0,0.0,,,0.0,,,,"[""1"", ""2""]","{""1"": 1565, ""2"": 114}"
municipalidades_2022,P76A_1,large_string,integer,1874,0,0.0,309,16.4888,309,16.4888,1565,19,1.0139,baja_categorica,1,2,1.17,1565,100.0,1.0,36.0,5.8722,4.0,7.0,3.0,206,13.1629,0.0,,,,"[""8"", ""12"", ""2"", ""9"", ""3""]","{""6"": 487, ""4"": 238, ""12"": 187, ""2"": 138, ""1"": 126, ""3"": 104, ""8"": 75, ""5"": 64, ""7"": 50, ""10"": 47}"
municipalidades_2022,P76_2,large_string,integer,1874,0,0.0,195,10.4055,195,10.4055,1679,2,0.1067,baja_categorica,1,1,1.0,1679,100.0,1.0,2.0,1.402,1.0,2.0,1.0,0,0.0,0.0,,,,"[""1"", ""2""]","{""1"": 1004, ""2"": 675}"
municipalidades_2022,P76A_2,large_string,integer,1874,0,0.0,870,46.4248,870,46.4248,1004,11,0.587,baja_categorica,1,2,1.007,1004,100.0,1.0,15.0,3.2331,2.0,4.0,2.0,8,0.7968,0.0,,,,"[""1"", ""5"", ""2"", ""4"", ""10""]","{""4"": 570, ""1"": 162, ""2"": 150, ""3"": 86, ""6"": 20, ""5"": 8, ""10"": 4, ""15"": 1, ""8"": 1, ""12"": 1}"
municipalidades_2022,P76_3,large_string,integer,1874,0,0.0,195,10.4055,195,10.4055,1679,2,0.1067,baja_categorica,1,1,1.0,1679,100.0,1.0,2.0,1.4199,1.0,2.0,1.0,0,0.0,0.0,,,,"[""1"", ""2""]","{""1"": 974, ""2"": 705}"
municipalidades_2022,P76A_3,large_string,integer,1874,0,0.0,900,48.0256,900,48.0256,974,34,1.8143,baja_categorica,1,4,1.1099,974,100.0,1.0,1681.0,7.5257,2.0,4.0,2.0,119,12.2177,0.0,,,,"[""10"", ""4"", ""1"", ""2"", ""3""]","{""2"": 297, ""1"": 196, ""4"": 137, ""3"": 105, ""6"": 71, ""12"": 38, ""5"": 38, ""10"": 18, ""8"": 16, ""7"": 11}"
municipalidades_2022,P76_4,large_string,integer,1874,0,0.0,195,10.4055,195,10.4055,1679,2,0.1067,baja_categorica,1,1,1.0,1679,100.0,1.0,2.0,1.3699,1.0,2.0,1.0,0,0.0,0.0,,,,"[""1"", ""2""]","{""1"": 1058, ""2"": 621}"
municipalidades_2022,P76A_4,large_string,integer,1874,0,0.0,816,43.5432,816,43.5432,1058,69,3.682,baja_categorica,1,4,1.3006,1058,100.0,1.0,6352.0,25.1408,2.0,10.0,8.0,120,11.3422,0.0,,,,"[""6"", ""3"", ""5"", ""1"", ""48""]","{""2"": 177, ""4"": 146, ""1"": 143, ""3"": 100, ""6"": 91, ""12"": 67, ""5"": 46, ""10"": 45, ""8"": 44, ""24"": 24}"
municipalidades_2022,P76_5,large_string,integer,1874,0,0.0,195,10.4055,195,10.4055,1679,2,0.1067,baja_categorica,1,1,1.0,1679,100.0,1.0,2.0,1.5462,1.0,2.0,1.0,0,0.0,0.0,,,,"[""2"", ""1""]","{""2"": 917, ""1"": 762}"
municipalidades_2022,P76A_5,large_string,integer,1874,0,0.0,1112,59.3383,1112,59.3383,762,8,0.4269,baja_categorica,1,2,1.0026,762,100.0,1.0,12.0,1.605,1.0,2.0,1.0,62,8.1365,0.0,,,,"[""1"", ""2"", ""3"", ""4"", ""6""]","{""1"": 492, ""2"": 182, ""4"": 45, ""3"": 26, ""6"": 8, ""5"": 6, ""12"": 2, ""7"": 1}"
municipalidades_2022,P76_6,large_string,integer,1874,0,0.0,195,10.4055,195,10.4055,1679,2,0.1067,baja_categorica,1,1,1.0,1679,100.0,1.0,2.0,1.6051,1.0,2.0,1.0,0,0.0,0.0,,,,"[""1"", ""2""]","{""2"": 1016, ""1"": 663}"
municipalidades_2022,P76_7,large_string,integer,1874,0,0.0,195,10.4055,195,10.4055,1679,2,0.1067,baja_categorica,1,1,1.0,1679,100.0,1.0,2.0,1.6974,1.0,2.0,1.0,0,0.0,0.0,,,,"[""1"", ""2""]","{""2"": 1171, ""1"": 508}"
municipalidades_2022,VFI_P77,large_string,categorical_indicator,1874,0,0.0,195,10.4055,195,10.4055,1679,1,0.0534,baja_categorica,1,1,1.0,1679,100.0,1.0,1.0,1.0,1.0,1.0,0.0,,,0.0,,,,"[""1""]","{""1"": 1679}"
municipalidades_2022,P77_1,large_string,categorical_indicator,1874,0,0.0,263,14.0342,263,14.0342,1611,2,0.1067,baja_categorica,1,1,1.0,1611,100.0,0.0,1.0,0.7685,1.0,1.0,0.0,,,0.0,,,,"[""1"", ""0""]","{""1"": 1238, ""0"": 373}"
municipalidades_2022,P77_2,large_string,integer,1874,0,0.0,263,14.0342,263,14.0342,1611,2,0.1067,baja_categorica,1,1,1.0,1611,100.0,0.0,2.0,0.648,0.0,2.0,2.0,0,0.0,0.0,,,,"[""2"", ""0""]","{""0"": 1089, ""2"": 522}"
municipalidades_2022,P77_3,large_string,integer,1874,0,0.0,263,14.0342,263,14.0342,1611,2,0.1067,baja_categorica,1,1,1.0,1611,100.0,0.0,3.0,1.5698,0.0,3.0,3.0,0,0.0,0.0,,,,"[""3"", ""0""]","{""3"": 843, ""0"": 768}"
municipalidades_2022,P77_4,large_string,integer,1874,0,0.0,1806,96.3714,1806,96.3714,68,1,0.0534,baja_categorica,1,1,1.0,68,100.0,4.0,4.0,4.0,4.0,4.0,0.0,,,0.0,,,,"[""4""]","{""4"": 68}"
municipalidades_2022,VFI_P78,large_string,categorical_indicator,1874,0,0.0,195,10.4055,195,10.4055,1679,1,0.0534,baja_categorica,1,1,1.0,1679,100.0,1.0,1.0,1.0,1.0,1.0,0.0,,,0.0,,,,"[""1""]","{""1"": 1679}"
municipalidades_2022,P78_1,large_string,categorical_indicator,1874,0,0.0,376,20.064,376,20.064,1498,2,0.1067,baja_categorica,1,1,1.0,1498,100.0,0.0,1.0,0.8565,1.0,1.0,0.0,,,0.0,,,,"[""1"", ""0""]","{""1"": 1283, ""0"": 215}"
municipalidades_2022,P78_2,large_string,integer,1874,0,0.0,376,20.064,376,20.064,1498,2,0.1067,baja_categorica,1,1,1.0,1498,100.0,0.0,2.0,1.6395,2.0,2.0,0.0,,,0.0,,,,"[""2"", ""0""]","{""2"": 1228, ""0"": 270}"
municipalidades_2022,P78_3,large_string,integer,1874,0,0.0,376,20.064,376,20.064,1498,2,0.1067,baja_categorica,1,1,1.0,1498,100.0,0.0,3.0,1.9646,0.0,3.0,3.0,0,0.0,0.0,,,,"[""3"", ""0""]","{""3"": 981, ""0"": 517}"
municipalidades_2022,P78_4,large_string,integer,1874,0,0.0,376,20.064,376,20.064,1498,2,0.1067,baja_categorica,1,1,1.0,1498,100.0,0.0,4.0,0.4272,0.0,0.0,0.0,,,0.0,,,,"[""0"", ""4""]","{""0"": 1338, ""4"": 160}"
municipalidades_2022,P78_4_O,large_string,categorical_text,1874,0,0.0,1714,91.4621,1714,91.4621,160,5,0.2668,baja_categorica,24,41,28.0125,0,0.0,,,,,,,,,0.0,,,,"[""PLAN DE PROGRAMAS PREVENTIVOS"", ""PLAN DE PATRULLAJE MUNICIPAL"", ""PLAN DE OPERATIVOS CONJUNTOS"", ""PLAN DE PATRULLAJE MIXTO"", ""PLAN DE RECUPERACION DE ESPACIOS PUBLICOS""]","{""PLAN DE PATRULLAJE MUNICIPAL"": 103, ""PLAN DE OPERATIVOS CONJUNTOS"": 24, ""PLAN DE PROGRAMAS PREVENTIVOS"": 20, ""PLAN DE PATRULLAJE MIXTO"": 11, ""PLAN DE RECUPERACION DE ESPACIOS PUBLICOS"": 2}"
municipalidades_2022,P78_5,large_string,integer,1874,0,0.0,195,10.4055,195,10.4055,1679,2,0.1067,baja_categorica,1,1,1.0,1679,100.0,0.0,5.0,0.539,0.0,0.0,0.0,,,0.0,,,,"[""0"", ""5""]","{""0"": 1498, ""5"": 181}"
municipalidades_2022,VFI_P79,large_string,categorical_indicator,1874,0,0.0,0,0.0,0,0.0,1874,1,0.0534,baja_categorica,1,1,1.0,1874,100.0,1.0,1.0,1.0,1.0,1.0,0.0,,,0.0,,,,"[""1""]","{""1"": 1874}"
municipalidades_2022,P79_1,large_string,integer,1874,0,0.0,0,0.0,0,0.0,1874,2,0.1067,baja_categorica,1,1,1.0,1874,100.0,1.0,2.0,1.8911,2.0,2.0,0.0,,,0.0,,,,"[""1"", ""2""]","{""2"": 1670, ""1"": 204}"
municipalidades_2022,P79A_1_1,large_string,integer,1874,0,0.0,1670,89.1142,1670,89.1142,204,17,0.9072,baja_categorica,1,3,1.0833,204,100.0,0.0,270.0,3.7304,0.0,2.0,2.0,28,13.7255,0.0,,,,"[""2"", ""0"", ""6"", ""1"", ""4""]","{""1"": 87, ""0"": 52, ""2"": 22, ""6"": 7, ""10"": 7, ""4"": 6, ""3"": 6, ""8"": 3, ""5"": 3, ""12"": 3}"
municipalidades_2022,P79A_1_2,large_string,integer,1874,0,0.0,1670,89.1142,1670,89.1142,204,11,0.587,baja_categorica,1,2,1.0147,204,100.0,0.0,55.0,0.8775,0.0,1.0,1.0,10,4.902,0.0,,,,"[""0"", ""1"", ""2"", ""10"", ""3""]","{""0"": 139, ""1"": 43, ""2"": 12, ""6"": 2, ""5"": 2, ""10"": 1, ""3"": 1, ""4"": 1, ""11"": 1, ""55"": 1}"
municipalidades_2022,P79_2,large_string,integer,1874,0,0.0,0,0.0,0,0.0,1874,2,0.1067,baja_categorica,1,1,1.0,1874,100.0,1.0,2.0,1.6798,1.0,2.0,1.0,0,0.0,0.0,,,,"[""1"", ""2""]","{""2"": 1274, ""1"": 600}"
municipalidades_2022,P79A_2_1,large_string,integer,1874,0,0.0,1274,67.9829,1274,67.9829,600,42,2.2412,baja_categorica,1,3,1.14,600,100.0,0.0,338.0,5.1267,0.0,4.0,4.0,69,11.5,0.0,,,,"[""4"", ""0"", ""1"", ""3"", ""2""]","{""1"": 198, ""0"": 174, ""2"": 42, ""4"": 35, ""3"": 23, ""12"": 12, ""10"": 12, ""5"": 12, ""8"": 11, ""6"": 10}"
municipalidades_2022,P79A_2_2,large_string,integer,1874,0,0.0,1274,67.9829,1274,67.9829,600,37,1.9744,baja_categorica,1,3,1.115,600,100.0,0.0,171.0,3.99,0.0,2.0,2.0,82,13.6667,0.0,,,,"[""0"", ""3"", ""1"", ""2"", ""20""]","{""0"": 334, ""1"": 110, ""2"": 28, ""3"": 24, ""4"": 12, ""5"": 10, ""14"": 6, ""8"": 6, ""7"": 5, ""10"": 5}"
municipalidades_2022,P79_3,large_string,integer,1874,0,0.0,0,0.0,0,0.0,1874,2,0.1067,baja_categorica,1,1,1.0,1874,100.0,1.0,2.0,1.7497,1.25,2.0,0.75,0,0.0,0.0,,,,"[""2"", ""1""]","{""2"": 1405, ""1"": 469}"
municipalidades_2022,P79A_3_1,large_string,integer,1874,0,0.0,1405,74.9733,1405,74.9733,469,57,3.0416,baja_categorica,1,3,1.2601,469,100.0,0.0,275.0,11.145,1.0,8.0,7.0,53,11.3006,0.0,,,,"[""1"", ""0"", ""4"", ""12"", ""5""]","{""1"": 138, ""0"": 76, ""2"": 31, ""4"": 26, ""3"": 21, ""5"": 19, ""6"": 17, ""8"": 16, ""10"": 14, ""12"": 12}"
municipalidades_2022,P79A_3_2,large_string,integer,1874,0,0.0,1405,74.9733,1405,74.9733,469,22,1.174,baja_categorica,1,3,1.0405,469,100.0,0.0,442.0,2.1727,0.0,1.0,1.0,49,10.4478,0.0,,,,"[""0"", ""3"", ""2"", ""1"", ""8""]","{""0"": 342, ""1"": 61, ""2"": 17, ""3"": 10, ""4"": 8, ""5"": 6, ""12"": 4, ""50"": 2, ""13"": 2, ""6"": 2}"
municipalidades_2022,P79_4,large_string,integer,1874,0,0.0,0,0.0,0,0.0,1874,2,0.1067,baja_categorica,1,1,1.0,1874,100.0,1.0,2.0,1.9146,2.0,2.0,0.0,,,0.0,,,,"[""2"", ""1""]","{""2"": 1714, ""1"": 160}"
municipalidades_2022,P79A_4_1,large_string,integer,1874,0,0.0,1714,91.4621,1714,91.4621,160,17,0.9072,baja_categorica,1,2,1.0562,160,100.0,0.0,43.0,2.4562,1.0,2.0,1.0,27,16.875,0.0,,,,"[""0"", ""1"", ""12"", ""8"", ""2""]","{""1"": 78, ""0"": 31, ""2"": 21, ""4"": 5, ""6"": 4, ""5"": 4, ""3"": 3, ""7"": 3, ""12"": 2, ""10"": 2}"
municipalidades_2022,P79A_4_2,large_string,integer,1874,0,0.0,1714,91.4621,1714,91.4621,160,11,0.587,baja_categorica,1,2,1.0188,160,100.0,0.0,22.0,0.8313,0.0,1.0,1.0,14,8.75,0.0,,,,"[""1"", ""4"", ""0"", ""2"", ""22""]","{""0"": 110, ""1"": 32, ""2"": 4, ""3"": 4, ""4"": 3, ""5"": 2, ""22"": 1, ""10"": 1, ""12"": 1, ""9"": 1}"
municipalidades_2022,P79_5,large_string,integer,1874,0,0.0,0,0.0,0,0.0,1874,2,0.1067,baja_categorica,1,1,1.0,1874,100.0,1.0,2.0,1.9936,2.0,2.0,0.0,,,0.0,,,,"[""2"", ""1""]","{""2"": 1862, ""1"": 12}"
municipalidades_2022,P79A_5_1,large_string,integer,1874,0,0.0,1862,99.3597,1862,99.3597,12,6,0.3202,baja_categorica,1,2,1.25,12,100.0,0.0,20.0,4.6667,0.0,6.25,6.25,2,16.6667,0.0,,,,"[""0"", ""1"", ""4"", ""16"", ""20""]","{""0"": 5, ""1"": 3, ""4"": 1, ""16"": 1, ""20"": 1, ""13"": 1}"
municipalidades_2022,P79A_5_2,large_string,integer,1874,0,0.0,1862,99.3597,1862,99.3597,12,4,0.2134,baja_categorica,1,2,1.0833,12,100.0,0.0,40.0,4.25,0.75,2.0,1.25,1,8.3333,0.0,,,,"[""40"", ""1"", ""2"", ""0""]","{""1"": 5, ""2"": 3, ""0"": 3, ""40"": 1}"
municipalidades_2022,P79A_5_O,large_string,text,1874,0,0.0,1862,99.3597,1862,99.3597,12,2,0.1067,baja_categorica,13,18,15.5,0,0.0,,,,,,,,,0.0,,,,"[""RONDAS MIXTAS"", ""RED DE COOPERANTES""]","{""RONDAS MIXTAS"": 6, ""RED DE COOPERANTES"": 6}"
municipalidades_2022,P79_6,large_string,integer,1874,0,0.0,0,0.0,0,0.0,1874,2,0.1067,baja_categorica,1,1,1.0,1874,100.0,1.0,2.0,1.4018,1.0,2.0,1.0,0,0.0,0.0,,,,"[""1"", ""2""]","{""1"": 1121, ""2"": 753}"
municipalidades_2022,P79A_6_1,large_string,integer,1874,0,0.0,753,40.1814,753,40.1814,1121,69,3.682,baja_categorica,1,3,1.2096,1121,100.0,0.0,354.0,8.3167,1.0,8.0,7.0,98,8.7422,0.0,,,,"[""6"", ""1"", ""2"", ""0"", ""3""]","{""1"": 288, ""0"": 169, ""2"": 87, ""4"": 77, ""3"": 68, ""6"": 63, ""5"": 54, ""10"": 48, ""8"": 43, ""7"": 28}"
municipalidades_2022,P79A_6_2,large_string,integer,1874,0,0.0,753,40.1814,753,40.1814,1121,42,2.2412,baja_categorica,1,3,1.0723,1121,100.0,0.0,153.0,2.719,0.0,1.0,1.0,203,18.1088,0.0,,,,"[""0"", ""2"", ""4"", ""1"", ""6""]","{""0"": 781, ""1"": 90, ""2"": 47, ""3"": 36, ""5"": 28, ""4"": 24, ""7"": 13, ""6"": 13, ""8"": 10, ""12"": 10}"
municipalidades_2022,VFI_P80,large_string,categorical_indicator,1874,0,0.0,0,0.0,0,0.0,1874,1,0.0534,baja_categorica,1,1,1.0,1874,100.0,1.0,1.0,1.0,1.0,1.0,0.0,,,0.0,,,,"[""1""]","{""1"": 1874}"
municipalidades_2022,P80_1,large_string,categorical_indicator,1874,0,0.0,0,0.0,0,0.0,1874,2,0.1067,baja_categorica,1,1,1.0,1874,100.0,0.0,1.0,0.1537,0.0,0.0,0.0,,,0.0,,,,"[""0"", ""1""]","{""0"": 1586, ""1"": 288}"
municipalidades_2022,P80_2,large_string,integer,1874,0,0.0,0,0.0,0,0.0,1874,2,0.1067,baja_categorica,1,1,1.0,1874,100.0,0.0,2.0,0.1291,0.0,0.0,0.0,,,0.0,,,,"[""0"", ""2""]","{""0"": 1753, ""2"": 121}"
municipalidades_2022,P80_3,large_string,integer,1874,0,0.0,0,0.0,0,0.0,1874,2,0.1067,baja_categorica,1,1,1.0,1874,100.0,0.0,3.0,1.3319,0.0,3.0,3.0,0,0.0,0.0,,,,"[""0"", ""3""]","{""0"": 1042, ""3"": 832}"
municipalidades_2022,P80_4,large_string,integer,1874,0,0.0,0,0.0,0,0.0,1874,2,0.1067,baja_categorica,1,1,1.0,1874,100.0,0.0,4.0,1.3469,0.0,4.0,4.0,0,0.0,0.0,,,,"[""4"", ""0""]","{""0"": 1243, ""4"": 631}"
municipalidades_2022,P80_5,large_string,integer,1874,0,0.0,0,0.0,0,0.0,1874,2,0.1067,baja_categorica,1,1,1.0,1874,100.0,0.0,5.0,1.198,0.0,0.0,0.0,,,0.0,,,,"[""5"", ""0""]","{""0"": 1425, ""5"": 449}"
municipalidades_2022,P80_6,large_string,integer,1874,0,0.0,0,0.0,0,0.0,1874,2,0.1067,baja_categorica,1,1,1.0,1874,100.0,0.0,6.0,1.7834,0.0,6.0,6.0,0,0.0,0.0,,,,"[""0"", ""6""]","{""0"": 1317, ""6"": 557}"
municipalidades_2022,P80_7,large_string,integer,1874,0,0.0,0,0.0,0,0.0,1874,2,0.1067,baja_categorica,1,1,1.0,1874,100.0,0.0,7.0,0.6238,0.0,0.0,0.0,,,0.0,,,,"[""0"", ""7""]","{""0"": 1707, ""7"": 167}"
municipalidades_2022,P80_8,large_string,integer,1874,0,0.0,0,0.0,0,0.0,1874,2,0.1067,baja_categorica,1,1,1.0,1874,100.0,0.0,8.0,0.461,0.0,0.0,0.0,,,0.0,,,,"[""0"", ""8""]","{""0"": 1766, ""8"": 108}"
municipalidades_2022,P80_9,large_string,integer,1874,0,0.0,0,0.0,0,0.0,1874,2,0.1067,baja_categorica,1,1,1.0,1874,100.0,0.0,9.0,0.2882,0.0,0.0,0.0,,,0.0,,,,"[""0"", ""9""]","{""0"": 1814, ""9"": 60}"
municipalidades_2022,P80_9_O,large_string,text,1874,0,0.0,1814,96.7983,1814,96.7983,60,10,0.5336,baja_categorica,19,71,37.7667,0,0.0,,,,,,,,,0.0,,,,"[""OPERATIVO INOPINADO"", ""RESTRICCION DEL HORARIO DE VENTA EN LAS BEBIDAS ALCOHOLICAS"", ""OPERATIVOS DE FISCALIZACION"", ""ORDENANZA MUNICIPAL DE LA PROHIBICION DE CONSUMO DE BEBIDAS ALCOHOLICAS"", ""CHARLAS Y CAPACITACIONES PARA EVITAR EL CONSUMO DE DROGA Y ALCOHOL""]","{""OPERATIVO INOPINADO"": 14, ""OPERATIVOS DE FISCALIZACION"": 11, ""PATRULLAJE INTEGRADO"": 10, ""CHARLAS Y CAPACITACIONES PARA EVITAR EL CONSUMO DE DROGA Y ALCOHOL"": 7, ""ORDENANZA MUNICIPAL DE LA PROHIBICION DE CONSUMO DE BEBIDAS ALCOHOLICAS"": 5, ""OPERATIVOS CONTRA EL CONSUMO DE ALCOHOL EN LA VIA PUBLICA"": 4, ""OPERATIVOS PARA PREVENIR EL CONSUMO DE DROGAS Y ALCOHOL"": 4, ""RESTRICCION DEL HORARIO DE VENTA EN LAS BEBIDAS ALCOHOLICAS"": 2, ""INTERVENCION CON RONDAS CAMPESINAS"": 2, ""CONFORMACION DE JUNTAS VECINALES Y RONDAS CAMPESINAS"": 1}"
municipalidades_2022,P80_10,large_string,integer,1874,0,0.0,0,0.0,0,0.0,1874,2,0.1067,baja_categorica,1,2,1.2567,1874,100.0,0.0,10.0,2.5667,0.0,10.0,10.0,0,0.0,0.0,,,,"[""0"", ""10""]","{""0"": 1393, ""10"": 481}"
municipalidades_2022,VFI_P84A,large_string,categorical_indicator,1874,0,0.0,0,0.0,0,0.0,1874,1,0.0534,baja_categorica,1,1,1.0,1874,100.0,1.0,1.0,1.0,1.0,1.0,0.0,,,0.0,,,,"[""1""]","{""1"": 1874}"
municipalidades_2022,P84A,large_string,integer,1874,0,0.0,0,0.0,0,0.0,1874,2,0.1067,baja_categorica,1,1,1.0,1874,100.0,1.0,2.0,1.572,1.0,2.0,1.0,0,0.0,0.0,,,,"[""1"", ""2""]","{""2"": 1072, ""1"": 802}"
municipalidades_2022,P84A_1A,large_string,integer,1874,0,0.0,1072,57.2038,1072,57.2038,802,17,0.9072,baja_categorica,1,2,1.0125,802,100.0,1.0,43.0,2.1072,1.0,2.0,1.0,116,14.4638,0.0,,,,"[""2"", ""1"", ""5"", ""4"", ""3""]","{""1"": 493, ""2"": 133, ""3"": 60, ""4"": 46, ""5"": 25, ""6"": 14, ""8"": 11, ""7"": 8, ""14"": 2, ""9"": 2}"
municipalidades_2022,VFI_P85,large_string,categorical_indicator,1874,0,0.0,0,0.0,0,0.0,1874,1,0.0534,baja_categorica,1,1,1.0,1874,100.0,1.0,1.0,1.0,1.0,1.0,0.0,,,0.0,,,,"[""1""]","{""1"": 1874}"
municipalidades_2022,P85_1,large_string,integer,1874,0,0.0,0,0.0,0,0.0,1874,3,0.1601,baja_categorica,1,1,1.0,1874,100.0,1.0,3.0,2.2764,1.0,3.0,2.0,0,0.0,0.0,,,,"[""3"", ""1"", ""2""]","{""3"": 1022, ""1"": 504, ""2"": 348}"
municipalidades_2022,VFI_P86,large_string,categorical_indicator,1874,0,0.0,1022,54.5358,1022,54.5358,852,1,0.0534,baja_categorica,1,1,1.0,852,100.0,1.0,1.0,1.0,1.0,1.0,0.0,,,0.0,,,,"[""1""]","{""1"": 852}"
municipalidades_2022,P86_1,large_string,integer,1874,0,0.0,1022,54.5358,1022,54.5358,852,3,0.1601,baja_categorica,1,1,1.0,852,100.0,1.0,3.0,1.9707,1.0,3.0,2.0,0,0.0,0.0,,,,"[""1"", ""2"", ""3""]","{""1"": 314, ""3"": 289, ""2"": 249}"
municipalidades_2022,VFI_P87,large_string,categorical_indicator,1874,0,0.0,1022,54.5358,1022,54.5358,852,1,0.0534,baja_categorica,1,1,1.0,852,100.0,1.0,1.0,1.0,1.0,1.0,0.0,,,0.0,,,,"[""1""]","{""1"": 852}"
municipalidades_2022,P87_1,large_string,integer,1874,0,0.0,1022,54.5358,1022,54.5358,852,2,0.1067,baja_categorica,1,1,1.0,852,100.0,1.0,2.0,1.6362,1.0,2.0,1.0,0,0.0,0.0,,,,"[""1"", ""2""]","{""2"": 542, ""1"": 310}"
municipalidades_2022,P87_2,large_string,integer,1874,0,0.0,1022,54.5358,1022,54.5358,852,2,0.1067,baja_categorica,1,1,1.0,852,100.0,1.0,2.0,1.3322,1.0,2.0,1.0,0,0.0,0.0,,,,"[""1"", ""2""]","{""1"": 569, ""2"": 283}"
municipalidades_2022,P87_3,large_string,integer,1874,0,0.0,1022,54.5358,1022,54.5358,852,2,0.1067,baja_categorica,1,1,1.0,852,100.0,1.0,2.0,1.7899,2.0,2.0,0.0,,,0.0,,,,"[""2"", ""1""]","{""2"": 673, ""1"": 179}"
municipalidades_2022,P87_4,large_string,integer,1874,0,0.0,1022,54.5358,1022,54.5358,852,2,0.1067,baja_categorica,1,1,1.0,852,100.0,1.0,2.0,1.8791,2.0,2.0,0.0,,,0.0,,,,"[""2"", ""1""]","{""2"": 749, ""1"": 103}"
municipalidades_2022,P87_5,large_string,integer,1874,0,0.0,1022,54.5358,1022,54.5358,852,2,0.1067,baja_categorica,1,1,1.0,852,100.0,1.0,2.0,1.3955,1.0,2.0,1.0,0,0.0,0.0,,,,"[""1"", ""2""]","{""1"": 515, ""2"": 337}"
municipalidades_2022,P87_6,large_string,integer,1874,0,0.0,1022,54.5358,1022,54.5358,852,2,0.1067,baja_categorica,1,1,1.0,852,100.0,1.0,2.0,1.9683,2.0,2.0,0.0,,,0.0,,,,"[""2"", ""1""]","{""2"": 825, ""1"": 27}"
municipalidades_2022,P87_6_O,large_string,text,1874,0,0.0,1847,98.5592,1847,98.5592,27,17,0.9072,baja_categorica,3,38,14.2593,0,0.0,,,,,,,,,0.0,,,,"[""ALTAVOZ"", ""ALARMA LOCAL"", ""MEGAFONO"", ""ALTO PARLANTE"", ""GRUPO ELECTROGENO""]","{""MEGAFONO"": 5, ""ALTAVOZ"": 4, ""TELEFONIA SATELITAL"": 2, ""ALTO PARLANTE"": 2, ""CAMIONETA"": 2, ""TRANSMISOR DE RADIO"": 1, ""DRONE, IMPRESORA Y CAMARA"": 1, ""CAMPANAS Y AUTOPARLANTES"": 1, ""HANDY RADIO PORTATIL"": 1, ""SISTEMA DE VIDEOVIGILANCIA"": 1}"
municipalidades_2022,VFI_P87A,large_string,categorical_indicator,1874,0,0.0,0,0.0,0,0.0,1874,1,0.0534,baja_categorica,1,1,1.0,1874,100.0,1.0,1.0,1.0,1.0,1.0,0.0,,,0.0,,,,"[""1""]","{""1"": 1874}"
municipalidades_2022,P87A,large_string,integer,1874,0,0.0,0,0.0,0,0.0,1874,2,0.1067,baja_categorica,1,1,1.0,1874,100.0,1.0,2.0,1.7465,1.0,2.0,1.0,0,0.0,0.0,,,,"[""1"", ""2""]","{""2"": 1399, ""1"": 475}"
municipalidades_2022,P87A_1A,large_string,integer,1874,0,0.0,1399,74.6531,1399,74.6531,475,2,0.1067,baja_categorica,1,1,1.0,475,100.0,1.0,2.0,1.1558,1.0,1.0,0.0,,,0.0,,,,"[""2"", ""1""]","{""1"": 401, ""2"": 74}"
municipalidades_2022,VFI_P88,large_string,categorical_indicator,1874,0,0.0,0,0.0,0,0.0,1874,1,0.0534,baja_categorica,1,1,1.0,1874,100.0,1.0,1.0,1.0,1.0,1.0,0.0,,,0.0,,,,"[""1""]","{""1"": 1874}"
municipalidades_2022,P88,large_string,integer,1874,0,0.0,0,0.0,0,0.0,1874,2,0.1067,baja_categorica,1,1,1.0,1874,100.0,1.0,2.0,1.3314,1.0,2.0,1.0,0,0.0,0.0,,,,"[""1"", ""2""]","{""1"": 1253, ""2"": 621}"
municipalidades_2022,P88_1,large_string,categorical_indicator,1874,0,0.0,621,33.1377,621,33.1377,1253,2,0.1067,baja_categorica,1,1,1.0,1253,100.0,0.0,1.0,0.7901,1.0,1.0,0.0,,,0.0,,,,"[""1"", ""0""]","{""1"": 990, ""0"": 263}"
municipalidades_2022,P88_2,large_string,integer,1874,0,0.0,621,33.1377,621,33.1377,1253,2,0.1067,baja_categorica,1,1,1.0,1253,100.0,0.0,2.0,0.3655,0.0,0.0,0.0,,,0.0,,,,"[""2"", ""0""]","{""0"": 1024, ""2"": 229}"
municipalidades_2022,P88_3,large_string,integer,1874,0,0.0,621,33.1377,621,33.1377,1253,2,0.1067,baja_categorica,1,1,1.0,1253,100.0,0.0,3.0,0.8284,0.0,3.0,3.0,0,0.0,0.0,,,,"[""0"", ""3""]","{""0"": 907, ""3"": 346}"
municipalidades_2022,P88_4,large_string,integer,1874,0,0.0,621,33.1377,621,33.1377,1253,2,0.1067,baja_categorica,1,1,1.0,1253,100.0,0.0,4.0,1.2897,0.0,4.0,4.0,0,0.0,0.0,,,,"[""0"", ""4""]","{""0"": 849, ""4"": 404}"
municipalidades_2022,P88_5,large_string,integer,1874,0,0.0,621,33.1377,621,33.1377,1253,2,0.1067,baja_categorica,1,1,1.0,1253,100.0,0.0,5.0,3.6592,0.0,5.0,5.0,0,0.0,0.0,,,,"[""5"", ""0""]","{""5"": 917, ""0"": 336}"
municipalidades_2022,P88_6,large_string,integer,1874,0,0.0,621,33.1377,621,33.1377,1253,2,0.1067,baja_categorica,1,1,1.0,1253,100.0,0.0,6.0,2.4565,0.0,6.0,6.0,0,0.0,0.0,,,,"[""6"", ""0""]","{""0"": 740, ""6"": 513}"
municipalidades_2022,P88_7,large_string,integer,1874,0,0.0,621,33.1377,621,33.1377,1253,2,0.1067,baja_categorica,1,1,1.0,1253,100.0,0.0,7.0,5.1732,0.0,7.0,7.0,0,0.0,0.0,,,,"[""7"", ""0""]","{""7"": 926, ""0"": 327}"
municipalidades_2022,P88_8,large_string,integer,1874,0,0.0,621,33.1377,621,33.1377,1253,2,0.1067,baja_categorica,1,1,1.0,1253,100.0,0.0,8.0,0.2937,0.0,0.0,0.0,,,0.0,,,,"[""8"", ""0""]","{""0"": 1207, ""8"": 46}"
municipalidades_2022,P88_8_O,large_string,text,1874,0,0.0,1828,97.5454,1828,97.5454,46,25,1.334,baja_categorica,6,32,14.1304,0,0.0,,,,,,,,,0.0,,,,"[""KITS DE HIGIENE Y SACOS"", ""EXTINTORES"", ""COSTALES"", ""PLASTICOS"", ""MOTOBOMBAS""]","{""PLASTICOS"": 8, ""MOTOBOMBAS"": 5, ""KITS DE HIGENE"": 4, ""FUMIGADORAS"": 3, ""BOBINAS DE PLASTICO"": 3, ""COSTALES"": 2, ""CAPAS PARA ANIMALES MENORES"": 2, ""COCINA"": 2, ""BOBINAS DE PLASTICO Y COCINA"": 1, ""MOCHILA DE AGUA Y BATIFUEGO"": 1}"
municipalidades_2022,P88_9,large_string,integer,1874,0,0.0,621,33.1377,621,33.1377,1253,2,0.1067,baja_categorica,1,1,1.0,1253,100.0,0.0,9.0,0.1939,0.0,0.0,0.0,,,0.0,,,,"[""0"", ""9""]","{""0"": 1226, ""9"": 27}"
municipalidades_2022,VFI_P89,large_string,categorical_indicator,1874,0,0.0,0,0.0,0,0.0,1874,1,0.0534,baja_categorica,1,1,1.0,1874,100.0,1.0,1.0,1.0,1.0,1.0,0.0,,,0.0,,,,"[""1""]","{""1"": 1874}"
municipalidades_2022,P89,large_string,integer,1874,0,0.0,0,0.0,0,0.0,1874,2,0.1067,baja_categorica,1,1,1.0,1874,100.0,1.0,2.0,1.1467,1.0,1.0,0.0,,,0.0,,,,"[""1"", ""2""]","{""1"": 1599, ""2"": 275}"
municipalidades_2022,P89_1,large_string,categorical_indicator,1874,0,0.0,275,14.6745,275,14.6745,1599,2,0.1067,baja_categorica,1,1,1.0,1599,100.0,0.0,1.0,0.1351,0.0,0.0,0.0,,,0.0,,,,"[""0"", ""1""]","{""0"": 1383, ""1"": 216}"
municipalidades_2022,P89_2,large_string,integer,1874,0,0.0,275,14.6745,275,14.6745,1599,2,0.1067,baja_categorica,1,1,1.0,1599,100.0,0.0,2.0,0.1639,0.0,0.0,0.0,,,0.0,,,,"[""0"", ""2""]","{""0"": 1468, ""2"": 131}"
municipalidades_2022,P89_3,large_string,integer,1874,0,0.0,275,14.6745,275,14.6745,1599,2,0.1067,baja_categorica,1,1,1.0,1599,100.0,0.0,3.0,1.8987,0.0,3.0,3.0,0,0.0,0.0,,,,"[""3"", ""0""]","{""3"": 1012, ""0"": 587}"
municipalidades_2022,P89_4,large_string,integer,1874,0,0.0,275,14.6745,275,14.6745,1599,2,0.1067,baja_categorica,1,1,1.0,1599,100.0,0.0,4.0,2.7992,0.0,4.0,4.0,0,0.0,0.0,,,,"[""4"", ""0""]","{""4"": 1119, ""0"": 480}"
municipalidades_2022,P89_5,large_string,integer,1874,0,0.0,275,14.6745,275,14.6745,1599,2,0.1067,baja_categorica,1,1,1.0,1599,100.0,0.0,5.0,0.1751,0.0,0.0,0.0,,,0.0,,,,"[""0"", ""5""]","{""0"": 1543, ""5"": 56}"
municipalidades_2022,P89_5_O,large_string,text,1874,0,0.0,1818,97.0117,1818,97.0117,56,14,0.7471,baja_categorica,5,19,10.6429,0,0.0,,,,,,,,,0.0,,,,"[""MEGAFONO"", ""ALTAVOZ"", ""RADIO MUNICIPAL"", ""RADIO"", ""COMPUTADORA""]","{""MEGAFONO"": 15, ""ALTO PARLANTE"": 9, ""RADIO"": 6, ""ALTAVOZ"": 4, ""RADIO HF/VHF"": 4, ""RADIO MUNICIPAL"": 3, ""COMPUTADORA"": 3, ""AUTO PARLANTE"": 3, ""TELEFONO SATELITAL"": 2, ""RADIO PORTATIL"": 2}"
municipalidades_2022,P89_6,large_string,integer,1874,0,0.0,275,14.6745,275,14.6745,1599,2,0.1067,baja_categorica,1,1,1.0,1599,100.0,0.0,6.0,0.4128,0.0,0.0,0.0,,,0.0,,,,"[""0"", ""6""]","{""0"": 1489, ""6"": 110}"
municipalidades_2022,VFI_P90,large_string,categorical_indicator,1874,0,0.0,275,14.6745,275,14.6745,1599,1,0.0534,baja_categorica,1,1,1.0,1599,100.0,1.0,1.0,1.0,1.0,1.0,0.0,,,0.0,,,,"[""1""]","{""1"": 1599}"
municipalidades_2022,P90_1,large_string,categorical_indicator,1874,0,0.0,275,14.6745,275,14.6745,1599,2,0.1067,baja_categorica,1,1,1.0,1599,100.0,0.0,1.0,0.4409,0.0,1.0,1.0,0,0.0,0.0,,,,"[""0"", ""1""]","{""0"": 894, ""1"": 705}"
municipalidades_2022,P90_2,large_string,integer,1874,0,0.0,275,14.6745,275,14.6745,1599,2,0.1067,baja_categorica,1,1,1.0,1599,100.0,0.0,2.0,1.3659,0.0,2.0,2.0,0,0.0,0.0,,,,"[""0"", ""2""]","{""2"": 1092, ""0"": 507}"
municipalidades_2022,P90A_2,large_string,integer,1874,0,0.0,780,41.6222,780,41.6222,1094,12,0.6403,baja_categorica,1,2,1.0027,1094,100.0,0.0,16.0,2.2943,2.0,3.0,1.0,29,2.6508,0.0,,,,"[""1"", ""2"", ""3"", ""4"", ""6""]","{""2"": 515, ""3"": 259, ""1"": 214, ""4"": 77, ""5"": 11, ""6"": 8, ""7"": 3, ""8"": 2, ""0"": 2, ""12"": 1}"
municipalidades_2022,P90_3,large_string,integer,1874,0,0.0,275,14.6745,275,14.6745,1599,2,0.1067,baja_categorica,1,1,1.0,1599,100.0,0.0,3.0,1.4447,0.0,3.0,3.0,0,0.0,0.0,,,,"[""3"", ""0""]","{""0"": 829, ""3"": 770}"
municipalidades_2022,P90_4,large_string,integer,1874,0,0.0,275,14.6745,275,14.6745,1599,2,0.1067,baja_categorica,1,1,1.0,1599,100.0,0.0,4.0,1.4684,0.0,4.0,4.0,0,0.0,0.0,,,,"[""4"", ""0""]","{""0"": 1012, ""4"": 587}"
municipalidades_2022,P90_5,large_string,integer,1874,0,0.0,275,14.6745,275,14.6745,1599,2,0.1067,baja_categorica,1,1,1.0,1599,100.0,0.0,5.0,1.9794,0.0,5.0,5.0,0,0.0,0.0,,,,"[""0"", ""5""]","{""0"": 966, ""5"": 633}"
municipalidades_2022,P90_6,large_string,integer,1874,0,0.0,275,14.6745,275,14.6745,1599,2,0.1067,baja_categorica,1,1,1.0,1599,100.0,0.0,6.0,0.1126,0.0,0.0,0.0,,,0.0,,,,"[""0"", ""6""]","{""0"": 1569, ""6"": 30}"
municipalidades_2022,P90_6_O,large_string,text,1874,0,0.0,1844,98.3991,1844,98.3991,30,17,0.9072,baja_categorica,4,77,22.6667,0,0.0,,,,,,,,,0.0,,,,"[""SIMULACIONES"", ""AYUDA HUMANITARIA"", ""CHARLA CONTRA INCENDIOS"", ""ENCAUSAMIENTO DE QUEBRADAS"", ""CONFORMACION DE BRIGADAS""]","{""ATENCION DE EMERGENCIAS"": 5, ""ITSE"": 4, ""AYUDA HUMANITARIA"": 4, ""CONFORMACION DE BRIGADAS"": 3, ""INSTALACION DE SEÑALES DE EVACUACION"": 2, ""SIMULACIONES"": 1, ""PLAN DE CONTIGENCIA"": 1, ""FERIAS INFORMATIVAS"": 1, ""FUMIGACIONES"": 1, ""DEMARCACION DE FAJAS MARGINALES"": 1}"
municipalidades_2022,P90_7,large_string,integer,1874,0,0.0,275,14.6745,275,14.6745,1599,2,0.1067,baja_categorica,1,1,1.0,1599,100.0,0.0,7.0,0.4859,0.0,0.0,0.0,,,0.0,,,,"[""0"", ""7""]","{""0"": 1488, ""7"": 111}"
municipalidades_2022,VFI_P94,large_string,categorical_indicator,1874,0,0.0,0,0.0,0,0.0,1874,1,0.0534,baja_categorica,1,1,1.0,1874,100.0,1.0,1.0,1.0,1.0,1.0,0.0,,,0.0,,,,"[""1""]","{""1"": 1874}"
municipalidades_2022,P94_1,large_string,categorical_indicator,1874,0,0.0,0,0.0,0,0.0,1874,2,0.1067,baja_categorica,1,1,1.0,1874,100.0,0.0,1.0,0.3218,0.0,1.0,1.0,0,0.0,0.0,,,,"[""1"", ""0""]","{""0"": 1271, ""1"": 603}"
municipalidades_2022,P94_2,large_string,integer,1874,0,0.0,0,0.0,0,0.0,1874,2,0.1067,baja_categorica,1,1,1.0,1874,100.0,0.0,2.0,1.0053,0.0,2.0,2.0,0,0.0,0.0,,,,"[""2"", ""0""]","{""2"": 942, ""0"": 932}"
municipalidades_2022,P94_3,large_string,integer,1874,0,0.0,0,0.0,0,0.0,1874,2,0.1067,baja_categorica,1,1,1.0,1874,100.0,0.0,3.0,0.5347,0.0,0.0,0.0,,,0.0,,,,"[""3"", ""0""]","{""0"": 1540, ""3"": 334}"
municipalidades_2022,P94_4,large_string,integer,1874,0,0.0,0,0.0,0,0.0,1874,2,0.1067,baja_categorica,1,1,1.0,1874,100.0,0.0,4.0,1.3042,0.0,4.0,4.0,0,0.0,0.0,,,,"[""4"", ""0""]","{""0"": 1263, ""4"": 611}"
municipalidades_2022,P94_5,large_string,integer,1874,0,0.0,0,0.0,0,0.0,1874,2,0.1067,baja_categorica,1,1,1.0,1874,100.0,0.0,5.0,0.4216,0.0,0.0,0.0,,,0.0,,,,"[""0"", ""5""]","{""0"": 1716, ""5"": 158}"
municipalidades_2022,P94_6,large_string,integer,1874,0,0.0,0,0.0,0,0.0,1874,2,0.1067,baja_categorica,1,1,1.0,1874,100.0,0.0,6.0,0.7652,0.0,0.0,0.0,,,0.0,,,,"[""6"", ""0""]","{""0"": 1635, ""6"": 239}"
municipalidades_2022,P94_7,large_string,integer,1874,0,0.0,0,0.0,0,0.0,1874,2,0.1067,baja_categorica,1,1,1.0,1874,100.0,0.0,7.0,0.127,0.0,0.0,0.0,,,0.0,,,,"[""0"", ""7""]","{""0"": 1840, ""7"": 34}"
municipalidades_2022,P94_7_O,large_string,text,1874,0,0.0,1840,98.1857,1840,98.1857,34,14,0.7471,baja_categorica,10,92,26.8235,0,0.0,,,,,,,,,0.0,,,,"[""MERCADOS ITINERANTES"", ""IMPLEMENTACION DE MERCADO ITINERANTE"", ""ASISTENCIA TECNICA"", ""REGISTRO Y FORMALIZACION DE ASOCIACIONES Y COOPERATIVAS"", ""CREACION DE PLATAFORMA MUNICOMERCIOBELLAVISTA""]","{""ASISTENCIA TECNICA"": 14, ""IMPLEMENTACION DE MERCADO ITINERANTE"": 4, ""PROCOMPITE"": 4, ""REGISTRO Y FORMALIZACION DE ASOCIACIONES Y COOPERATIVAS"": 2, ""MERCADOS ITINERANTES"": 1, ""CREACION DE PLATAFORMA MUNICOMERCIOBELLAVISTA"": 1, ""SEGUIMIENTO A TODOS LOS PRODUCTORES AGROPECUARIOS A NIVEL DISTRITAL PARA MEJORAR LA ECONOMIA"": 1, ""EXPOSICION ARTISTICA"": 1, ""NORMATIVAS EN BENEFICIO DE LOS ESTABLECIMIENTOS COMERCIALES"": 1, ""FORMALIZACION DE ASOCIACIONES"": 1}"
municipalidades_2022,P94_8,large_string,integer,1874,0,0.0,0,0.0,0,0.0,1874,2,0.1067,baja_categorica,1,1,1.0,1874,100.0,0.0,8.0,2.5656,0.0,8.0,8.0,0,0.0,0.0,,,,"[""0"", ""8""]","{""0"": 1273, ""8"": 601}"
municipalidades_2022,P94_9,large_string,integer,1874,0,0.0,0,0.0,0,0.0,1874,2,0.1067,baja_categorica,1,1,1.0,1874,100.0,0.0,9.0,1.6089,0.0,0.0,0.0,,,0.0,,,,"[""9"", ""0""]","{""0"": 1539, ""9"": 335}"
municipalidades_2022,VFI_P95,large_string,categorical_indicator,1874,0,0.0,0,0.0,0,0.0,1874,1,0.0534,baja_categorica,1,1,1.0,1874,100.0,1.0,1.0,1.0,1.0,1.0,0.0,,,0.0,,,,"[""1""]","{""1"": 1874}"
municipalidades_2022,P95_1,large_string,categorical_indicator,1874,0,0.0,0,0.0,0,0.0,1874,2,0.1067,baja_categorica,1,1,1.0,1874,100.0,0.0,1.0,0.2967,0.0,1.0,1.0,0,0.0,0.0,,,,"[""1"", ""0""]","{""0"": 1318, ""1"": 556}"
municipalidades_2022,P95_2,large_string,integer,1874,0,0.0,0,0.0,0,0.0,1874,2,0.1067,baja_categorica,1,1,1.0,1874,100.0,0.0,2.0,0.9125,0.0,2.0,2.0,0,0.0,0.0,,,,"[""2"", ""0""]","{""0"": 1019, ""2"": 855}"
municipalidades_2022,P95_3,large_string,integer,1874,0,0.0,0,0.0,0,0.0,1874,2,0.1067,baja_categorica,1,1,1.0,1874,100.0,0.0,3.0,0.5843,0.0,0.0,0.0,,,0.0,,,,"[""3"", ""0""]","{""0"": 1509, ""3"": 365}"
municipalidades_2022,P95_4,large_string,integer,1874,0,0.0,0,0.0,0,0.0,1874,2,0.1067,baja_categorica,1,1,1.0,1874,100.0,0.0,4.0,0.7705,0.0,0.0,0.0,,,0.0,,,,"[""4"", ""0""]","{""0"": 1513, ""4"": 361}"
municipalidades_2022,P95_5,large_string,integer,1874,0,0.0,0,0.0,0,0.0,1874,2,0.1067,baja_categorica,1,1,1.0,1874,100.0,0.0,5.0,0.0961,0.0,0.0,0.0,,,0.0,,,,"[""0"", ""5""]","{""0"": 1838, ""5"": 36}"
municipalidades_2022,P95_5_O,large_string,text,1874,0,0.0,1838,98.079,1838,98.079,36,21,1.1206,baja_categorica,10,72,33.9722,0,0.0,,,,,,,,,0.0,,,,"[""CONCURSO DE ARTESANOS"", ""RECONOCIMIENTO A ARTESANOS POR SU EMPRENDIMIENTO"", ""CASA ARTESANAL"", ""CREACION DEL COLOFAR"", ""INSCRIPCION AL REGISTRO NACIONAL DE ARTESANOS""]","{""INSCRIPCION AL REGISTRO NACIONAL DE ARTESANOS"": 10, ""CONCURSO DE ARTESANOS"": 7, ""CONSTRUCCION DEL CENTRO DE PROMOCION"": 1, ""APOYO PARA REGISTRO DE ARTESANIA"": 1, ""FIRMA DE CONVENIO CITE ALPACA"": 1, ""CONVENIO DE ARTESANIA ENTRE LA MPS Y MUNICIPALIDAD DISTRITAL DE CATACAOS"": 1, ""IMPLEMENTACION CONN EQUIPOS A MUJERES EMPRENDEDORAS MAQUINAS DE COSER"": 1, ""EXPOSICION"": 1, ""MEJORAMIENTO DE CENTRO ARTESANAL"": 1, ""SEMANA TURISTICA DE NASCA"": 1}"
municipalidades_2022,P95_6,large_string,integer,1874,0,0.0,0,0.0,0,0.0,1874,2,0.1067,baja_categorica,1,1,1.0,1874,100.0,0.0,6.0,2.5518,0.0,6.0,6.0,0,0.0,0.0,,,,"[""0"", ""6""]","{""0"": 1077, ""6"": 797}"
municipalidades_2022,P95_7,large_string,integer,1874,0,0.0,0,0.0,0,0.0,1874,2,0.1067,baja_categorica,1,1,1.0,1874,100.0,0.0,7.0,0.6089,0.0,0.0,0.0,,,0.0,,,,"[""7"", ""0""]","{""0"": 1711, ""7"": 163}"
municipalidades_2022,VFI_P96,large_string,categorical_indicator,1874,0,0.0,0,0.0,0,0.0,1874,1,0.0534,baja_categorica,1,1,1.0,1874,100.0,1.0,1.0,1.0,1.0,1.0,0.0,,,0.0,,,,"[""1""]","{""1"": 1874}"
municipalidades_2022,P96,large_string,integer,1874,0,0.0,0,0.0,0,0.0,1874,2,0.1067,baja_categorica,1,1,1.0,1874,100.0,1.0,2.0,1.2823,1.0,2.0,1.0,0,0.0,0.0,,,,"[""1"", ""2""]","{""1"": 1345, ""2"": 529}"
municipalidades_2022,VFI_P97,large_string,categorical_indicator,1874,0,0.0,0,0.0,0,0.0,1874,1,0.0534,baja_categorica,1,1,1.0,1874,100.0,1.0,1.0,1.0,1.0,1.0,0.0,,,0.0,,,,"[""1""]","{""1"": 1874}"
municipalidades_2022,P97_1,large_string,categorical_indicator,1874,0,0.0,0,0.0,0,0.0,1874,2,0.1067,baja_categorica,1,1,1.0,1874,100.0,0.0,1.0,0.0774,0.0,0.0,0.0,,,0.0,,,,"[""0"", ""1""]","{""0"": 1729, ""1"": 145}"
municipalidades_2022,P97_2,large_string,integer,1874,0,0.0,0,0.0,0,0.0,1874,2,0.1067,baja_categorica,1,1,1.0,1874,100.0,0.0,2.0,0.7086,0.0,2.0,2.0,0,0.0,0.0,,,,"[""2"", ""0""]","{""0"": 1210, ""2"": 664}"
municipalidades_2022,P97_3,large_string,integer,1874,0,0.0,0,0.0,0,0.0,1874,2,0.1067,baja_categorica,1,1,1.0,1874,100.0,0.0,3.0,0.3058,0.0,0.0,0.0,,,0.0,,,,"[""0"", ""3""]","{""0"": 1683, ""3"": 191}"
municipalidades_2022,P97_4,large_string,integer,1874,0,0.0,0,0.0,0,0.0,1874,2,0.1067,baja_categorica,1,1,1.0,1874,100.0,0.0,4.0,0.7343,0.0,0.0,0.0,,,0.0,,,,"[""4"", ""0""]","{""0"": 1530, ""4"": 344}"
municipalidades_2022,P97_5,large_string,integer,1874,0,0.0,0,0.0,0,0.0,1874,2,0.1067,baja_categorica,1,1,1.0,1874,100.0,0.0,5.0,2.3559,0.0,5.0,5.0,0,0.0,0.0,,,,"[""5"", ""0""]","{""0"": 991, ""5"": 883}"
municipalidades_2022,P97_6,large_string,integer,1874,0,0.0,0,0.0,0,0.0,1874,2,0.1067,baja_categorica,1,1,1.0,1874,100.0,0.0,6.0,3.4707,0.0,6.0,6.0,0,0.0,0.0,,,,"[""6"", ""0""]","{""6"": 1084, ""0"": 790}"
municipalidades_2022,P97_7,large_string,integer,1874,0,0.0,0,0.0,0,0.0,1874,2,0.1067,baja_categorica,1,1,1.0,1874,100.0,0.0,7.0,2.4989,0.0,7.0,7.0,0,0.0,0.0,,,,"[""7"", ""0""]","{""0"": 1205, ""7"": 669}"
municipalidades_2022,P97_8,large_string,integer,1874,0,0.0,0,0.0,0,0.0,1874,2,0.1067,baja_categorica,1,1,1.0,1874,100.0,0.0,8.0,3.3426,0.0,8.0,8.0,0,0.0,0.0,,,,"[""8"", ""0""]","{""0"": 1091, ""8"": 783}"
municipalidades_2022,P97_9,large_string,integer,1874,0,0.0,0,0.0,0,0.0,1874,2,0.1067,baja_categorica,1,1,1.0,1874,100.0,0.0,9.0,0.0768,0.0,0.0,0.0,,,0.0,,,,"[""0"", ""9""]","{""0"": 1858, ""9"": 16}"
municipalidades_2022,P97_9_O,large_string,text,1874,0,0.0,1858,99.1462,1858,99.1462,16,9,0.4803,baja_categorica,9,80,34.875,0,0.0,,,,,,,,,0.0,,,,"[""RESIDUOS DE ACTIVIDADES DE CONSTRUCCION"", ""DESLIZAMIENTOS DE TIERRA"", ""POLVAREDA"", ""EMISION DE GASES COMO EL SULFURO DE HIDROGENO POR PROLIFERACION DE ALGAS MARINAS"", ""EMANACION DE GASES DE ESTABLECIMIENTOS COMERCIALES""]","{""EMANACION DE GASES DE ESTABLECIMIENTOS COMERCIALES"": 4, ""RESIDUOS DE ACTIVIDADES DE CONSTRUCCION"": 3, ""POLVAREDA"": 2, ""CONTAMINACION POR PARTICULAS"": 2, ""DESLIZAMIENTOS DE TIERRA"": 1, ""EMISION DE GASES COMO EL SULFURO DE HIDROGENO POR PROLIFERACION DE ALGAS MARINAS"": 1, ""CONTAMINACION LUMINICA"": 1, ""EMANACION DE GAS VOLCANICO"": 1, ""USO DE QUIMICOS"": 1}"
municipalidades_2022,P97_10,large_string,integer,1874,0,0.0,0,0.0,0,0.0,1874,2,0.1067,baja_categorica,1,2,1.0715,1874,100.0,0.0,10.0,0.715,0.0,0.0,0.0,,,0.0,,,,"[""0"", ""10""]","{""0"": 1740, ""10"": 134}"
municipalidades_2022,VFI_P98,large_string,categorical_indicator,1874,0,0.0,0,0.0,0,0.0,1874,1,0.0534,baja_categorica,1,1,1.0,1874,100.0,1.0,1.0,1.0,1.0,1.0,0.0,,,0.0,,,,"[""1""]","{""1"": 1874}"
municipalidades_2022,P98_1,large_string,categorical_indicator,1874,0,0.0,0,0.0,0,0.0,1874,2,0.1067,baja_categorica,1,1,1.0,1874,100.0,0.0,1.0,0.1281,0.0,0.0,0.0,,,0.0,,,,"[""0"", ""1""]","{""0"": 1634, ""1"": 240}"
municipalidades_2022,P98_2,large_string,integer,1874,0,0.0,0,0.0,0,0.0,1874,2,0.1067,baja_categorica,1,1,1.0,1874,100.0,0.0,2.0,0.2209,0.0,0.0,0.0,,,0.0,,,,"[""0"", ""2""]","{""0"": 1667, ""2"": 207}"
municipalidades_2022,P98_3,large_string,integer,1874,0,0.0,0,0.0,0,0.0,1874,2,0.1067,baja_categorica,1,1,1.0,1874,100.0,0.0,3.0,0.405,0.0,0.0,0.0,,,0.0,,,,"[""0"", ""3""]","{""0"": 1621, ""3"": 253}"
municipalidades_2022,P98_4,large_string,integer,1874,0,0.0,0,0.0,0,0.0,1874,2,0.1067,baja_categorica,1,1,1.0,1874,100.0,0.0,4.0,0.3501,0.0,0.0,0.0,,,0.0,,,,"[""0"", ""4""]","{""0"": 1710, ""4"": 164}"
municipalidades_2022,P98_5,large_string,integer,1874,0,0.0,0,0.0,0,0.0,1874,2,0.1067,baja_categorica,1,1,1.0,1874,100.0,0.0,5.0,4.0235,5.0,5.0,0.0,,,0.0,,,,"[""5"", ""0""]","{""5"": 1508, ""0"": 366}"
municipalidades_2022,P98_6,large_string,integer,1874,0,0.0,0,0.0,0,0.0,1874,2,0.1067,baja_categorica,1,1,1.0,1874,100.0,0.0,6.0,2.1291,0.0,6.0,6.0,0,0.0,0.0,,,,"[""6"", ""0""]","{""0"": 1209, ""6"": 665}"
municipalidades_2022,P98_7,large_string,integer,1874,0,0.0,0,0.0,0,0.0,1874,2,0.1067,baja_categorica,1,1,1.0,1874,100.0,0.0,7.0,0.0859,0.0,0.0,0.0,,,0.0,,,,"[""0"", ""7""]","{""0"": 1851, ""7"": 23}"
municipalidades_2022,P98_8,large_string,integer,1874,0,0.0,0,0.0,0,0.0,1874,2,0.1067,baja_categorica,1,1,1.0,1874,100.0,0.0,8.0,0.1025,0.0,0.0,0.0,,,0.0,,,,"[""0"", ""8""]","{""0"": 1850, ""8"": 24}"
municipalidades_2022,P98_9,large_string,integer,1874,0,0.0,0,0.0,0,0.0,1874,2,0.1067,baja_categorica,1,1,1.0,1874,100.0,0.0,9.0,0.1057,0.0,0.0,0.0,,,0.0,,,,"[""0"", ""9""]","{""0"": 1852, ""9"": 22}"
municipalidades_2022,P98_10,large_string,integer,1874,0,0.0,0,0.0,0,0.0,1874,2,0.1067,baja_categorica,1,2,1.0123,1874,100.0,0.0,10.0,0.1227,0.0,0.0,0.0,,,0.0,,,,"[""0"", ""10""]","{""0"": 1851, ""10"": 23}"
municipalidades_2022,P98_10_O,large_string,text,1874,0,0.0,1851,98.7727,1851,98.7727,23,4,0.2134,baja_categorica,20,68,36.3043,0,0.0,,,,,,,,,0.0,,,,"[""REGLAMENTO DE SUPERVISION AMBIENTAL"", ""PROGRAMA LOCAL DE VIGILANCIA Y MONITOREO DE LA CONTAMINCACIÓN SONORA"", ""PLAN DE ACCION BIOAY"", ""REGLAMENTO DE ATENCION DE DENUNCIAS AMBIENTALES""]","{""REGLAMENTO DE SUPERVISION AMBIENTAL"": 20, ""PROGRAMA LOCAL DE VIGILANCIA Y MONITOREO DE LA CONTAMINCACIÓN SONORA"": 1, ""PLAN DE ACCION BIOAY"": 1, ""REGLAMENTO DE ATENCION DE DENUNCIAS AMBIENTALES"": 1}"
municipalidades_2022,P98_11,large_string,integer,1874,0,0.0,0,0.0,0,0.0,1874,2,0.1067,baja_categorica,1,2,1.1238,1874,100.0,0.0,11.0,1.3618,0.0,0.0,0.0,,,0.0,,,,"[""0"", ""11""]","{""0"": 1642, ""11"": 232}"
municipalidades_2022,VFI_P99,large_string,categorical_indicator,1874,0,0.0,0,0.0,0,0.0,1874,1,0.0534,baja_categorica,1,1,1.0,1874,100.0,1.0,1.0,1.0,1.0,1.0,0.0,,,0.0,,,,"[""1""]","{""1"": 1874}"
municipalidades_2022,P99_1,large_string,categorical_indicator,1874,0,0.0,0,0.0,0,0.0,1874,2,0.1067,baja_categorica,1,1,1.0,1874,100.0,0.0,1.0,0.5961,0.0,1.0,1.0,0,0.0,0.0,,,,"[""1"", ""0""]","{""1"": 1117, ""0"": 757}"
municipalidades_2022,P99_2,large_string,integer,1874,0,0.0,0,0.0,0,0.0,1874,2,0.1067,baja_categorica,1,1,1.0,1874,100.0,0.0,2.0,0.4365,0.0,0.0,0.0,,,0.0,,,,"[""2"", ""0""]","{""0"": 1465, ""2"": 409}"
municipalidades_2022,P99_3,large_string,integer,1874,0,0.0,0,0.0,0,0.0,1874,2,0.1067,baja_categorica,1,1,1.0,1874,100.0,0.0,3.0,0.5251,0.0,0.0,0.0,,,0.0,,,,"[""3"", ""0""]","{""0"": 1546, ""3"": 328}"
municipalidades_2022,P99_4,large_string,integer,1874,0,0.0,0,0.0,0,0.0,1874,2,0.1067,baja_categorica,1,1,1.0,1874,100.0,0.0,4.0,0.5955,0.0,0.0,0.0,,,0.0,,,,"[""4"", ""0""]","{""0"": 1595, ""4"": 279}"
municipalidades_2022,P99_5,large_string,integer,1874,0,0.0,0,0.0,0,0.0,1874,2,0.1067,baja_categorica,1,1,1.0,1874,100.0,0.0,5.0,0.4989,0.0,0.0,0.0,,,0.0,,,,"[""0"", ""5""]","{""0"": 1687, ""5"": 187}"
municipalidades_2022,P99_6,large_string,integer,1874,0,0.0,0,0.0,0,0.0,1874,2,0.1067,baja_categorica,1,1,1.0,1874,100.0,0.0,6.0,0.8613,0.0,0.0,0.0,,,0.0,,,,"[""0"", ""6""]","{""0"": 1605, ""6"": 269}"
municipalidades_2022,P99_7,large_string,integer,1874,0,0.0,0,0.0,0,0.0,1874,2,0.1067,baja_categorica,1,1,1.0,1874,100.0,0.0,7.0,3.4477,0.0,7.0,7.0,0,0.0,0.0,,,,"[""7"", ""0""]","{""0"": 951, ""7"": 923}"
municipalidades_2022,P99_8,large_string,integer,1874,0,0.0,0,0.0,0,0.0,1874,2,0.1067,baja_categorica,1,1,1.0,1874,100.0,0.0,8.0,2.9626,0.0,8.0,8.0,0,0.0,0.0,,,,"[""8"", ""0""]","{""0"": 1180, ""8"": 694}"
municipalidades_2022,P99_9,large_string,integer,1874,0,0.0,0,0.0,0,0.0,1874,2,0.1067,baja_categorica,1,1,1.0,1874,100.0,0.0,9.0,1.3879,0.0,0.0,0.0,,,0.0,,,,"[""9"", ""0""]","{""0"": 1585, ""9"": 289}"
municipalidades_2022,P99_10,large_string,integer,1874,0,0.0,0,0.0,0,0.0,1874,2,0.1067,baja_categorica,1,2,1.0192,1874,100.0,0.0,10.0,0.1921,0.0,0.0,0.0,,,0.0,,,,"[""0"", ""10""]","{""0"": 1838, ""10"": 36}"
municipalidades_2022,P99_10_O,large_string,text,1874,0,0.0,1838,98.079,1838,98.079,36,26,1.3874,baja_categorica,9,45,25.2222,0,0.0,,,,,,,,,0.0,,,,"[""MONITOREO DE LA CALIDAD DE AGUA SUPERFICIAL"", ""EVALUACION DE AGUAS RESIDUALES"", ""SUPERVISION AMBIENTAL DE RESIDUOS SOLIDOS"", ""MONITOREO DEL AIRE Y AGUA"", ""RECICLAJE""]","{""JORNADAS DE LIMPIEZA"": 3, ""SUPERVISION AMBIENTAL"": 3, ""REFORESTACION"": 3, ""SUPERVISION AMBIENTAL DE RESIDUOS SOLIDOS"": 2, ""RECICLAJE"": 2, ""SUPERVISION A LOS ADMISTRADOS"": 2, ""FISCALIZACION AMBIENTAL"": 2, ""MONITOREO DE GASES DE COMBUSTION"": 1, ""COMPOSTAJE"": 1, ""PLANTACION DE QUINUALES"": 1}"
municipalidades_2022,P99_11,large_string,integer,1874,0,0.0,0,0.0,0,0.0,1874,2,0.1067,baja_categorica,1,2,1.1761,1874,100.0,0.0,11.0,1.937,0.0,0.0,0.0,,,0.0,,,,"[""0"", ""11""]","{""0"": 1544, ""11"": 330}"
municipalidades_2022,VFI_P100,large_string,categorical_indicator,1874,0,0.0,0,0.0,0,0.0,1874,1,0.0534,baja_categorica,1,1,1.0,1874,100.0,1.0,1.0,1.0,1.0,1.0,0.0,,,0.0,,,,"[""1""]","{""1"": 1874}"
municipalidades_2022,P100_1,large_string,categorical_indicator,1874,0,0.0,0,0.0,0,0.0,1874,2,0.1067,baja_categorica,1,1,1.0,1874,100.0,0.0,1.0,0.3116,0.0,1.0,1.0,0,0.0,0.0,,,,"[""1"", ""0""]","{""0"": 1290, ""1"": 584}"
municipalidades_2022,P100_2,large_string,integer,1874,0,0.0,0,0.0,0,0.0,1874,2,0.1067,baja_categorica,1,1,1.0,1874,100.0,0.0,2.0,0.4653,0.0,0.0,0.0,,,0.0,,,,"[""0"", ""2""]","{""0"": 1438, ""2"": 436}"
municipalidades_2022,P100_3,large_string,integer,1874,0,0.0,0,0.0,0,0.0,1874,2,0.1067,baja_categorica,1,1,1.0,1874,100.0,0.0,3.0,0.1793,0.0,0.0,0.0,,,0.0,,,,"[""0"", ""3""]","{""0"": 1762, ""3"": 112}"
municipalidades_2022,P100_4,large_string,integer,1874,0,0.0,0,0.0,0,0.0,1874,2,0.1067,baja_categorica,1,1,1.0,1874,100.0,0.0,4.0,3.0224,4.0,4.0,0.0,,,0.0,,,,"[""4"", ""0""]","{""4"": 1416, ""0"": 458}"
municipalidades_2022,P100_5,large_string,integer,1874,0,0.0,0,0.0,0,0.0,1874,2,0.1067,baja_categorica,1,1,1.0,1874,100.0,0.0,5.0,1.3607,0.0,5.0,5.0,0,0.0,0.0,,,,"[""0"", ""5""]","{""0"": 1364, ""5"": 510}"
municipalidades_2022,P100_6,large_string,integer,1874,0,0.0,0,0.0,0,0.0,1874,2,0.1067,baja_categorica,1,1,1.0,1874,100.0,0.0,6.0,3.5987,0.0,6.0,6.0,0,0.0,0.0,,,,"[""6"", ""0""]","{""6"": 1124, ""0"": 750}"
municipalidades_2022,P100_7,large_string,integer,1874,0,0.0,0,0.0,0,0.0,1874,2,0.1067,baja_categorica,1,1,1.0,1874,100.0,0.0,7.0,2.5363,0.0,7.0,7.0,0,0.0,0.0,,,,"[""7"", ""0""]","{""0"": 1195, ""7"": 679}"
municipalidades_2022,P100_8,large_string,integer,1874,0,0.0,0,0.0,0,0.0,1874,2,0.1067,baja_categorica,1,1,1.0,1874,100.0,0.0,8.0,1.3191,0.0,0.0,0.0,,,0.0,,,,"[""8"", ""0""]","{""0"": 1565, ""8"": 309}"
municipalidades_2022,P100_9,large_string,integer,1874,0,0.0,0,0.0,0,0.0,1874,2,0.1067,baja_categorica,1,1,1.0,1874,100.0,0.0,9.0,1.7145,0.0,0.0,0.0,,,0.0,,,,"[""9"", ""0""]","{""0"": 1517, ""9"": 357}"
municipalidades_2022,P100_10,large_string,integer,1874,0,0.0,0,0.0,0,0.0,1874,2,0.1067,baja_categorica,1,2,1.5112,1874,100.0,0.0,10.0,5.1121,0.0,10.0,10.0,0,0.0,0.0,,,,"[""10"", ""0""]","{""10"": 958, ""0"": 916}"
municipalidades_2022,P100_11,large_string,integer,1874,0,0.0,0,0.0,0,0.0,1874,2,0.1067,baja_categorica,1,2,1.0197,1874,100.0,0.0,11.0,0.2172,0.0,0.0,0.0,,,0.0,,,,"[""0"", ""11""]","{""0"": 1837, ""11"": 37}"
municipalidades_2022,P100_11_O,large_string,text,1874,0,0.0,1837,98.0256,1837,98.0256,37,5,0.2668,baja_categorica,14,27,18.7027,0,0.0,,,,,,,,,0.0,,,,"[""CONSULTA CIUDADANA"", ""COMITE DE VIGILANCIA"", ""RONDAS URBANAS"", ""COMITE DE TURISMO"", ""COMITE DE GESTION AMBIENTAL""]","{""COMITE DE VIGILANCIA"": 14, ""CONSULTA CIUDADANA"": 12, ""RONDAS URBANAS"": 7, ""COMITE DE GESTION AMBIENTAL"": 3, ""COMITE DE TURISMO"": 1}"
municipalidades_2022,P100_12,large_string,integer,1874,0,0.0,0,0.0,0,0.0,1874,2,0.1067,baja_categorica,1,2,1.0795,1874,100.0,0.0,12.0,0.9541,0.0,0.0,0.0,,,0.0,,,,"[""0"", ""12""]","{""0"": 1725, ""12"": 149}"
municipalidades_2022,VFI_P101,large_string,categorical_indicator,1874,0,0.0,0,0.0,0,0.0,1874,1,0.0534,baja_categorica,1,1,1.0,1874,100.0,1.0,1.0,1.0,1.0,1.0,0.0,,,0.0,,,,"[""1""]","{""1"": 1874}"
municipalidades_2022,P101_1,large_string,categorical_indicator,1874,0,0.0,0,0.0,0,0.0,1874,2,0.1067,baja_categorica,1,1,1.0,1874,100.0,0.0,1.0,0.2978,0.0,1.0,1.0,0,0.0,0.0,,,,"[""0"", ""1""]","{""0"": 1316, ""1"": 558}"
municipalidades_2022,P101_2,large_string,integer,1874,0,0.0,0,0.0,0,0.0,1874,2,0.1067,baja_categorica,1,1,1.0,1874,100.0,0.0,2.0,0.6574,0.0,2.0,2.0,0,0.0,0.0,,,,"[""0"", ""2""]","{""0"": 1258, ""2"": 616}"
municipalidades_2022,P101_3,large_string,integer,1874,0,0.0,0,0.0,0,0.0,1874,2,0.1067,baja_categorica,1,1,1.0,1874,100.0,0.0,3.0,0.834,0.0,3.0,3.0,0,0.0,0.0,,,,"[""0"", ""3""]","{""0"": 1353, ""3"": 521}"
municipalidades_2022,P101_4,large_string,integer,1874,0,0.0,0,0.0,0,0.0,1874,2,0.1067,baja_categorica,1,1,1.0,1874,100.0,0.0,4.0,1.095,0.0,4.0,4.0,0,0.0,0.0,,,,"[""4"", ""0""]","{""0"": 1361, ""4"": 513}"
municipalidades_2022,P101_5,large_string,integer,1874,0,0.0,0,0.0,0,0.0,1874,2,0.1067,baja_categorica,1,1,1.0,1874,100.0,0.0,5.0,0.627,0.0,0.0,0.0,,,0.0,,,,"[""0"", ""5""]","{""0"": 1639, ""5"": 235}"
municipalidades_2022,P101_5_O,large_string,categorical_text,1874,0,0.0,1641,87.5667,1641,87.5667,233,5,0.2668,baja_categorica,13,53,28.1845,0,0.0,,,,,,,,,0.0,,,,"[""COMANDO COVID"", ""INSTANCIA DE ARTICULACION LOCAL"", ""CONSEJO DE COORDINACION LOCAL"", ""MESA DE CONCERTACION PARA EL DESARROLLO MUNICIPAL"", ""CONSEJO METROPOLITANO DE PARTICIPACION DE LA JUVENTUD""]","{""INSTANCIA DE ARTICULACION LOCAL"": 79, ""COMANDO COVID"": 62, ""CONSEJO DE COORDINACION LOCAL"": 60, ""MESA DE CONCERTACION PARA EL DESARROLLO MUNICIPAL"": 31, ""CONSEJO METROPOLITANO DE PARTICIPACION DE LA JUVENTUD"": 1}"
municipalidades_2022,P101_6,large_string,integer,1874,0,0.0,0,0.0,0,0.0,1874,2,0.1067,baja_categorica,1,1,1.0,1874,100.0,0.0,6.0,1.8314,0.0,6.0,6.0,0,0.0,0.0,,,,"[""0"", ""6""]","{""0"": 1302, ""6"": 572}"
municipalidades_2022,VFI_P102,large_string,categorical_indicator,1874,0,0.0,0,0.0,0,0.0,1874,1,0.0534,baja_categorica,1,1,1.0,1874,100.0,1.0,1.0,1.0,1.0,1.0,0.0,,,0.0,,,,"[""1""]","{""1"": 1874}"
municipalidades_2022,P102,large_string,integer,1874,0,0.0,0,0.0,0,0.0,1874,2,0.1067,baja_categorica,1,1,1.0,1874,100.0,1.0,2.0,1.6713,1.0,2.0,1.0,0,0.0,0.0,,,,"[""1"", ""2""]","{""2"": 1258, ""1"": 616}"
municipalidades_2022,P102_1_T,large_string,integer,1874,0,0.0,1258,67.1291,1258,67.1291,616,104,5.5496,media,1,4,1.6916,616,100.0,1.0,1184.0,35.8977,6.0,30.0,24.0,73,11.8506,0.0,,,,"[""11"", ""18"", ""3"", ""60"", ""12""]","{""10"": 65, ""5"": 51, ""4"": 37, ""6"": 36, ""8"": 28, ""12"": 28, ""20"": 28, ""2"": 22, ""7"": 20, ""3"": 19}"
municipalidades_2022,P102_1_M,large_string,integer,1874,0,0.0,1258,67.1291,1258,67.1291,616,69,3.682,baja_categorica,1,3,1.3117,616,100.0,0.0,768.0,14.2987,2.0,10.0,8.0,85,13.7987,0.0,,,,"[""9"", ""8"", ""1"", ""20"", ""2""]","{""2"": 92, ""3"": 77, ""1"": 74, ""0"": 56, ""4"": 45, ""5"": 38, ""10"": 24, ""6"": 23, ""20"": 18, ""8"": 15}"
municipalidades_2022,P102_1_H,large_string,integer,1874,0,0.0,1258,67.1291,1258,67.1291,616,85,4.5358,baja_categorica,1,3,1.4481,616,100.0,0.0,650.0,21.599,3.0,18.0,15.0,73,11.8506,0.0,,,,"[""2"", ""10"", ""40"", ""1"", ""7""]","{""3"": 62, ""2"": 57, ""4"": 49, ""5"": 46, ""7"": 33, ""6"": 31, ""8"": 29, ""1"": 29, ""11"": 17, ""10"": 17}"
municipalidades_2022,P102_2,large_string,integer,1874,0,0.0,1258,67.1291,1258,67.1291,616,2,0.1067,baja_categorica,1,1,1.0,616,100.0,1.0,2.0,1.125,1.0,1.0,0.0,,,0.0,,,,"[""2"", ""1""]","{""1"": 539, ""2"": 77}"
municipalidades_2022,VFI_C96,large_string,categorical_indicator,1874,0,0.0,0,0.0,0,0.0,1874,1,0.0534,baja_categorica,1,1,1.0,1874,100.0,1.0,1.0,1.0,1.0,1.0,0.0,,,0.0,,,,"[""1""]","{""1"": 1874}"
municipalidades_2022,C96,large_string,text,1874,0,0.0,0,0.0,0,0.0,1874,1874,100.0,alta_posible_identificador,7,13,10.3367,16,0.8538,1873200.0,19958122.0,7971014.9375,3058838.0,11239156.0,8180318.0,0,0.0,0.0,,,,"[""31477166,86"", ""1265551,6"", ""1376502,78"", ""2083770,19"", ""1347598,51""]","{""31477166,86"": 1, ""2012881,38"": 1, ""16944669,12"": 1, ""8794201,84"": 1, ""8755529,19"": 1, ""7411333,99"": 1, ""32046225,47"": 1, ""2943969,81"": 1, ""9168089,91"": 1, ""7095009,7"": 1}"
municipalidades_2022,C96_1,large_string,text,1874,0,0.0,0,0.0,0,0.0,1874,1874,100.0,alta_posible_identificador,3,12,8.8463,24,1.2807,185.0,81809193.0,6080736.4167,106063.0,3886966.5,3780903.5,3,12.5,0.0,,,,"[""7797858,4"", ""317,32"", ""173966,23"", ""1051,27"", ""86346,01""]","{""7797858,4"": 1, ""619344,53"": 1, ""1764024,29"": 1, ""797300,2"": 1, ""1122639,55"": 1, ""1852926,77"": 1, ""11067619,08"": 1, ""762279,71"": 1, ""539845,19"": 1, ""890831,34"": 1}"
municipalidades_2022,C96_1_1,large_string,text,1874,0,0.0,0,0.0,0,0.0,1874,1393,74.333,media_alta,1,12,6.048,613,32.7108,0.0,39884647.0,74429.1631,0.0,0.0,0.0,,,0.0,,,,"[""2789402,79"", ""0"", ""56,66"", ""16103,5"", ""6437,07""]","{""0"": 481, ""840"": 2, ""21603911,7"": 1, ""3318646,26"": 1, ""7718833,31"": 1, ""20678278,4"": 1, ""26247041,12"": 1, ""24119115,43"": 1, ""155988965,23"": 1, ""2698221"": 1}"
municipalidades_2022,C96_1_1_1,large_string,text,1874,0,0.0,0,0.0,0,0.0,1874,1389,74.1195,media_alta,1,12,5.9728,623,33.2444,0.0,10162701.0,32581.1766,0.0,0.0,0.0,,,0.0,,,,"[""2321250,69"", ""0"", ""56,66"", ""15062,5"", ""6437,07""]","{""0"": 484, ""836,9"": 2, ""840"": 2, ""2222905,62"": 1, ""2987278,67"": 1, ""6381298,85"": 1, ""18219128,37"": 1, ""22581717,69"": 1, ""20027552,41"": 1, ""117316981,42"": 1}"
municipalidades_2022,C96_1_1_2,large_string,text,1874,0,0.0,0,0.0,0,0.0,1874,759,40.5016,media,1,12,3.5891,1273,67.9296,0.0,397276.0,1944.1673,0.0,0.0,0.0,,,0.0,,,,"[""316129,2"", ""0"", ""1041"", ""360"", ""193776,52""]","{""0"": 1088, ""180"": 6, ""1080"": 5, ""360"": 3, ""780"": 3, ""2280"": 3, ""1980"": 3, ""1680"": 3, ""690"": 2, ""8100"": 2}"
municipalidades_2022,C96_1_1_3,large_string,categorical_text,1874,0,0.0,0,0.0,0,0.0,1874,160,8.5379,media,1,12,1.572,1726,92.1025,0.0,390450.0,541.2132,0.0,0.0,0.0,,,0.0,,,,"[""119952,77"", ""0"", ""36697,25"", ""6167,6"", ""5660,75""]","{""0"": 1715, ""119952,77"": 1, ""2257889,98"": 1, ""84800,72"": 1, ""248358,39"": 1, ""218154799,25"": 1, ""244058,93"": 1, ""584"": 1, ""9449,5"": 1, ""261941,4"": 1}"
municipalidades_2022,C96_1_1_4,large_string,integer,1874,0,0.0,0,0.0,0,0.0,1874,19,1.0139,baja_categorica,1,10,1.0635,1856,99.0395,0.0,0.0,0.0,0.0,0.0,0.0,,,0.0,,,,"[""0"", ""4367,05"", ""1485,02"", ""2413,46"", ""12,3""]","{""0"": 1856, ""157906,27"": 1, ""229,49"": 1, ""27790,7"": 1, ""41105,76"": 1, ""406257,95"": 1, ""55921,03"": 1, ""249686,78"": 1, ""19615,49"": 1, ""17855,78"": 1}"
municipalidades_2022,C96_1_1_5,large_string,integer,1874,0,0.0,0,0.0,0,0.0,1874,21,1.1206,baja_categorica,1,10,1.0592,1857,99.0928,0.0,966.0,0.6677,0.0,0.0,0.0,,,0.0,,,,"[""0"", ""119,01"", ""8388,57"", ""151,28"", ""19935,46""]","{""0"": 1854, ""42"": 1, ""966"": 1, ""948,27"": 1, ""1067,11"": 1, ""194,1"": 1, ""12820,52"": 1, ""3443,01"": 1, ""232"": 1, ""3201635,77"": 1}"
municipalidades_2022,C96_1_1_6,large_string,categorical_text,1874,0,0.0,0,0.0,0,0.0,1874,159,8.4845,media,1,9,1.4146,1763,94.0768,0.0,673602.0,446.1951,0.0,0.0,0.0,,,0.0,,,,"[""0"", ""400"", ""2821"", ""5700"", ""2622,5""]","{""0"": 1713, ""400"": 2, ""780"": 2, ""1800"": 2, ""83,5"": 1, ""431,2"": 1, ""20"": 1, ""23878,52"": 1, ""28060,05"": 1, ""2660"": 1}"
municipalidades_2022,C96_1_1_7,large_string,categorical_text,1874,0,0.0,0,0.0,0,0.0,1874,131,6.9904,media,1,11,1.5091,1744,93.063,0.0,255881.0,156.332,0.0,0.0,0.0,,,0.0,,,,"[""10099,61"", ""0"", ""64551,28"", ""8456,86"", ""336245,96""]","{""0"": 1740, ""200,3"": 2, ""5159,26"": 2, ""7856,56"": 2, ""5997,29"": 2, ""142715,9"": 1, ""323996,91"": 1, ""1520472,96"": 1, ""82708,35"": 1, ""516496,29"": 1}"
municipalidades_2022,C96_1_1_8,large_string,text,1874,0,0.0,0,0.0,0,0.0,1874,359,19.1569,media,1,11,2.191,1544,82.3906,0.0,1330903.0,3248.2753,0.0,0.0,0.0,,,0.0,,,,"[""21970,52"", ""0"", ""53885,83"", ""233053,2"", ""173770,58""]","{""0"": 1516, ""81155,29"": 1, ""108423,81"": 1, ""1330903"": 1, ""275232,51"": 1, ""261635,28"": 1, ""848081,52"": 1, ""5948,56"": 1, ""17788,01"": 1, ""195"": 1}"
municipalidades_2022,C96_1_2,large_string,text,1874,0,0.0,0,0.0,0,0.0,1874,1688,90.0747,media_alta,1,12,6.9642,467,24.92,0.0,2299067.0,24524.848,0.0,15000.0,15000.0,64,13.7045,0.0,,,,"[""3465598,87"", ""0"", ""5118,81"", ""363"", ""1230,7""]","{""0"": 182, ""300"": 2, ""10000"": 2, ""5000"": 2, ""450"": 2, ""15000"": 2, ""3465598,87"": 1, ""1313"": 1, ""3323110,74"": 1, ""219814,36"": 1}"
municipalidades_2022,C96_1_2_1,large_string,text,1874,0,0.0,0,0.0,0,0.0,1874,1532,81.7503,media_alta,1,10,5.0576,903,48.1857,0.0,1365431.0,10134.9225,0.0,3976.0,3976.0,113,12.5138,0.0,,,,"[""23499,35"", ""0"", ""353"", ""15"", ""1155""]","{""0"": 304, ""230"": 3, ""785"": 3, ""30"": 3, ""590"": 3, ""752"": 2, ""12042"": 2, ""165"": 2, ""1995"": 2, ""960"": 2}"
municipalidades_2022,C96_1_2_2,large_string,text,1874,0,0.0,0,0.0,0,0.0,1874,204,10.8858,media,1,8,1.4184,1757,93.7567,0.0,192796.0,331.3705,0.0,0.0,0.0,,,0.0,,,,"[""21937,2"", ""0"", ""30"", ""665,4"", ""2069,2""]","{""0"": 1658, ""10"": 4, ""60"": 4, ""5"": 3, ""50"": 2, ""30"": 2, ""90"": 2, ""200"": 2, ""125"": 2, ""420"": 1}"
municipalidades_2022,C96_1_2_3,large_string,text,1874,0,0.0,0,0.0,0,0.0,1874,318,16.9691,media,1,9,1.7641,1704,90.9285,0.0,117118.0,1070.9372,0.0,0.0,0.0,,,0.0,,,,"[""0"", ""4046,4"", ""105777,61"", ""730"", ""77910""]","{""0"": 1548, ""1500"": 2, ""216"": 2, ""300"": 2, ""45"": 2, ""80"": 2, ""50"": 2, ""500"": 2, ""25"": 2, ""150"": 2}"
municipalidades_2022,C96_1_2_4,large_string,text,1874,0,0.0,0,0.0,0,0.0,1874,969,51.7076,media_alta,1,10,3.6686,1193,63.6606,0.0,503919.0,3088.2875,0.0,80.0,80.0,258,21.6262,0.0,,,,"[""152707,6"", ""0"", ""1267,3"", ""450"", ""109,2""]","{""0"": 848, ""20"": 7, ""80"": 7, ""100"": 5, ""50"": 5, ""200"": 5, ""150"": 4, ""30"": 4, ""240"": 4, ""35"": 3}"
municipalidades_2022,C96_1_2_5,large_string,text,1874,0,0.0,0,0.0,0,0.0,1874,312,16.6489,media,1,10,1.6574,1717,91.6222,0.0,691791.0,1747.332,0.0,0.0,0.0,,,0.0,,,,"[""2582,74"", ""0"", ""6400,51"", ""740"", ""4982""]","{""0"": 1535, ""30"": 5, ""5"": 4, ""10"": 4, ""20"": 3, ""50"": 3, ""60"": 3, ""600"": 3, ""275"": 2, ""100"": 2}"
municipalidades_2022,C96_1_2_6,large_string,text,1874,0,0.0,0,0.0,0,0.0,1874,518,27.6414,media,1,10,2.4925,1509,80.5229,0.0,972597.0,3922.1564,0.0,0.0,0.0,,,0.0,,,,"[""38337,1"", ""0"", ""1258"", ""186007,9"", ""7654,2""]","{""0"": 1335, ""330"": 4, ""100"": 4, ""10"": 3, ""60"": 3, ""20"": 3, ""50"": 3, ""200"": 2, ""36"": 2, ""600"": 2}"
municipalidades_2022,C96_1_2_7,large_string,text,1874,0,0.0,0,0.0,0,0.0,1874,1016,54.2156,media_alta,1,10,3.9525,1112,59.3383,0.0,315280.0,2256.652,0.0,71.25,71.25,240,21.5827,0.0,,,,"[""134210,22"", ""0"", ""800"", ""3875,8"", ""100""]","{""0"": 803, ""50"": 7, ""100"": 6, ""400"": 5, ""600"": 4, ""60"": 4, ""180"": 3, ""10"": 3, ""102"": 3, ""15"": 3}"
municipalidades_2022,C96_1_2_8,large_string,text,1874,0,0.0,0,0.0,0,0.0,1874,1116,59.5518,media_alta,1,10,4.0603,1053,56.19,0.0,335170.0,2422.6847,0.0,165.0,165.0,219,20.7977,0.0,,,,"[""251581,96"", ""0"", ""10"", ""415,7"", ""920,7""]","{""0"": 712, ""10"": 9, ""60"": 6, ""30"": 5, ""150"": 4, ""2000"": 3, ""20"": 3, ""40"": 3, ""120"": 3, ""50"": 3}"
municipalidades_2022,C96_1_2_9,large_string,categorical_text,1874,0,0.0,0,0.0,0,0.0,1874,147,7.8442,media,1,9,1.2828,1817,96.9584,0.0,176283.0,477.7479,0.0,0.0,0.0,,,0.0,,,,"[""0"", ""130"", ""85"", ""12788,6"", ""600""]","{""0"": 1722, ""50"": 3, ""85"": 2, ""600"": 2, ""400"": 2, ""285"": 2, ""2810"": 1, ""183972,1"": 1, ""22678,6"": 1, ""549,6"": 1}"
municipalidades_2022,C96_1_2_10,large_string,integer,1874,0,0.0,0,0.0,0,0.0,1874,16,0.8538,baja_categorica,1,8,1.0197,1871,99.8399,0.0,2613.0,4.1053,0.0,0.0,0.0,,,0.0,,,,"[""0"", ""16"", ""45"", ""745"", ""1466""]","{""0"": 1859, ""16"": 1, ""45"": 1, ""745"": 1, ""1466"": 1, ""170"": 1, ""100"": 1, ""2613"": 1, ""7"": 1, ""150"": 1}"
municipalidades_2022,C96_1_2_11,large_string,integer,1874,0,0.0,0,0.0,0,0.0,1874,47,2.508,baja_categorica,1,9,1.1067,1845,98.4525,0.0,171360.0,114.4163,0.0,0.0,0.0,,,0.0,,,,"[""318071,8"", ""0"", ""40304,65"", ""6094,9"", ""18683,1""]","{""0"": 1828, ""24830,48"": 1, ""171360"": 1, ""21067,8"": 1, ""764,9"": 1, ""400"": 1, ""4617,3"": 1, ""44203,1"": 1, ""3046,3"": 1, ""453,9"": 1}"
municipalidades_2022,C96_1_2_12,large_string,text,1874,0,0.0,0,0.0,0,0.0,1874,399,21.2914,media,1,10,2.0491,1683,89.8079,0.0,894465.0,4626.3607,0.0,0.0,0.0,,,0.0,,,,"[""500"", ""0"", ""290"", ""260"", ""18081""]","{""0"": 1469, ""500"": 4, ""60"": 3, ""1920"": 2, ""430"": 2, ""52884"": 1, ""4028"": 1, ""10418,3"": 1, ""25060"": 1, ""54515,35"": 1}"
municipalidades_2022,C96_1_2_13,large_string,text,1874,0,0.0,0,0.0,0,0.0,1874,263,14.0342,media,1,10,1.6393,1761,93.9701,0.0,567257.0,1948.6735,0.0,0.0,0.0,,,0.0,,,,"[""26906,45"", ""0"", ""150"", ""2930"", ""3316""]","{""0"": 1604, ""300"": 3, ""5000"": 2, ""150"": 2, ""400"": 2, ""500"": 2, ""3010"": 2, ""60"": 2, ""440"": 1, ""2500"": 1}"
municipalidades_2022,C96_1_2_14,large_string,text,1874,0,0.0,0,0.0,0,0.0,1874,206,10.9925,media,1,10,1.476,1796,95.8378,0.0,1038762.0,3544.505,0.0,0.0,0.0,,,0.0,,,,"[""6980"", ""0"", ""265768,1"", ""151675,88"", ""4585,53""]","{""0"": 1665, ""2700"": 2, ""100"": 2, ""200"": 2, ""30"": 2, ""6980"": 1, ""24219,85"": 1, ""15470"": 1, ""1145710,59"": 1, ""14440"": 1}"
municipalidades_2022,C96_1_2_15,large_string,categorical_text,1874,0,0.0,0,0.0,0,0.0,1874,77,4.1089,baja_categorica,1,9,1.1798,1835,97.9189,0.0,5304917.0,4659.6311,0.0,0.0,0.0,,,0.0,,,,"[""0"", ""69668,9"", ""31891,18"", ""16752"", ""80""]","{""0"": 1797, ""5"": 2, ""1084,2"": 1, ""15029,99"": 1, ""1046243,7"": 1, ""8246,9"": 1, ""40851,6"": 1, ""5099,16"": 1, ""96717,4"": 1, ""110646"": 1}"
municipalidades_2022,C96_1_2_16,large_string,text,1874,0,0.0,0,0.0,0,0.0,1874,252,13.4472,media,1,9,1.5149,1767,94.2903,0.0,341280.0,852.9915,0.0,0.0,0.0,,,0.0,,,,"[""8939,3"", ""0"", ""1000"", ""4220"", ""18""]","{""0"": 1604, ""60"": 5, ""50"": 4, ""500"": 3, ""30"": 3, ""10"": 3, ""100"": 2, ""40"": 2, ""3159"": 2, ""15"": 2}"
municipalidades_2022,C96_1_2_17,large_string,text,1874,0,0.0,0,0.0,0,0.0,1874,1158,61.793,media_alta,1,10,4.1585,1284,68.5165,0.0,1440660.0,13544.0678,0.0,7949.5,7949.5,188,14.6417,0.0,,,,"[""867710,66"", ""0"", ""3750"", ""413"", ""11645""]","{""0"": 676, ""50"": 4, ""100"": 4, ""1500"": 4, ""400"": 3, ""300"": 3, ""200"": 3, ""750"": 2, ""2390"": 2, ""1800"": 2}"
municipalidades_2022,C96_1_2_18,large_string,text,1874,0,0.0,0,0.0,0,0.0,1874,1226,65.4216,media_alta,1,12,4.8559,948,50.587,0.0,1981200.0,6138.8017,0.0,529.75,529.75,192,20.2532,0.0,,,,"[""1611634,49"", ""0"", ""5118,81"", ""3554,4"", ""25026,8""]","{""0"": 609, ""30"": 5, ""100"": 4, ""60"": 4, ""350"": 3, ""480"": 3, ""70"": 3, ""800"": 2, ""300"": 2, ""500"": 2}"
municipalidades_2022,C96_1_2_19,large_string,text,1874,0,0.0,0,0.0,0,0.0,1874,360,19.2102,media,1,10,1.7828,1707,91.0886,0.0,631950.0,1341.655,0.0,0.0,0.0,,,0.0,,,,"[""0"", ""642"", ""410"", ""2691"", ""125""]","{""0"": 1449, ""10"": 15, ""5"": 8, ""20"": 7, ""30"": 4, ""40"": 4, ""100"": 4, ""1000"": 3, ""1300"": 3, ""6"": 3}"
municipalidades_2022,C96_1_3,large_string,text,1874,0,0.0,0,0.0,0,0.0,1874,1872,99.8933,alta_posible_identificador,1,12,7.9344,25,1.334,0.0,1239207.0,189119.32,3817.0,130153.0,126336.0,5,20.0,0.0,,,,"[""19880,17"", ""317,32"", ""168847,42"", ""688,27"", ""85058,65""]","{""0"": 3, ""19880,17"": 1, ""10469,33"": 1, ""36911,07"": 1, ""37774,99"": 1, ""41405,76"": 1, ""7648,83"": 1, ""7527,7"": 1, ""20041,81"": 1, ""8209,79"": 1}"
municipalidades_2022,C96_1_3_1,large_string,text,1874,0,0.0,0,0.0,0,0.0,1874,1299,69.317,media_alta,1,12,5.8453,683,36.4461,0.0,1341641.0,14050.06,0.0,0.0,0.0,,,0.0,,,,"[""6292,8"", ""0"", ""168114,99"", ""84567,38"", ""1941,03""]","{""0"": 566, ""904,5"": 3, ""416,25"": 2, ""20685"": 2, ""2283,75"": 2, ""2985"": 2, ""1941,03"": 2, ""294"": 2, ""67620,04"": 2, ""1356,75"": 2}"
municipalidades_2022,C96_1_3_2,large_string,text,1874,0,0.0,0,0.0,0,0.0,1874,1868,99.6798,alta_posible_identificador,1,10,7.0518,29,1.5475,0.0,370177.0,19942.0,6.0,9782.0,9776.0,3,10.3448,0.0,,,,"[""13587,37"", ""317,32"", ""732,43"", ""688,27"", ""491,27""]","{""0"": 7, ""13587,37"": 1, ""1193,91"": 1, ""13943,24"": 1, ""1982,91"": 1, ""7648,83"": 1, ""3005,2"": 1, ""20041,81"": 1, ""111,14"": 1, ""1561,56"": 1}"
municipalidades_2022,C96_1_4,large_string,text,1874,0,0.0,0,0.0,0,0.0,1874,636,33.9381,media,1,12,3.191,1339,71.4514,0.0,16370188.0,14387.1486,0.0,0.0,0.0,,,0.0,,,,"[""1504183,23"", ""0"", ""427940,06"", ""77030,35"", ""11160,73""]","{""0"": 1232, ""440"": 3, ""300"": 2, ""2200"": 2, ""86"": 2, ""1760"": 2, ""50"": 2, ""1070683,48"": 1, ""23294"": 1, ""709,1"": 1}"
municipalidades_2022,C96_1_5,large_string,text,1874,0,0.0,0,0.0,0,0.0,1874,820,43.7567,media,1,12,3.3869,1263,67.3959,0.0,806430.0,4170.1449,0.0,0.0,0.0,,,0.0,,,,"[""18793,34"", ""0"", ""513,16"", ""50"", ""12765,28""]","{""0"": 1025, ""20"": 6, ""10"": 4, ""50"": 3, ""120"": 3, ""10000"": 3, ""18000"": 2, ""2200"": 2, ""320"": 2, ""235"": 2}"
municipalidades_2022,C96_2,large_string,categorical_text,1874,0,0.0,0,0.0,0,0.0,1874,122,6.5101,media,1,10,1.3287,1804,96.2647,0.0,852051.0,1292.9551,0.0,0.0,0.0,,,0.0,,,,"[""0"", ""12020"", ""79826,6"", ""455000"", ""425,6""]","{""0"": 1753, ""302406,99"": 1, ""100441,07"": 1, ""4,5"": 1, ""3298"": 1, ""7561"": 1, ""38140"": 1, ""3000"": 1, ""115315,83"": 1, ""4471,9"": 1}"
municipalidades_2022,C96_2_1,large_string,categorical_text,1874,0,0.0,0,0.0,0,0.0,1874,71,3.7887,baja_categorica,1,10,1.2199,1822,97.2252,0.0,852051.0,1042.3677,0.0,0.0,0.0,,,0.0,,,,"[""0"", ""455000"", ""425,6"", ""837413,09"", ""102842,27""]","{""0"": 1804, ""115315,83"": 1, ""435019,8"": 1, ""143170,94"": 1, ""37111,55"": 1, ""302406,99"": 1, ""10326,5"": 1, ""3000"": 1, ""4471,9"": 1, ""204,4"": 1}"
municipalidades_2022,C96_2_2,large_string,integer,1874,0,0.0,0,0.0,0,0.0,1874,56,2.9883,baja_categorica,1,9,1.1174,1854,98.9328,0.0,81100.0,277.6143,0.0,0.0,0.0,,,0.0,,,,"[""0"", ""12020"", ""79826,6"", ""66551"", ""14423,9""]","{""0"": 1818, ""300"": 2, ""15"": 1, ""11774"": 1, ""29370"": 1, ""2143,5"": 1, ""4061"": 1, ""150"": 1, ""2785,5"": 1, ""16100"": 1}"
municipalidades_2022,C96_3,large_string,text,1874,0,0.0,0,0.0,0,0.0,1874,1874,100.0,alta_posible_identificador,7,12,10.0011,11,0.587,1118815.0,24612468.0,6673626.5455,2313827.0,7149000.0,4835173.0,2,18.1818,0.0,,,,"[""8234337,95"", ""937684,48"", ""679935,65"", ""1051350,03"", ""1038553,96""]","{""8234337,95"": 1, ""792740,13"": 1, ""2697399,52"": 1, ""2651363,73"": 1, ""2042687,24"": 1, ""2575047,59"": 1, ""6153624,35"": 1, ""1971924,8"": 1, ""2360693,77"": 1, ""1213106,92"": 1}"
municipalidades_2022,C96_3_1,large_string,text,1874,0,0.0,0,0.0,0,0.0,1874,1806,96.3714,alta_posible_identificador,1,12,8.3709,156,8.3244,0.0,10183306.0,236373.7756,0.0,43724.5,43724.5,32,20.5128,0.0,,,,"[""3,23"", "",29"", ""0"", "",59"", ""1,17""]","{""0"": 43, "",29"": 19, "",59"": 6, ""1,47"": 3, "",88"": 2, ""269,58"": 1, ""484,29"": 1, ""484,61"": 1, ""2518,89"": 1, ""918,28"": 1}"
municipalidades_2022,C96_3_1_1,large_string,categorical_text,1874,0,0.0,0,0.0,0,0.0,1874,125,6.6702,media,1,11,1.5448,1755,93.6499,0.0,1802850.0,2201.4912,0.0,0.0,0.0,,,0.0,,,,"[""0"", ""502564"", ""3553747,62"", ""3673233,02"", ""3973121,97""]","{""0"": 1750, ""8923786,99"": 1, ""1871491,01"": 1, ""542416,8"": 1, ""1297978,91"": 1, ""1393353,99"": 1, ""2018861,45"": 1, ""2406377,81"": 1, ""1556653,86"": 1, ""1253561,69"": 1}"
municipalidades_2022,C96_3_1_2,large_string,categorical_text,1874,0,0.0,0,0.0,0,0.0,1874,76,4.0555,baja_categorica,1,11,1.3234,1800,96.0512,0.0,11.0,0.0061,0.0,0.0,0.0,,,0.0,,,,"[""0"", ""3762805,62"", ""208602,42"", ""3762350,04"", ""382897,74""]","{""0"": 1799, ""16186707,65"": 1, ""4247818,27"": 1, ""14177161,55"": 1, ""964816,58"": 1, ""1566327,63"": 1, ""1272951,01"": 1, ""1616903,89"": 1, ""5228706,63"": 1, ""58164,68"": 1}"
municipalidades_2022,C96_3_1_3,large_string,text,1874,0,0.0,0,0.0,0,0.0,1874,1736,92.6361,media_alta,1,11,7.6713,241,12.8602,0.0,2553042.0,86286.2697,0.0,22927.0,22927.0,51,21.1618,0.0,,,,"[""3,23"", "",29"", ""0"", "",59"", ""1,17""]","{""0"": 81, "",29"": 23, "",59"": 11, "",88"": 5, ""1,47"": 5, ""3,23"": 4, ""1,76"": 4, ""2,05"": 3, ""3,81"": 3, ""2,35"": 2}"
municipalidades_2022,C96_3_1_4,large_string,categorical_text,1874,0,0.0,0,0.0,0,0.0,1874,114,6.0832,media,1,12,1.5539,1761,93.9701,0.0,0.0,0.0,0.0,0.0,0.0,,,0.0,,,,"[""0"", ""31631169,62"", ""2006067,62"", ""7299533,95"", ""22960776,71""]","{""0"": 1761, ""1689587,12"": 1, ""5267767,45"": 1, ""402806,23"": 1, ""2557104,82"": 1, ""2114621,91"": 1, ""1909514,49"": 1, ""252319765,35"": 1, ""17827293,85"": 1, ""14204003,86"": 1}"
municipalidades_2022,C96_3_1_5,large_string,text,1874,0,0.0,0,0.0,0,0.0,1874,1193,63.6606,media_alta,1,10,5.1585,692,36.9264,0.0,375328.0,1235.8237,0.0,0.0,0.0,,,0.0,,,,"[""0"", ""28487,82"", ""1933,41"", ""126,8"", ""1688,1""]","{""0"": 682, ""189171,09"": 1, ""45762,35"": 1, ""36302,46"": 1, ""20646,05"": 1, ""25453,78"": 1, ""79059,09"": 1, ""57400,67"": 1, ""63121,62"": 1, ""89656,82"": 1}"
municipalidades_2022,C96_3_1_6,large_string,text,1874,0,0.0,0,0.0,0,0.0,1874,742,39.5945,media,1,10,3.5731,1145,61.0993,0.0,130026.0,384.3555,0.0,0.0,0.0,,,0.0,,,,"[""0"", ""656132,91"", ""43611,92"", ""2761,09"", ""37858,95""]","{""0"": 1133, ""17891,48"": 1, ""362,81"": 1, ""775823,11"": 1, ""193873,21"": 1, ""304163,26"": 1, ""419062,82"": 1, ""594867,23"": 1, ""17032,91"": 1, ""19033,47"": 1}"
municipalidades_2022,C96_3_1_7,large_string,categorical_text,1874,0,0.0,0,0.0,0,0.0,1874,32,1.7076,baja_categorica,1,7,1.0672,1817,96.9584,0.0,1.0,0.0006,0.0,0.0,0.0,,,0.0,,,,"[""0"", "",15"", "",17"", "",14"", ""3,41""]","{""0"": 1816, "",02"": 12, "",01"": 7, "",03"": 4, "",08"": 3, "",05"": 3, "",06"": 2, "",16"": 2, "",04"": 2, ""1"": 1}"
municipalidades_2022,C96_3_2,large_string,text,1874,0,0.0,0,0.0,0,0.0,1874,1628,86.873,media_alta,1,12,7.6451,262,13.9808,0.0,34152978.0,161981.4504,0.0,0.0,0.0,,,0.0,,,,"[""0"", "",04"", "",19"", "",07"", ""122,66""]","{""0"": 247, ""1501,58"": 1, ""4729,44"": 1, ""20478,76"": 1, ""14060,03"": 1, ""10192,96"": 1, ""9640,8"": 1, ""14428,11"": 1, ""8656,16"": 1, ""23998,09"": 1}"
municipalidades_2022,C96_3_2_1,large_string,text,1874,0,0.0,0,0.0,0,0.0,1874,407,21.7182,media,1,11,2.6323,1476,78.762,0.0,9781310.0,8541.6924,0.0,0.0,0.0,,,0.0,,,,"[""0"", ""11576964,39"", ""2607424,17"", ""822709,59"", ""933984,16""]","{""0"": 1468, ""551365,63"": 1, ""23693,98"": 1, ""61773,48"": 1, ""49054,62"": 1, ""27840,83"": 1, ""34308,94"": 1, ""675912,44"": 1, ""77517,06"": 1, ""84871,69"": 1}"
municipalidades_2022,C96_3_2_2,large_string,text,1874,0,0.0,0,0.0,0,0.0,1874,1612,86.0192,media_alta,1,12,7.461,276,14.7279,0.0,34152978.0,148021.2283,0.0,0.0,0.0,,,0.0,,,,"[""0"", "",04"", "",19"", "",07"", ""122,66""]","{""0"": 263, ""367294,67"": 1, ""25080,28"": 1, ""5880,88"": 1, ""48228,33"": 1, ""96779,3"": 1, ""552,39"": 1, ""8643,76"": 1, ""13716,7"": 1, ""123727,14"": 1}"
municipalidades_2022,C96_3_3,large_string,text,1874,0,0.0,0,0.0,0,0.0,1874,1586,84.6318,media_alta,6,12,9.6329,16,0.8538,592130.0,30689710.0,6921232.3125,1328120.25,8671979.5,7343859.25,2,12.5,0.0,,,,"[""7298613,87"", ""591695,81"", ""592883,65"", ""639438,15"", ""1316794,95""]","{""591695,81"": 285, ""556186,81"": 4, ""584195,81"": 2, ""5962311,97"": 1, ""10002784,37"": 1, ""189687714,69"": 1, ""7022732,12"": 1, ""3778408,98"": 1, ""4945259,56"": 1, ""2623278,4"": 1}"
municipalidades_2022,C96_3_4,large_string,integer,1874,0,0.0,0,0.0,0,0.0,1874,1606,85.699,media_alta,1,9,5.1654,1871,99.8399,0.0,12168475.0,319827.21,66306.0,321684.5,255378.5,198,10.5826,0.0,,,,"[""438578"", ""66371"", ""87052"", ""66294"", ""19091""]","{""0"": 224, ""19091"": 23, ""19090"": 10, ""66393"": 3, ""226670"": 2, ""66737"": 2, ""66599"": 2, ""67235"": 2, ""66774"": 2, ""65849"": 2}"
municipalidades_2022,C96_3_5,large_string,text,1874,0,0.0,0,0.0,0,0.0,1874,1347,71.8783,media_alta,1,11,5.9973,1187,63.3404,0.0,24510411.0,474455.7018,0.0,510478.5,510478.5,76,6.4027,0.0,,,,"[""497142,85"", ""279617,38"", ""0"", ""393360,22"", ""427766,86""]","{""0"": 451, ""100000"": 22, ""160000"": 18, ""200000"": 6, ""300000"": 6, ""150000"": 5, ""159997"": 3, ""159995"": 3, ""900000"": 3, ""312000"": 3}"
municipalidades_2022,C96_4,large_string,text,1874,0,0.0,0,0.0,0,0.0,1874,1873,99.9466,alta_posible_identificador,1,12,9.6297,128,6.8303,0.0,44216146.0,2698562.3047,414169.5,3408895.5,2994726.0,7,5.4688,0.0,,,,"[""15444970,51"", ""327549,8"", ""522600,9"", ""1031368,89"", ""222698,54""]","{""0"": 2, ""15444970,51"": 1, ""6201402,46"": 1, ""5329176,21"": 1, ""5590202,4"": 1, ""2983359,63"": 1, ""14824982,04"": 1, ""204350,3"": 1, ""6267550,95"": 1, ""4991071,44"": 1}"
municipalidades_2022,C96_4_1,large_string,text,1874,0,0.0,0,0.0,0,0.0,1874,1656,88.3671,media_alta,1,12,7.2343,993,52.9883,0.0,26691418.0,1086138.0191,20370.0,318320.0,297950.0,201,20.2417,0.0,,,,"[""11289976,54"", ""94104"", ""399379"", ""925808,59"", ""178955""]","{""0"": 219, ""11289976,54"": 1, ""8213293,45"": 1, ""35174905,87"": 1, ""11304709,34"": 1, ""6269084,33"": 1, ""651460,77"": 1, ""6523287"": 1, ""2679564,82"": 1, ""9787755,79"": 1}"
municipalidades_2022,C96_4_2,large_string,text,1874,0,0.0,0,0.0,0,0.0,1874,1869,99.7332,alta_posible_identificador,1,12,9.0507,235,12.54,0.0,33429064.0,1878889.4936,243549.5,1954259.0,1710709.5,27,11.4894,0.0,,,,"[""4154993,97"", ""233445,8"", ""123221,9"", ""105560,3"", ""43743,54""]","{""0"": 6, ""4154993,97"": 1, ""666747,91"": 1, ""728963,3"": 1, ""884170,4"": 1, ""2909539,63"": 1, ""8032421,03"": 1, ""179566,3"": 1, ""887002,86"": 1, ""1547235,83"": 1}"
municipalidades_2022,VFI_C97,large_string,categorical_indicator,1874,0,0.0,0,0.0,0,0.0,1874,1,0.0534,baja_categorica,1,1,1.0,1874,100.0,1.0,1.0,1.0,1.0,1.0,0.0,,,0.0,,,,"[""1""]","{""1"": 1874}"
municipalidades_2022,C97,large_string,text,1874,0,0.0,0,0.0,0,0.0,1874,1874,100.0,alta_posible_identificador,7,13,10.2572,18,0.9605,1377444.0,25934729.0,8660751.8889,3174524.75,10718737.75,7544213.0,2,11.1111,0.0,,,,"[""29581273,12"", ""976582,75"", ""1303334,7"", ""2132187,2"", ""1380533,45""]","{""29581273,12"": 1, ""2322433,87"": 1, ""15719206,59"": 1, ""8518086,37"": 1, ""9143615,87"": 1, ""6285631,07"": 1, ""26102890,57"": 1, ""3090746,84"": 1, ""8711320,5"": 1, ""5917796,09"": 1}"
municipalidades_2022,C97_1,large_string,text,1874,0,0.0,0,0.0,0,0.0,1874,1874,100.0,alta_posible_identificador,6,12,9.8773,16,0.8538,546078.0,46177369.0,9966638.0625,1950039.25,8561622.0,6611582.75,2,12.5,0.0,,,,"[""23099478,14"", ""679264,41"", ""716551,32"", ""852178,64"", ""989995,45""]","{""23099478,14"": 1, ""1254325,35"": 1, ""3467696,35"": 1, ""2952630,11"": 1, ""2643607,81"": 1, ""4657372,74"": 1, ""13622362,16"": 1, ""2709409,8"": 1, ""2396104,31"": 1, ""1033645,95"": 1}"
municipalidades_2022,C97_1_1,large_string,text,1874,0,0.0,0,0.0,0,0.0,1874,1855,98.9861,alta_posible_identificador,5,12,8.5411,278,14.8346,51532.0,5911618.0,154420.2014,75660.0,130351.75,54691.75,23,8.2734,0.0,,,,"[""1838161,34"", ""53976"", ""81544"", ""56472"", ""80279""]","{""62608"": 4, ""82524"": 4, ""73164"": 3, ""77844"": 3, ""57928"": 3, ""99268"": 2, ""94750"": 2, ""76464"": 2, ""85824"": 2, ""61828"": 2}"
municipalidades_2022,C97_1_2,large_string,text,1874,0,0.0,0,0.0,0,0.0,1874,1871,99.8399,alta_posible_identificador,4,11,7.3661,603,32.1772,2499.0,1518940.0,73447.9884,22432.5,89908.5,67476.0,36,5.9701,0.0,,,,"[""790053,36"", ""4233,6"", ""22364,5"", ""12129"", ""26941""]","{""79872"": 2, ""5470"": 2, ""36432"": 2, ""790053,36"": 1, ""653437,91"": 1, ""184885,18"": 1, ""177909,2"": 1, ""228126,03"": 1, ""174093,4"": 1, ""145238,15"": 1}"
municipalidades_2022,C97_1_3,large_string,text,1874,0,0.0,0,0.0,0,0.0,1874,1874,100.0,alta_posible_identificador,6,12,9.7492,31,1.6542,319443.0,28848772.0,3613518.4194,860642.5,3367329.0,2506686.5,4,12.9032,0.0,,,,"[""20266469,94"", ""620330,81"", ""610635,88"", ""782757,64"", ""882775,45""]","{""20266469,94"": 1, ""624503,22"": 1, ""1809402,28"": 1, ""1676592,33"": 1, ""1234243,34"": 1, ""2753933,79"": 1, ""9375655,48"": 1, ""1600895,77"": 1, ""1521980,71"": 1, ""742164,49"": 1}"
municipalidades_2022,C97_1_4,large_string,text,1874,0,0.0,0,0.0,0,0.0,1874,719,38.3671,media,1,11,3.3378,1700,90.715,0.0,1397000.0,44873.6282,0.0,32964.0,32964.0,215,12.6471,0.0,,,,"[""83686"", ""0"", ""39551,8"", ""31914,51"", ""13713,24""]","{""0"": 940, ""12000"": 18, ""6000"": 18, ""24000"": 14, ""26400"": 10, ""18000"": 9, ""48000"": 8, ""72000"": 8, ""9000"": 7, ""3000"": 6}"
municipalidades_2022,C97_1_5,large_string,text,1874,0,0.0,0,0.0,0,0.0,1874,953,50.8538,media_alta,1,11,3.9146,1351,72.0918,0.0,1058814.0,8531.393,0.0,4000.0,4000.0,231,17.0984,0.0,,,,"[""121107,5"", ""724"", ""2006,94"", ""820"", ""0""]","{""0"": 840, ""4000"": 6, ""6000"": 6, ""10000"": 6, ""1500"": 6, ""2000"": 6, ""2500"": 5, ""12000"": 4, ""3000"": 4, ""16000"": 4}"
municipalidades_2022,C97_2,large_string,text,1874,0,0.0,0,0.0,0,0.0,1874,1874,100.0,alta_posible_identificador,4,12,9.8959,33,1.7609,8000.0,20965518.0,4171448.6364,253353.0,6364900.0,6111547.0,3,9.0909,0.0,,,,"[""6481794,98"", ""297318,34"", ""586783,38"", ""1280008,56"", ""390538""]","{""6481794,98"": 1, ""1068108,52"": 1, ""12251510,24"": 1, ""5565456,26"": 1, ""6500008,06"": 1, ""1628258,33"": 1, ""12480528,41"": 1, ""381337,04"": 1, ""6315216,19"": 1, ""4884150,14"": 1}"
municipalidades_2022,C97_2_2,large_string,text,1874,0,0.0,0,0.0,0,0.0,1874,1874,100.0,alta_posible_identificador,4,12,9.8954,32,1.7076,8000.0,20965518.0,4100403.2812,242204.75,5030181.0,4787976.25,5,15.625,0.0,,,,"[""6481794,98"", ""297318,34"", ""586783,38"", ""1280008,56"", ""390538""]","{""6481794,98"": 1, ""1068108,52"": 1, ""12251510,24"": 1, ""5565456,26"": 1, ""6500008,06"": 1, ""1628258,33"": 1, ""12480528,41"": 1, ""381337,04"": 1, ""6315216,19"": 1, ""4884150,14"": 1}"
municipalidades_2022,C97_2_2_1,large_string,integer,1874,0,0.0,0,0.0,0,0.0,1874,6,0.3202,baja_categorica,1,7,1.0117,1872,99.8933,0.0,15000.0,11.3141,0.0,0.0,0.0,,,0.0,,,,"[""0"", ""10658,5"", ""5000"", ""15000"", ""1180""]","{""0"": 1869, ""10658,5"": 1, ""5000"": 1, ""15000"": 1, ""1180"": 1, ""27087,7"": 1}"
municipalidades_2022,C97_2_2_2,large_string,text,1874,0,0.0,0,0.0,0,0.0,1874,1515,80.8431,media_alta,1,11,5.6542,1154,61.5795,0.0,4396838.0,79671.7175,0.0,34408.75,34408.75,173,14.9913,0.0,,,,"[""438444,42"", ""4480"", ""0"", ""9300"", ""750""]","{""0"": 304, ""5000"": 5, ""3200"": 4, ""1000"": 4, ""3000"": 3, ""1150"": 3, ""4500"": 3, ""13000"": 3, ""2500"": 3, ""3750"": 3}"
municipalidades_2022,C97_2_2_3,large_string,text,1874,0,0.0,0,0.0,0,0.0,1874,1868,99.6798,alta_posible_identificador,1,12,9.7503,48,2.5614,0.0,32359495.0,2783267.1667,43924.0,3003636.25,2959712.25,5,10.4167,0.0,,,,"[""4827433,71"", ""234595"", ""453983,38"", ""1137399,18"", ""316713""]","{""0"": 7, ""4827433,71"": 1, ""8680437,33"": 1, ""6099918,87"": 1, ""1570809,83"": 1, ""11461722,25"": 1, ""120666"": 1, ""4611304,04"": 1, ""4565474,13"": 1, ""7287354,47"": 1}"
municipalidades_2022,C97_2_2_3_1,large_string,text,1874,0,0.0,0,0.0,0,0.0,1874,820,43.7567,media,1,11,4.3469,1162,62.0064,0.0,22779612.0,53274.8632,0.0,0.0,0.0,,,0.0,,,,"[""0"", ""102864,7"", ""3000"", ""85184,25"", ""21036""]","{""0"": 1046, ""1250"": 2, ""4000"": 2, ""5000"": 2, ""10000"": 2, ""1000"": 2, ""11500"": 2, ""3500"": 2, ""2500"": 2, ""3000"": 2}"
municipalidades_2022,C97_2_2_3_2,large_string,text,1874,0,0.0,0,0.0,0,0.0,1874,292,15.5816,media,1,11,2.0923,1634,87.1932,0.0,2000000.0,4654.8341,0.0,0.0,0.0,,,0.0,,,,"[""0"", ""130748,4"", ""84063,56"", ""100000"", ""60028,74""]","{""0"": 1583, ""24276,8"": 1, ""1367518,02"": 1, ""189261,04"": 1, ""3325987,7"": 1, ""64558,1"": 1, ""12796,42"": 1, ""4939614,52"": 1, ""4097594,74"": 1, ""1811883,47"": 1}"
municipalidades_2022,C97_2_2_3_3,large_string,text,1874,0,0.0,0,0.0,0,0.0,1874,488,26.0406,media,1,11,2.8634,1459,77.8549,0.0,622372.0,3457.7128,0.0,0.0,0.0,,,0.0,,,,"[""0"", ""120502,6"", ""114458,3"", ""18816"", ""46705,76""]","{""0"": 1385, ""7000"": 3, ""1937,5"": 1, ""899984,04"": 1, ""1061036,32"": 1, ""26350"": 1, ""3464,19"": 1, ""306971,54"": 1, ""15196,03"": 1, ""19338,2"": 1}"
municipalidades_2022,C97_2_2_3_4,large_string,text,1874,0,0.0,0,0.0,0,0.0,1874,1229,65.5816,media_alta,1,11,6.1067,781,41.6756,0.0,9540237.0,88983.5378,0.0,0.0,0.0,,,0.0,,,,"[""0"", ""453983,38"", ""829600,21"", ""5437368,54"", ""5396398,03""]","{""0"": 643, ""35000"": 2, ""2500"": 2, ""3000"": 2, ""2072647,53"": 1, ""609976,23"": 1, ""1690251,47"": 1, ""3662811,7"": 1, ""90031,4"": 1, ""266401,33"": 1}"
municipalidades_2022,C97_2_2_3_5,large_string,text,1874,0,0.0,0,0.0,0,0.0,1874,801,42.7428,media,1,11,4.1494,1189,63.4472,0.0,8021413.0,22215.8141,0.0,0.0,0.0,,,0.0,,,,"[""0"", ""479235,34"", ""128990,42"", ""8000"", ""35371""]","{""0"": 1067, ""2000"": 3, ""5000"": 2, ""5200"": 2, ""3000"": 2, ""4500"": 2, ""2500"": 2, ""518519,2"": 1, ""94453,7"": 1, ""10000"": 1}"
municipalidades_2022,C97_2_2_3_6,large_string,text,1874,0,0.0,0,0.0,0,0.0,1874,252,13.4472,media,1,11,1.913,1673,89.2743,0.0,656962.0,1641.893,0.0,0.0,0.0,,,0.0,,,,"[""180839,86"", ""0"", ""59000"", ""357233,03"", ""13700""]","{""0"": 1621, ""32000"": 2, ""3000"": 2, ""180839,86"": 1, ""97680,14"": 1, ""1261580,28"": 1, ""104526,12"": 1, ""271202,09"": 1, ""115885,83"": 1, ""275538,25"": 1}"
municipalidades_2022,C97_2_2_3_7,large_string,text,1874,0,0.0,0,0.0,0,0.0,1874,1588,84.7385,media_alta,1,12,7.7337,437,23.3191,0.0,6160000.0,116402.4325,0.0,23718.0,23718.0,86,19.6796,0.0,,,,"[""4282884,66"", ""155045"", ""0"", ""187296,37"", ""316713""]","{""0"": 285, ""30000"": 2, ""16000"": 2, ""4282884,66"": 1, ""142511,11"": 1, ""15184,36"": 1, ""2780681,03"": 1, ""7835452,53"": 1, ""959869,18"": 1, ""3148607,34"": 1}"
municipalidades_2022,C97_2_2_3_8,large_string,text,1874,0,0.0,0,0.0,0,0.0,1874,506,27.0011,media,1,11,2.9616,1437,76.6809,0.0,1161535.0,5644.6604,0.0,0.0,0.0,,,0.0,,,,"[""0"", ""85348,72"", ""276900,45"", ""224012,82"", ""61851,25""]","{""0"": 1363, ""4000"": 4, ""12000"": 2, ""3000"": 2, ""10800"": 2, ""576659,84"": 1, ""4549308,47"": 1, ""329336,72"": 1, ""1035330,39"": 1, ""3254458,73"": 1}"
municipalidades_2022,C97_2_2_3_9,large_string,text,1874,0,0.0,0,0.0,0,0.0,1874,256,13.6606,media,1,11,1.9376,1671,89.1676,0.0,292011.0,1392.4213,0.0,0.0,0.0,,,0.0,,,,"[""0"", ""63037"", ""14170"", ""331161,25"", ""194289,46""]","{""0"": 1618, ""5000"": 2, ""117270,44"": 1, ""79397,79"": 1, ""799370,4"": 1, ""81293,84"": 1, ""905466,35"": 1, ""61400"": 1, ""119916,19"": 1, ""986104,66"": 1}"
municipalidades_2022,C97_2_2_3_10,large_string,text,1874,0,0.0,0,0.0,0,0.0,1874,1397,74.5464,media_alta,1,12,6.5742,648,34.5784,0.0,4431944.0,47115.4938,0.0,2117.5,2117.5,150,23.1481,0.0,,,,"[""363709,19"", ""79550"", ""0"", ""47209,71"", ""406576,6""]","{""0"": 475, ""2500"": 2, ""6000"": 2, ""15000"": 2, ""363709,19"": 1, ""170676,3"": 1, ""5328657,01"": 1, ""1406762,96"": 1, ""16715237,24"": 1, ""318274,36"": 1}"
municipalidades_2022,C97_2_2_3_11,large_string,text,1874,0,0.0,0,0.0,0,0.0,1874,205,10.9392,media,1,10,1.7156,1722,91.889,0.0,510938.0,1658.0441,0.0,0.0,0.0,,,0.0,,,,"[""0"", ""76749,48"", ""265599,45"", ""96672,41"", ""692,58""]","{""0"": 1668, ""5000"": 2, ""2000"": 2, ""77772,09"": 1, ""155905"": 1, ""65217,13"": 1, ""84898,71"": 1, ""293410,52"": 1, ""7399799,07"": 1, ""13050"": 1}"
municipalidades_2022,C97_2_2_4,large_string,text,1874,0,0.0,0,0.0,0,0.0,1874,1856,99.0395,alta_posible_identificador,1,12,8.3356,408,21.7716,0.0,5113866.0,190588.0613,58334.25,223993.75,165659.5,28,6.8627,0.0,,,,"[""1215916,85"", ""58243,34"", ""132800"", ""133309,38"", ""73825""]","{""0"": 4, ""47000"": 3, ""64000"": 2, ""20000"": 2, ""21500"": 2, ""92500"": 2, ""202000"": 2, ""16000"": 2, ""8000"": 2, ""256850"": 2}"
municipalidades_2022,C97_2_3,large_string,integer,1874,0,0.0,0,0.0,0,0.0,1874,102,5.4429,media,1,11,1.3901,1843,98.3458,0.0,7600566.0,24712.7206,0.0,0.0,0.0,,,0.0,,,,"[""0"", ""600000"", ""25627,61"", ""20000"", ""15000""]","{""0"": 1738, ""100000"": 8, ""15000"": 4, ""30000"": 4, ""300000"": 3, ""200000"": 3, ""1000000"": 3, ""80000"": 3, ""60000"": 3, ""40000"": 3}"
municipalidades_2022,C97_2_4,large_string,integer,1874,0,0.0,0,0.0,0,0.0,1874,26,1.3874,baja_categorica,1,8,1.0614,1871,99.8399,0.0,380000.0,902.0855,0.0,0.0,0.0,,,0.0,,,,"[""0"", ""5700"", ""20000"", ""42999,75"", ""200000""]","{""0"": 1847, ""200000"": 2, ""10000"": 2, ""180000"": 1, ""7000"": 1, ""4215"": 1, ""24000"": 1, ""25652"": 1, ""12000"": 1, ""2500"": 1}"
municipalidades_2022,C97_3,large_string,text,1874,0,0.0,0,0.0,0,0.0,1874,192,10.2455,media,1,12,1.8036,1691,90.2348,0.0,1113263.0,2045.9503,0.0,0.0,0.0,,,0.0,,,,"[""0"", ""516991,5"", ""79035,29"", ""20563,53"", ""149905,56""]","{""0"": 1683, ""516991,5"": 1, ""1444247,4"": 1, ""68961,4"": 1, ""106128,18"": 1, ""936613,99"": 1, ""15800,08"": 1, ""12222,73"": 1, ""13163,48"": 1, ""915278,22"": 1}"
